Condition_ID,Mercado,Lado,Tipo,Traders_Coincidentes,Capital_Visible_USD,Precio_Entrada_Promedio,Precio_Actual_Promedio,Ranking_Mejor,Calidad_Ranking,Peso_Lado,Traders,Peso_Total_Mercado,Capital_Total_Mercado,Traders_Totales_Mercado,Consenso_Neto,Oposicion_Peso,Oposicion_Capital_USD,WCI,Consenso_Porcentaje,Advertencia
0x86e8f678e6cebb9596ffbb5a736b2ff9f36b12905d5b65b1556329c28533c7a1,Will Manchester City win the 2026-27 English Premier League (EPL) Championship?,No,Direccional,2,667014.9395000001,0.70845,0.805,13,0.75,865.2198153381978,"BreakTheBank, ndb1",865.2198153381978,667014.9395000001,2,1.0,0.0,0.0,64.0,100.0,Revisar reglas: un pick NO puede incluir empate o una resolución distinta a clasificación.
0xf02d8d72bb96d84090d4f7d63e7837afb94f8d061e7a2cca8cf21732150e8815,Will Arsenal win the 2026-27 English Premier League (EPL) Championship?,Yes,Direccional,2,255318.0677,0.2458,0.615,13,0.75,444.3855071417535,"BreakTheBank, ndb1",444.3855071417535,255318.0677,2,1.0,0.0,0.0,64.0,100.0,
0x8e431cfa0e38229c2247d145199bdf7101c04a90be5791a5163dddcbf4b4cc26,Wuning 3: Ryan Seggerman vs Hikaru Shiraishi,Ryan Seggerman,Direccional,2,16506.6929,0.7469,0.9995,2,0.7,86.8999625243876,"RN1, ferrariChampions2026",86.8999625243876,16506.6929,2,1.0,0.0,0.0,63.6,100.0,
0x90ccd5a711854279acb4bfea911c0ef952c54d1d32e7db793047ff11d017295e,KBO: LG Twins vs. Samsung Lions,LG Twins,Direccional,2,704.6788,0.51115,0.52,1,0.875,30.217511089536423,"ndb1, swisstony",30.217511089536423,704.6788,2,1.0,0.0,0.0,63.1,100.0,
0x773b517a79fe8ac48e5185b7b7ef957892c6d4cdadfe74e356e134a424a7eff3,"Shanghai Rolex Masters, Qualification: Coleman Wong vs Lloyd Harris",Lloyd Harris,Direccional,4,17820.0346,0.343025,0.50125,2,0.5875,122.84019896558353,"CandleHammerDrums, RN1, ferrariChampions2026, omnibus-076daa",182.02932689208015,24276.6403,7,0.6748374070427228,59.189127926496624,6456.6057,59.1,67.5,
0xd73b81755d573d5abb591ab049ef6a5c535833296e8b1d3573558b6d12d686fe,Will Vancouver Whitecaps FC win on 2026-07-16?,Yes,Direccional,3,4156.7371,0.3954,0.425,1,0.65,76.78573222731183,"ferrariChampions2026, omnibus-076daa, swisstony",94.21150337237167,4460.3946000000005,4,0.8150356323666299,17.42577114505984,303.65750000000025,59.0,81.5,
0x6d00d9b9535bbef87ee5f4a410756ef5e67cdc46db90be3c143b3e8af01fea23,KBO: LG Twins vs. Lotte Giants,LG Twins,Direccional,2,300.75,0.7406,0.5,2,0.7,17.326027832110213,"RN1, ferrariChampions2026",17.326027832110213,300.75,2,1.0,0.0,0.0,58.6,100.0,
0xfa9ca02800f3a9acd4529e6674996b5c4fb41965a62e3806ba22e57700be5eab,Japan Open Tennis Championships: Carlos Alcaraz vs Jiri Lehecka,Carlos Alcaraz,Direccional,2,6443.113399999999,0.7649,0.775,31,0.47500000000000003,53.130758222593755,"ferrariChampions2026, omnibus-076daa",53.130758222593755,6443.113399999999,2,1.0,0.0,0.0,57.9,100.0,
0xec931a2f64001c9500bcf586dde036e0658576efd0ca3a650243013956d730ca,Game Handicap: BRO (-1.5) vs Natus Vincere (+1.5),Natus Vincere,Direccional,2,2400.0406000000003,0.5530999999999999,0.9995,31,0.47500000000000003,32.4373697561506,"ferrariChampions2026, omnibus-076daa",32.4373697561506,2400.0406000000003,2,1.0,0.0,0.0,56.7,100.0,
0x04cc84804449e26542c3ec40994c9b33196c8b6d6686ed7337f956e3e14bbe8c,LoL: HANJIN BRION vs Natus Vincere - Game 1 Winner,Natus Vincere,Direccional,2,2140.4776,0.40825,0.9995,31,0.47500000000000003,29.006850821676657,"ferrariChampions2026, omnibus-076daa",29.006850821676657,2140.4776,2,1.0,0.0,0.0,56.5,100.0,
0x27cc1353713752a5760f464d3958e66df7ee2c92a07e7e790913cd4b89346848,Villena: Diego Dedura-Palomero vs Jack Pinnington Jones,Diego Dedura-Palomero,Direccional,2,1283.3773,0.41495,0.435,31,0.47500000000000003,23.959210604746563,"ferrariChampions2026, omnibus-076daa",23.959210604746563,1283.3773,2,1.0,0.0,0.0,55.9,100.0,
0x5097b7d654b8933eb519ee24ac889ba675f7a9eb1c48de22f300bbeb9c127df6,"Shanghai Rolex Masters, Qualification: Kyrian Jacquet vs Rei Sakamoto",Rei Sakamoto,Direccional,3,13773.8416,0.544,0.415,2,0.65,98.93525070426081,"RN1, ferrariChampions2026, omnibus-076daa",152.42354270074202,15997.4988,5,0.6490811652272348,53.48829199648121,2223.6571999999996,55.5,64.9,
0x0a822eabaf1cd68b6fde70e4d36de2bfdddce458c154fe2dc8bebecf2660954d,LoL: HANJIN BRION vs Natus Vincere - Game 2 Winner,HANJIN BRION,Direccional,2,731.2124,0.38075000000000003,0.9995,31,0.47500000000000003,17.59573079448819,"ferrariChampions2026, omnibus-076daa",17.59573079448819,731.2124,2,1.0,0.0,0.0,55.2,100.0,
0x4f1740d8802a63a27df97da0548cfd86b866e2175a8d869c6335934045287179,"Shanghai Rolex Masters, Qualification: Mattia Bellucci vs Alexandre Muller",Alexandre Muller,Direccional,2,523.2457999999999,0.17445,0.045,31,0.47500000000000003,15.516805155834177,"ferrariChampions2026, omnibus-076daa",15.516805155834177,523.2457999999999,2,1.0,0.0,0.0,54.8,100.0,
0x2ad6e1cc23119471f584be5ccbe0e460cfbc92dd7c574cb7c16390378b10c781,W50 Heraklion: Jessica Bertoldo vs Leticia Romanova,Jessica Bertoldo,Direccional,2,974.9621,0.7155,0.9995,40,0.4,17.50293841390359,"CandleHammerDrums, ferrariChampions2026",17.50293841390359,974.9621,2,1.0,0.0,0.0,54.0,100.0,
0x6527416de62b41fc510368380c42c291e74e986e5705bf7666b38986ef56978c,M15 Burgas: Mattia Nannelli vs Rodion Chetverikov,Mattia Nannelli,Direccional,2,523.5364999999999,0.765,0.925,40,0.4,12.263167123858043,"CandleHammerDrums, ferrariChampions2026",12.263167123858043,523.5364999999999,2,1.0,0.0,0.0,53.3,100.0,
0x1522d3943a6535571880a41fc6461b739885977b294cef5b54e1e52c2bb2d4ba,China Open: Karolina Muchova vs Naomi Osaka,Karolina Muchova,Direccional,4,7183.4606,0.57175,0.5375000000000001,2,0.55,95.74907079631657,"CandleHammerDrums, RN1, ferrariChampions2026, jtwyslljy",186.98311516592213,13536.0956,7,0.5120733533150963,91.23404436960556,6352.635,52.4,51.2,
0x1522d3943a6535571880a41fc6461b739885977b294cef5b54e1e52c2bb2d4ba,China Open: Karolina Muchova vs Naomi Osaka,Naomi Osaka,Direccional,3,6352.635,0.43693333333333334,0.4633333333333334,2,0.65,91.23404436960556,"CandleHammerDrums, RN1, omnibus-076daa",186.98311516592213,13536.0956,7,0.48792664668490376,95.74907079631657,7183.4606,49.8,48.8,
0xd852e0f76587ed40d7092ca1036044ee8a516e17b17ee32e26623ea3c1b21ac7,LoL: HANJIN BRION vs Natus Vincere (BO3) - Demacia Cup Global Invitational Group Stage,Natus Vincere,Direccional,2,10718.9959,0.3883,0.335,31,0.47500000000000003,64.2676857818371,"ferrariChampions2026, omnibus-076daa",96.4118878194202,13198.83,4,0.6665950354816276,32.1442020375831,2479.8341,48.5,66.7,
0xc06b31188ed87081f9af3dd5ec63d0b4750042d2b8844399cc2198db1fec2777,England vs. Czechia: O/U 3.5,Over,Direccional,2,3064.4333,0.5145,0.515,31,0.47500000000000003,35.560729325815174,"ferrariChampions2026, omnibus-076daa",52.85891746792994,4053.6145,3,0.6727479681624249,17.298188142114768,989.1812,47.1,67.3,
0xe0aea6dfbd38dcbe571811532c76fef0ed61e11a5eda838cba836e96d4ae0fb0,"Shanghai Rolex Masters, Qualification: Dane Sweeny vs Kimmer Coppejans",Kimmer Coppejans,Direccional,2,4747.9779,0.5570999999999999,0.675,40,0.4,37.501088675958904,"CandleHammerDrums, ferrariChampions2026",54.15793514557161,5436.6956,4,0.692439410312808,16.656846469612702,688.7177000000001,46.8,69.2,
0x7ad403c3508f8e3912940fd1a913f227591145ca0614074208e0b962d5fcc422,Will JD Vance win the 2028 US Presidential Election?,No,Direccional,1,1827355.9487,0.5,0.7945,42,0.4,540.7189212446704,S-Works,815.7170432746217,2300005.7432,2,0.6628755960204087,274.99812202995133,472649.79449999984,45.0,66.3,Revisar reglas: un pick NO puede incluir empate o una resolución distinta a clasificación.
0x16c63b7cc37f012b9f59ee164ec03877914c701d06d48291ae8d6fc08a088b0d,"2026 Balance of Power: D Senate, D House",Yes,Direccional,1,229250.0,0.64,0.655,13,0.75,359.1004385962234,BreakTheBank,550.9948373875899,294713.9294,2,0.6517310403466068,191.89439879136648,65463.92940000002,45.0,65.2,
0xa23467e95abf6544819a9dcb90b7719846aacf300b991ea07204e1f1649097cb,Will Barcelona win the 2026-27 UEFA Champions League Championship?,No,Direccional,1,197950.7763,0.7842,0.785,20,0.75,333.68744607603986,ndb1,333.68744607603986,197950.7763,1,1.0,0.0,0.0,45.0,100.0,Revisar reglas: un pick NO puede incluir empate o una resolución distinta a clasificación.
0x26f410f7518fa199678ef57f02637fc88be9b3b593346b00946d7ea451f4521b,Will Ousmane Dembélé win the 2026 Ballon d'Or?,No,Direccional,1,88122.7534,0.9568,0.9975,20,0.75,222.6410761461146,ndb1,222.6410761461146,88122.7534,1,1.0,0.0,0.0,45.0,100.0,Revisar reglas: un pick NO puede incluir empate o una resolución distinta a clasificación.
0x18076e7d0f58a52d3d4f311d0456306edf16d1873cf5eef27d3ff044153e9576,"Bitcoin all time high by December 31, 2026?",No,Direccional,1,84709.4797,0.8565,0.9405,20,0.75,218.2866975590817,ndb1,218.2866975590817,84709.4797,1,1.0,0.0,0.0,45.0,100.0,Revisar reglas: un pick NO puede incluir empate o una resolución distinta a clasificación.
0x02deb9538f5c123373adaa4ee6217b01745f1662bc902e46ac92f3fe6f8741e8,"Will Bitcoin hit $150k by December 31, 2026?",No,Direccional,1,83492.9854,0.9038,0.975,20,0.75,216.71364582669918,ndb1,216.71364582669918,83492.9854,1,1.0,0.0,0.0,45.0,100.0,Revisar reglas: un pick NO puede incluir empate o una resolución distinta a clasificación.
0xa4ddc18895cc7b14810283ef8f113939abffd3969c6a0e37f1897110c67e6f73,Hantavirus pandemic in 2026?,No,Direccional,1,81482.2326,0.9119,0.9775,15,0.75,214.08819639928777,Wallet 0x006c...16ea,214.08819639928777,81482.2326,1,1.0,0.0,0.0,45.0,100.0,Revisar reglas: un pick NO puede incluir empate o una resolución distinta a clasificación.
0x4e4f77e7dbf4cab666e9a1943674d7ae66348e862df03ea6f44b11eb95731928,Will the Republican Party control the House after the 2026 Midterm elections?,No,Direccional,1,78025.085,0.9068,0.925,20,0.75,209.4972799644425,ndb1,209.4972799644425,78025.085,1,1.0,0.0,0.0,45.0,100.0,Revisar reglas: un pick NO puede incluir empate o una resolución distinta a clasificación.
0x36891cde2836169f82258db398a6e6d4c14c56a911e27df102c6edc9d83d9246,Spread: Spain (-1.5),Croatia,Direccional,1,71959.8713,0.464,0.475,31,0.55,147.5393543033519,omnibus-076daa,178.9111309186474,78111.0486,2,0.8246516219856632,31.371776615295488,6151.177299999996,45.0,82.5,
0x9cb23d04b2ded06147482076688b69b487a8d982c63ebdda2ab3678cf27cf390,Clarity Act (H.R.3633) signed into law in 2026?,No,Direccional,1,52332.5,0.7627,0.9515,20,0.75,171.57223333045474,ndb1,171.57223333045474,52332.5,1,1.0,0.0,0.0,45.0,100.0,Revisar reglas: un pick NO puede incluir empate o una resolución distinta a clasificación.
0xf44cf137562b90cf6205e0b81a03aa63001c491e4d8f04c0098bfb9233f9d04f,Will Philadelphia 76ers win the 2027 NBA Finals?,No,Direccional,1,45500.1428,0.8664,0.8895,13,0.75,159.98071860383675,BreakTheBank,159.98071860383675,45500.1428,1,1.0,0.0,0.0,45.0,100.0,Revisar reglas: un pick NO puede incluir empate o una resolución distinta a clasificación.
0x472c9035786b390c08e674fc60bddda488957e1b8aecad3f5480cc531a0754b0,"Will Bitcoin reach $160,000 by December 31, 2026?",No,Direccional,1,42166.863,0.9448,0.9795,20,0.75,154.00928685472184,ndb1,154.00928685472184,42166.863,1,1.0,0.0,0.0,45.0,100.0,Revisar reglas: un pick NO puede incluir empate o una resolución distinta a clasificación.
0xdf9bf27ee5757c55b44b8b9826ddc9ec3a8809aa3278634c45edbb7fc8f1a3e3,Will there be no change in Fed interest rates after the October 2026 meeting?,Yes,Direccional,1,38611.6559,0.35,0.805,20,0.75,147.37386621701285,ndb1,147.37386621701285,38611.6559,1,1.0,0.0,0.0,45.0,100.0,
0xd5d9fc47718bd553592d126b1fa5e87183d27f3936975b0c04cc0f2dec1f1bb4,Will the Democratic Party control the House after the 2026 Midterm elections?,Yes,Direccional,1,33531.8697,0.86,0.925,20,0.75,137.33781965012406,ndb1,137.33781965012406,33531.8697,1,1.0,0.0,0.0,45.0,100.0,
0xac32e73aa9e0dae801d88d4f81efd2ef3fa0f04b815f3a0e74426f0762e668cd,"Will Bitcoin reach $200,000 by December 31, 2026?",No,Direccional,1,30552.4269,0.9656,0.9895,20,0.75,131.0943939733885,ndb1,131.0943939733885,30552.4269,1,1.0,0.0,0.0,45.0,100.0,Revisar reglas: un pick NO puede incluir empate o una resolución distinta a clasificación.
0x849be83aad0311ca155a2ad0c1a86bf5cdf0313672c1de414bfaa902f351030a,Will Liverpool win the 2026-27 English Premier League (EPL) Championship?,Yes,Direccional,1,30425.1648,0.035,0.0685,13,0.75,130.8210808700188,BreakTheBank,130.8210808700188,30425.1648,1,1.0,0.0,0.0,45.0,100.0,
0xe71b9d788ce662d967ff2c90749ff8b26cee290455ef6cb84f33d1393ffae115,"Will Bitcoin reach $190,000 by December 31, 2026?",No,Direccional,1,29625.0038,0.9654,0.9875,20,0.75,129.08936686458725,ndb1,129.08936686458725,29625.0038,1,1.0,0.0,0.0,45.0,100.0,Revisar reglas: un pick NO puede incluir empate o una resolución distinta a clasificación.
0xf0a4c0bc8a8162f0ac95b5a5af7fa665d20a19ca0db03b9117514dafc695f15e,"Will Bitcoin reach $140,000 by December 31, 2026?",No,Direccional,1,29085.0,0.961,0.9695,20,0.75,127.90743723490047,ndb1,127.90743723490047,29085.0,1,1.0,0.0,0.0,45.0,100.0,Revisar reglas: un pick NO puede incluir empate o una resolución distinta a clasificación.
0x1f8d995c49e6794c58dcd187b413a66c625bc5296e95f22844e300da7e4a66b4,Monterrey Open: Maria Timofeeva vs Ann Li,Ann Li,Direccional,1,26857.8802,0.5156,0.5,40,0.4,65.55349595559339,ferrariChampions2026,65.55349595559339,26857.8802,1,1.0,0.0,0.0,45.0,100.0,
0xb106a3c9d1c59ed8117493dae6459a3ff79369a8f7cddaf62f4a05828b89195e,Will the Democrats win the 2028 US Presidential Election?,No,Direccional,1,26565.7336,0.318,0.355,20,0.75,122.24248504509387,ndb1,122.24248504509387,26565.7336,1,1.0,0.0,0.0,45.0,100.0,Revisar reglas: un pick NO puede incluir empate o una resolución distinta a clasificación.
0x799c35de1e5f3ebd75053643e020e6df9e9a3f477e3d6066eb0a8565f65d547f,"Will Bitcoin reach $180,000 by December 31, 2026?",No,Direccional,1,24851.9641,0.9663,0.9855,20,0.75,118.23379299612273,ndb1,118.23379299612273,24851.9641,1,1.0,0.0,0.0,45.0,100.0,Revisar reglas: un pick NO puede incluir empate o una resolución distinta a clasificación.
0xa34edb6c898232378a9cc08744842df2cd89d278ba45b012bed3ac10c7241c4d,Will Lamine Yamal win the 2026 Ballon d'Or?,Yes,Direccional,1,24682.6503,0.0701,0.4595,13,0.75,117.83034750755002,BreakTheBank,117.83034750755002,24682.6503,1,1.0,0.0,0.0,45.0,100.0,
0x12dc2b61723b2a54fc1947a307389b5f32038e7a29a0e936ad1fe410b969d06a,Will Harry Kane win the 2026 Ballon d'Or?,No,Direccional,1,24414.1426,0.464,0.518,13,0.75,117.18769223984233,BreakTheBank,117.18769223984233,24414.1426,1,1.0,0.0,0.0,45.0,100.0,Revisar reglas: un pick NO puede incluir empate o una resolución distinta a clasificación.
0xb02f2ebd5ba67ed1018b634f7ccf88fd46e348f4a53c55cf89a55d02d9ea8611,Will the Buffalo Bills win the 2027 NFL league championship?,Yes,Direccional,1,22067.1454,0.087,0.125,13,0.75,111.41260829681711,BreakTheBank,111.41260829681711,22067.1454,1,1.0,0.0,0.0,45.0,100.0,
0x87f0b061076a7309abeb719136246303ce17fe40b4e9c65aca4149bbdbdd3236,Will the Chicago Bears win the 2027 NFL league championship?,No,Direccional,1,21907.965,0.931,0.954,13,0.75,111.01004599809875,BreakTheBank,111.01004599809875,21907.965,1,1.0,0.0,0.0,45.0,100.0,Revisar reglas: un pick NO puede incluir empate o una resolución distinta a clasificación.
0x6710d35b45eb7dfef18e984b51a68e7996985ca6d9d23230bf4a2d1f64ca64cd,Will Scotland win on 2026-10-06?,No,Direccional,1,21193.731,0.4592,0.475,31,0.55,80.06936759772742,omnibus-076daa,98.0244855101779,22259.470699999998,2,0.8168302764457133,17.955117912450476,1065.7396999999983,45.0,81.7,Revisar reglas: un pick NO puede incluir empate o una resolución distinta a clasificación.
0x9affeb38bce1e9a6de30e9ecada1ecfaf636574d3961cf3b9177299786214234,"Will Bitcoin reach $170,000 by December 31, 2026?",No,Direccional,1,19620.3571,0.9519,0.983,20,0.75,105.05451379521966,ndb1,105.05451379521966,19620.3571,1,1.0,0.0,0.0,45.0,100.0,Revisar reglas: un pick NO puede incluir empate o una resolución distinta a clasificación.
0xe4e5aef239819d3955e360a0aa18f18ee29361c791e388f110fe8d23b54a2260,Scotland vs. Slovenia: O/U 2.5,Under,Direccional,1,14122.9535,0.6058,0.625,31,0.55,65.3620182808793,omnibus-076daa,65.3620182808793,14122.9535,1,1.0,0.0,0.0,45.0,100.0,
0x6bac08e7f660a372953c845044e3636bba66b62e6bc01475a64d8c87f9fc43fd,Will Chelsea win the 2026-27 English Premier League (EPL) Championship?,Yes,Direccional,1,13853.2877,0.0339,0.0415,13,0.75,88.27499267204728,BreakTheBank,88.27499267204728,13853.2877,1,1.0,0.0,0.0,45.0,100.0,
0xbfeb6d4cf3eab6071e204219b0647c8224d63a12778df467311b5f2a4b3a5bd4,Will the Democrats win the Michigan Senate race in 2026?,Yes,Direccional,1,12974.4412,0.72,0.735,13,0.75,85.4290534595813,BreakTheBank,85.4290534595813,12974.4412,1,1.0,0.0,0.0,45.0,100.0,
0x6fefc0438c7598b23531457c8c60541990d0786bd4bd9dfc3eabc8d95c291092,"Will Bitcoin reach $250,000 by December 31, 2026?",No,Direccional,1,11756.6716,0.9803,0.9935,20,0.75,81.32113977927264,ndb1,81.32113977927264,11756.6716,1,1.0,0.0,0.0,45.0,100.0,Revisar reglas: un pick NO puede incluir empate o una resolución distinta a clasificación.
0x86bfb53af7250a40928975c551d12c185b762fa4ce0b40c6a64a50c946d72587,Will the Republican Party control the Senate after the 2026 Midterm elections?,No,Direccional,1,11099.1905,0.62,0.645,13,0.75,79.01452180612118,BreakTheBank,79.01452180612118,11099.1905,1,1.0,0.0,0.0,45.0,100.0,Revisar reglas: un pick NO puede incluir empate o una resolución distinta a clasificación.
0x12aa13b3da17ceae1b0a59b5d5b77121e91bb79b4bb0b52bf6543ed3f8d0953b,Will the Fed increase interest rates by 25 bps after the October 2026 meeting?,Yes,Direccional,1,9353.134,0.6299,0.195,20,0.75,72.53370164964697,ndb1,72.53370164964697,9353.134,1,1.0,0.0,0.0,45.0,100.0,
0x74dba1ce1ae9dd535414e85f2d9ab5ea32c0fb1acc9b7130b67e6d91217e24e1,Will Jon Ossoff win the 2028 Democratic presidential nomination?,Yes,Direccional,1,8082.0723,0.1466,0.1495,13,0.75,67.42525987157929,BreakTheBank,67.42525987157929,8082.0723,1,1.0,0.0,0.0,45.0,100.0,
0x4fd1e7b3b9cecbfaeab779d5a22499f2a988aed485dda5a67f86d4587aae2d6e,Croatia vs. Spain: O/U 3.5,Over,Direccional,1,7447.8241,0.469,0.445,40,0.4,34.52031077496262,ferrariChampions2026,42.47339825719239,7656.9203,2,0.8127513265109884,7.953087482229776,209.09619999999995,45.0,81.3,
0x388e73da394fc4b52ec052976a58ff9ce0f63741ea517a1229b35de72b43145d,Spread: England (-2.5),England,Direccional,1,7325.9845,0.5,0.505,40,0.4,34.23678606411531,ferrariChampions2026,34.23678606411531,7325.9845,1,1.0,0.0,0.0,45.0,100.0,
0x57fcfaf189738c1df5f8992b3a5252c678e7b4f2a9c32ed37cb06f9630581fa5,LoL: Team Vitality vs RED Canids (BO3) - Demacia Cup Global Invitational Group Stage,Team Vitality,Direccional,1,7302.0809,0.8598,0.855,31,0.55,46.99871777240312,omnibus-076daa,46.99871777240312,7302.0809,1,1.0,0.0,0.0,45.0,100.0,
0xd9b658991d8acba6c82ab4f2d33ea9de7e9e059ad6b68d0a2e673cab87e2f207,Will the Los Angeles Chargers make the 2027 NFL Playoffs?,No,Direccional,1,6684.829,0.35,0.9,20,0.75,61.32060267560976,ndb1,61.32060267560976,6684.829,1,1.0,0.0,0.0,45.0,100.0,Revisar reglas: un pick NO puede incluir empate o una resolución distinta a clasificación.
0x1c017cbb38a9d0ab233ebb265b25c78290317e6a2470657ca18a73a112397b55,Will the Republicans win the South Carolina Senate race in 2026?,No,Direccional,1,6291.0624,0.1399,0.155,13,0.75,59.48716332117375,BreakTheBank,59.48716332117375,6291.0624,1,1.0,0.0,0.0,45.0,100.0,Revisar reglas: un pick NO puede incluir empate o una resolución distinta a clasificación.
0x2a25e56fde7eb05b593f9d47671e7ebf14e682e4bef43999f328f227c7c1d324,Kazakhstan vs. Faroe Islands: O/U 1.5,Over,Direccional,1,6075.5704,0.65,0.655,40,0.4,31.178378148967273,ferrariChampions2026,31.178378148967273,6075.5704,1,1.0,0.0,0.0,45.0,100.0,
0x1587b261f0687397f09d8ee54ef4e36abdd77d280fb8e28bad6e60b462b8a786,Will Hull City be relegated from the 2026-27 Premier League?,Yes,Direccional,1,5570.5244,0.5248,0.505,20,0.75,55.976959322564134,ndb1,55.976959322564134,5570.5244,1,1.0,0.0,0.0,45.0,100.0,
0x3b6293175d572d15b759425b58df6b3256e8c67b9947be8f2b5c2017c0039094,Will Sporting CP win on 2026-10-09?,No,Direccional,1,5397.5811,0.5303,0.535,31,0.55,40.4075275505691,omnibus-076daa,40.4075275505691,5397.5811,1,1.0,0.0,0.0,45.0,100.0,Revisar reglas: un pick NO puede incluir empate o una resolución distinta a clasificación.
0xd0d47637e25a2ddccb016ba469d6a7ec4be45a937f520faa23a8cbbd14a74759,Will Georgia Bulldogs win the 2027 CFP National Championship?,No,Direccional,1,4978.8764,0.8296,0.8445,20,0.75,52.920865214015535,ndb1,52.920865214015535,4978.8764,1,1.0,0.0,0.0,45.0,100.0,Revisar reglas: un pick NO puede incluir empate o una resolución distinta a clasificación.
0xac8d3b20abe1cc95748a679ac48864e4f1e8cca3405636befbcb33b2b628400a,Spread: Montserrat (-2.5),Turks and Caicos Islands,Direccional,1,4853.262,0.5515,0.69,31,0.55,38.315946484459964,omnibus-076daa,38.315946484459964,4853.262,1,1.0,0.0,0.0,45.0,100.0,
0x895e01dbf3e6a33cd9a44ca0f8cdb5df1bd2b0b6ebed5300d28f8da7145145e4,Will Donald Trump win the 2028 Republican presidential nomination?,Yes,Direccional,1,4848.6996,0.0402,0.0195,11,0.75,52.22445332408947,beachboy4,52.22445332408947,4848.6996,1,1.0,0.0,0.0,45.0,100.0,
0x777c36cb439b5a8cf54d2449c2d355f91fc50d7c076caad4deaf97c749489392,Will Manchester United win the 2026-27 English Premier League (EPL) Championship?,Yes,Direccional,1,4627.3329,0.0267,0.0165,13,0.75,51.018376652437695,BreakTheBank,51.018376652437695,4627.3329,1,1.0,0.0,0.0,45.0,100.0,
0xa4141ece67b390b5cb94a62f563f1559eeaeea98f83717eaf4b3d83d9216e262,Spread: Real Madrid CF (-1.5),Villarreal CF,Direccional,1,4563.4842,0.4998,0.495,31,0.55,37.15446097711552,omnibus-076daa,37.15446097711552,4563.4842,1,1.0,0.0,0.0,45.0,100.0,
0x05aedc99a5604b028217f3c283ddb6d07865ddbcbaac4b6ad0434e7a2a671749,W50 Burgas: Valeria Garnevska vs Sonja Zhenikhova,Sonja Zhenikhova,Direccional,1,4450.8244,0.6518,0.939,48,0.4,26.685799669487142,CandleHammerDrums,33.44284044189632,4736.1844,2,0.7979525458027741,6.75704077240918,285.3599999999997,45.0,79.8,
0xc3bdf4caa937776e894dd0357dc441ed57cd764ebc5f5ca8f2ec1a5edb58c832,Will the Washington Commanders make the 2027 NFL Playoffs?,No,Direccional,1,4037.6545,0.69,0.84,20,0.75,47.656905651227504,ndb1,47.656905651227504,4037.6545,1,1.0,0.0,0.0,45.0,100.0,Revisar reglas: un pick NO puede incluir empate o una resolución distinta a clasificación.
0x697752df8d3998c6c9ce4d1fe6abb6f221d09a07a27b684f282e143870980bfb,Will there be 3+ NFL Scorigamis in the 2026-27 regular season?,Yes,Direccional,1,3948.1987,0.8666,0.9855,20,0.75,47.1260200817977,ndb1,47.1260200817977,3948.1987,1,1.0,0.0,0.0,45.0,100.0,
0xb8f8ac0fbc08449be5f6d4eff0bfe05d68d4feacce05b94f0318799f5a24186d,49ers vs. Seahawks,49ers,Direccional,1,3791.2854,0.4199,0.42,31,0.55,33.86537809474449,omnibus-076daa,33.86537809474449,3791.2854,1,1.0,0.0,0.0,45.0,100.0,
0x073a09faf8483df9af5c428024a29c07657656fba6f026e7640748e6dceb65b4,Suzhou: Daria Khomutsianskaya vs Tyra Caterina Grant,Daria Khomutsianskaya,Direccional,1,3788.8064,0.5247,0.9995,2,1.0,61.553280984850836,RN1,61.553280984850836,3788.8064,1,1.0,0.0,0.0,45.0,100.0,
0xed75a3b173cd8d0a5b3946d6e13c0c8b90429bfb65e7d55c8bbea0f5e6856f4e,Will Brighton win the 2026-27 English Premier League (EPL) Championship?,Yes,Direccional,1,3663.4384,0.0293,0.0205,13,0.75,45.39475850800398,BreakTheBank,45.39475850800398,3663.4384,1,1.0,0.0,0.0,45.0,100.0,
0xdee53c872dfc5f633345aa8e953958961e3d2daf3aabed82a715f8a42ee33875,Exact Score: Chicago Fire FC 0 - 2 Vancouver Whitecaps FC?,No,Marcador exacto / posible cobertura,1,3560.6331,0.9499,0.9465,1,1.0,59.671040714906255,swisstony,59.671040714906255,3560.6331,1,1.0,0.0,0.0,45.0,100.0,Revisar reglas: un pick NO puede incluir empate o una resolución distinta a clasificación.
0x3a5736b4d3b777663ab3b24aedb50f092bd96b50d154a9fc89388314f1ecaca2,"ITF WOMEN - SINGLES: W35 Verbier 2 (Switzerland), clay: Sarina Schnyder vs Elsa Bonelli",Elsa Bonelli,Direccional,1,3501.09,0.5765,0.5,40,0.4,23.6680037181001,ferrariChampions2026,23.6680037181001,3501.09,1,1.0,0.0,0.0,45.0,100.0,
0x3a41a0d9474d9902476a7f9487061b585e3bc37ae8c1838dedcd75f44ad8964d,Will Florida Gators win the 2027 CFP National Championship?,No,Direccional,1,3210.4511,0.9193,0.9805,20,0.75,42.4956320549536,ndb1,42.4956320549536,3210.4511,1,1.0,0.0,0.0,45.0,100.0,Revisar reglas: un pick NO puede incluir empate o una resolución distinta a clasificación.
0x8493ced37290e15d624e78b0b6f6816b4b95fda1c7a59374f882e726ada2100a,Braga: Florian Broska vs Lukas Neumayer,Florian Broska,Direccional,1,2991.9844,0.2896,0.295,40,0.4,21.879613890560318,ferrariChampions2026,21.879613890560318,2991.9844,1,1.0,0.0,0.0,45.0,100.0,
0x5110092f6265765575a76ef95952b49696b60427b1f7a3c486e3bb347deae74f,"W50 Lexington, SC: Megan Heuser vs Kira Matushkina",Megan Heuser,Direccional,1,2966.7336,0.5079,0.505,48,0.4,21.787091958313297,CandleHammerDrums,21.787091958313297,2966.7336,1,1.0,0.0,0.0,45.0,100.0,
0xff8e50c807dd8e414ea7af6f440e7ad67fdccff6aef66c60366ea653242c4c8b,Will the Patriots win the season series against the Dolphins during the 2026-27 NFL regular season?,Yes,Direccional,1,2900.0,0.64,0.58,20,0.75,40.38873605350878,ndb1,40.38873605350878,2900.0,1,1.0,0.0,0.0,45.0,100.0,
0x16bf6187b713dc4c937599080f8063ba55beb46a6b3508e895d4f1114fd4fa48,Counter-Strike: Team Falcons vs Natus Vincere (BO3) - ESL Pro League Group Stage,Team Falcons,Direccional,1,2836.6314,0.5919,0.575,31,0.55,29.293019620721935,omnibus-076daa,29.293019620721935,2836.6314,1,1.0,0.0,0.0,45.0,100.0,
0xdd6df6bc49de64cf38b2059cea20d00b86ef0c01b4c146e8930471d20f599cef,Will the Jacksonville Jaguars win the 2027 NFL league championship?,Yes,Direccional,1,2631.3835,0.0321,0.057,13,0.75,38.472759437685255,BreakTheBank,38.472759437685255,2631.3835,1,1.0,0.0,0.0,45.0,100.0,
0xaf8ecf1ec33269d90297afb9f7f78aa6f71f91f1867f0d469b0be85984bd6a8d,Levante UD vs. Athletic Club: O/U 2.5,Over,Direccional,1,2601.3486,0.5499,0.445,40,0.4,20.401367013021456,ferrariChampions2026,20.401367013021456,2601.3486,1,1.0,0.0,0.0,45.0,100.0,
0x8f9a4ff725d4f23ac1eea6c611a21193a629de0a6af74f8a28c08fef37908183,Levante UD vs. Athletic Club: O/U 4.5,Under,Direccional,1,2468.88,0.85,0.81,2,1.0,49.68782547063214,RN1,49.68782547063214,2468.88,1,1.0,0.0,0.0,45.0,100.0,
0x7373cee1285c3c3ad98d3733d3c0cafed025ecc7b18d867fb159dd27ca5fe943,Spread: EC Juventude (-1.5),AA Ponte Preta,Direccional,1,2448.2971,0.5301,0.525,31,0.55,27.21414839288564,omnibus-076daa,34.1227439086182,2606.0778999999998,2,0.7975369292037593,6.908595515732557,157.7808,45.0,79.8,
0x9f79ebc7b069d724a76717c4288576cee29fd04ca7b7cf9fdf8450dd70bd9131,Will a Senior or Graduate win the 2026 Heisman Trophy?,No,Direccional,1,2402.7744,0.766,0.96,20,0.75,36.76357708384754,ndb1,36.76357708384754,2402.7744,1,1.0,0.0,0.0,45.0,100.0,Revisar reglas: un pick NO puede incluir empate o una resolución distinta a clasificación.
0x9af167ed361bdc016577401cd59cc05fee72a7aaf70b4a28616f8c6acca2b920,"ITF WOMEN - SINGLES: W35 Barueri (Brazil), hard: Maria Fernanda Navarro vs Luiza Fullana",Luiza Fullana,Direccional,1,2334.4456,0.6414,0.5,40,0.4,19.326440334422685,ferrariChampions2026,19.326440334422685,2334.4456,1,1.0,0.0,0.0,45.0,100.0,
0xd77ef767e9d58e11b381cd55374a275f8f5e40dffa20640f3eed1f20b582e59e,Spread: Switzerland (-2.5),North Macedonia,Direccional,1,2282.8416,0.4866,0.485,40,0.4,19.111636664608294,ferrariChampions2026,19.111636664608294,2282.8416,1,1.0,0.0,0.0,45.0,100.0,
0x90921f7e36f80917cab3d09fa846239891930f549df539650b1cd8b7fc207cc3,Will Anze Kopitar record 100+ points?,No,Direccional,1,2270.8555,0.9794,0.984,20,0.75,35.740120575482116,ndb1,35.740120575482116,2270.8555,1,1.0,0.0,0.0,45.0,100.0,Revisar reglas: un pick NO puede incluir empate o una resolución distinta a clasificación.
0x4add5d6c538a3231c493ea5ed350177e0aefd8b434918a3f1fe450a4bc8d205b,ITF Dallas: Dana Guzman vs Julieta Pareja,Julieta Pareja,Direccional,1,2175.215,0.7642,0.5,40,0.4,18.655680100173246,ferrariChampions2026,18.655680100173246,2175.215,1,1.0,0.0,0.0,45.0,100.0,
0x9cd477facb0d61eef267529ab413f9eb91ffb58b67a685fab79c7ba8aa6c387a,Livesport Prague Open: Polina Kudermetova vs Alina Korneeva,Alina Korneeva,Direccional,1,2169.485,0.5834,0.5,40,0.4,18.631092292187272,ferrariChampions2026,18.631092292187272,2169.485,1,1.0,0.0,0.0,45.0,100.0,
0x8600b067b4c75cea4ed36ebc75f859cc38f4b4b3221b54820ce22e3fd4d78c40,W50 Heraklion: Ani Amiraghyan vs Juliette Mazzoni,Ani Amiraghyan,Direccional,1,2104.8174,0.9783,0.9995,31,0.55,25.23305894060409,omnibus-076daa,25.23305894060409,2104.8174,1,1.0,0.0,0.0,45.0,100.0,
0xea43f4e7cd3128279734fbb9d16ab18b686cc05affb2a9e347c095a0028da161,ITF Ollersbach: Vladyslav Orlov vs Jan Kumstat,Jan Kumstat,Direccional,1,2085.1217,0.67,0.5,40,0.4,18.265253132656007,ferrariChampions2026,18.265253132656007,2085.1217,1,1.0,0.0,0.0,45.0,100.0,
0x52e2d0e029629a05a190fba71ee0e337f3001a1cf74a30b0c4e9399fc519cfcd,Will Harry Kane win the most Player of the Match awards in the 2026-27 UEFA Champions League?,No,Direccional,1,2010.1121,0.8459,0.979,20,0.75,33.62570529000098,ndb1,33.62570529000098,2010.1121,1,1.0,0.0,0.0,45.0,100.0,Revisar reglas: un pick NO puede incluir empate o una resolución distinta a clasificación.
0xfa5926f9361e73e1924286c1d78d26e5f445f15f1f828904ed7c06fe5b89ebdc,W15 Cipolletti: Ana Sofia Sanchez vs Milagros Cristobal,Ana Sofia Sanchez,Direccional,1,1981.6202,0.978,0.9805,31,0.55,24.483466063856238,omnibus-076daa,24.483466063856238,1981.6202,1,1.0,0.0,0.0,45.0,100.0,
0x960f934d7f76dda986cbbb596190c67bbca2f2f20f181667b49dccdefcbf6e3a,Will JJ Wetherholt win the 2026 NL Rookie of the Year award?,No,Direccional,1,1979.0,0.5,0.9895,20,0.75,33.36446462930284,ndb1,33.36446462930284,1979.0,1,1.0,0.0,0.0,45.0,100.0,Revisar reglas: un pick NO puede incluir empate o una resolución distinta a clasificación.
0x8adbeb037f73c65d1e95a928e6021b0949489ee76e8e74ccac81da812fa92d74,W35 Seville: Eva Vedder vs Lorena Solar Donoso,Eva Vedder,Direccional,1,1930.0406,0.5099,0.505,31,0.55,24.162725042925107,omnibus-076daa,24.162725042925107,1930.0406,1,1.0,0.0,0.0,45.0,100.0,
0x24e95359dbf49cb1dc89b611d0a41f7576962c3b0e6881aa21a7bb22c7eee32b,Will Inter Milan reach the 2027 UEFA Champions League semifinal?,No,Direccional,1,1908.9334,0.74,0.75,20,0.75,32.76850679387146,ndb1,32.76850679387146,1908.9334,1,1.0,0.0,0.0,45.0,100.0,Revisar reglas: un pick NO puede incluir empate o una resolución distinta a clasificación.
0x4c7b0e07dfb705ca8004abf7dd591e62a35dae69c7b27de634b7aed4573c8483,Livesport Prague Open: Eva Lys vs Tereza Valentova,Tereza Valentova,Direccional,1,1907.57,0.5926,0.5,40,0.4,17.470294788583278,ferrariChampions2026,17.470294788583278,1907.57,1,1.0,0.0,0.0,45.0,100.0,
0x1c917d89327de535d28d85d2fa1709e1dc449748d26597df101f814e6aeb1e88,ITF W50 Prague Women: Beatrise Zeltina vs Barbora Palicova,Barbora Palicova,Direccional,1,1895.7518,0.6038,0.5,40,0.4,17.416092787993524,ferrariChampions2026,17.416092787993524,1895.7518,1,1.0,0.0,0.0,45.0,100.0,
0xa26b10762096ade1fc322372d963e41ae8d1a128cf7ac430ca269ebda3788335,Exact Score: Chicago Fire FC 1 - 2 Vancouver Whitecaps FC?,No,Marcador exacto / posible cobertura,1,1812.7892,0.9087,0.9145,1,1.0,42.576862261091996,swisstony,42.576862261091996,1812.7892,1,1.0,0.0,0.0,45.0,100.0,Revisar reglas: un pick NO puede incluir empate o una resolución distinta a clasificación.
0x0e4ccb3955941fd5d55d6b7496412a11a7334392272a5cc409bd0c22c69ca993,Spread: FC Cincinnati (-1.5),D.C. United SC,Direccional,1,1798.4274,0.62,0.735,40,0.4,16.963147821085567,ferrariChampions2026,16.963147821085567,1798.4274,1,1.0,0.0,0.0,45.0,100.0,
0xa5c7557f8bc36bd3d2ef9b71464ad7b0139d7e51a8f068fb5d8d19dcae3eddc7,W50 Heraklion: Emma Mazzoni vs Dunja Maric,Dunja Maric,Direccional,1,1760.8452,0.9795,0.9995,31,0.55,23.079334327488738,omnibus-076daa,23.079334327488738,1760.8452,1,1.0,0.0,0.0,45.0,100.0,
0x59b7f33e5a41c5e0d42f6a485d7fc8071fe4e75a48fe9713ee529b782b39a379,W50 Heraklion: Alice Tubello vs Helena Muzinic,Alice Tubello,Direccional,1,1698.3107,0.9802,0.9825,31,0.55,22.665810966078407,omnibus-076daa,22.665810966078407,1698.3107,1,1.0,0.0,0.0,45.0,100.0,
0x10493d6406822a87a6ff091aeefc53d6981505b78b2f53d8aa7c6125b4164dc3,O/U 1.5 Rounds,Over,Direccional,1,1694.385,0.2714,0.495,31,0.55,22.63959943329387,omnibus-076daa,22.63959943329387,1694.385,1,1.0,0.0,0.0,45.0,100.0,
0x7dbe1c4b1f1385c805a3e6357c8da80e6feca18ac5a6aa6925d9459b724122f3,Will Trey McBride have 4.5+ receiving touchdowns in the 2026-27 NFL regular season?,Yes,Direccional,1,1590.0,0.74,0.795,20,0.75,29.906103056065326,ndb1,29.906103056065326,1590.0,1,1.0,0.0,0.0,45.0,100.0,
0x9e922193b15dd59d6d57658c6b0b790c19f5ff7c1b29843696dae451fcc5d9d1,W50 Burgas: Loes Ebeling Koning vs Teodora Naidenova,Loes Ebeling Koning,Direccional,1,1580.1225,0.98,0.9845,31,0.55,21.86291509039909,omnibus-076daa,21.86291509039909,1580.1225,1,1.0,0.0,0.0,45.0,100.0,
0x7abe4899d17c95f0ccede03121377a9c800bd2198b32e56335e620cb5810d00b,Will Puka Nacua have 3.5+ receiving touchdowns in the 2026-27 NFL regular season?,Yes,Direccional,1,1579.9921,0.81,0.79,20,0.75,29.811835841658592,ndb1,29.811835841658592,1579.9921,1,1.0,0.0,0.0,45.0,100.0,
0xc5285b686762e7f20c91c3365a42f8b7a5d5041bec911de3e7b75e7d051c2fc5,KBO: Kia Tigers vs. LG Twins,Kia Tigers,Direccional,1,1535.4556,0.2424,0.9955,40,0.4,15.673955977991007,ferrariChampions2026,15.673955977991007,1535.4556,1,1.0,0.0,0.0,45.0,100.0,
0xcd8257e8b53cb20079af16ca5ad4262c9b5b09c7e3e461027b1b0768a14bad64,Will Brentford win the 2026-27 English Premier League (EPL) Championship?,Yes,Direccional,1,1500.0,0.0308,0.0075,13,0.75,29.047375096555626,BreakTheBank,29.047375096555626,1500.0,1,1.0,0.0,0.0,45.0,100.0,
0xb040d3eff979a01b34d6c5952faf1c490e77c7a4f8dff3733e3d826d37525c2d,Will Aaron Judge win the 2026 American League Hank Aaron Award?,No,Direccional,1,1476.6535,0.6516,0.9965,20,0.75,28.820437084645334,ndb1,28.820437084645334,1476.6535,1,1.0,0.0,0.0,45.0,100.0,Revisar reglas: un pick NO puede incluir empate o una resolución distinta a clasificación.
0x6d447780b411db6c9cf92db9c916eef4474df7c5c970243d9ef1f277640f1314,Athletic Club leading at halftime?,No,Direccional,1,1448.9985,0.6595,0.7,2,1.0,38.06571291858331,RN1,38.06571291858331,1448.9985,1,1.0,0.0,0.0,45.0,100.0,Revisar reglas: un pick NO puede incluir empate o una resolución distinta a clasificación.
0xe85490600bdf817341b66f5bd408424f51e6a510073a92a38b236ca8114f88f3,Will De'Von Achane finish as a top-12 RB in the 2026-27 NFL season?,No,Direccional,1,1421.6422,0.9798,0.997,20,0.75,28.27850309864368,ndb1,28.27850309864368,1421.6422,1,1.0,0.0,0.0,45.0,100.0,Revisar reglas: un pick NO puede incluir empate o una resolución distinta a clasificación.
0xea1e918e792ea3759a3f5a3d3c486b61383837d4cd8091b06ad029b44c9612af,"Dana White's Contender Series: Ilias Bulaid vs. Erick Visconde (Featherweight, Main Card)",Erick Visconde,Direccional,1,1403.8316,0.4499,0.425,31,0.55,20.607257435185307,omnibus-076daa,20.607257435185307,1403.8316,1,1.0,0.0,0.0,45.0,100.0,
0xd1da11849e2aa6cbfbfc1160071f8194681a96643dba032afe3d18f47fa46cf5,Will Aston Villa win the 2026-27 English Premier League (EPL) Championship?,Yes,Direccional,1,1396.3483,0.0308,0.0035,13,0.75,28.02580808380019,BreakTheBank,28.02580808380019,1396.3483,1,1.0,0.0,0.0,45.0,100.0,
0x4735f3b478a2bcbaa559e16617f6b435c890d60e69e5b63b20ebe2f47bc28674,Will Jake Moody finish as a top-12 K in the 2026-27 NFL season?,No,Direccional,1,1363.5507,0.957,0.9895,20,0.75,27.694715538347744,ndb1,27.694715538347744,1363.5507,1,1.0,0.0,0.0,45.0,100.0,Revisar reglas: un pick NO puede incluir empate o una resolución distinta a clasificación.
0x4de72138204727d2821bff847d8158819ab5b591db1b5b263676126cbb3a0430,Will the Democrats win the South Carolina Senate race in 2026?,Yes,Direccional,1,1325.1079,0.1316,0.155,13,0.75,27.301523652536318,BreakTheBank,27.301523652536318,1325.1079,1,1.0,0.0,0.0,45.0,100.0,
0x6ed4b324822189cfb9a82b55e105d4221ed055b5f13a7e6c6ec144dcb4bda48d,Will Spain win on 2026-10-06?,No,Direccional,1,1324.3357,0.2957,0.235,31,0.55,20.015282892080243,omnibus-076daa,20.015282892080243,1324.3357,1,1.0,0.0,0.0,45.0,100.0,Revisar reglas: un pick NO puede incluir empate o una resolución distinta a clasificación.
0x5ad5f97d87f5fbf9ad6fdc1221df14e72ffb5c9d228216b2b96d4f6eba0b90d0,LoL: TLN Pirates vs Bushido Wildcats (BO5) - EMEA Masters Playoffs,TLN Pirates,Direccional,1,1321.3846,0.7991,0.835,31,0.55,19.99296980190787,omnibus-076daa,19.99296980190787,1321.3846,1,1.0,0.0,0.0,45.0,100.0,
0xa68349bd08f7036dff1aceb7833aa152e272cb48f2f4acf9f542a59d54d60649,Will Oregon Ducks win the 2027 CFP National Championship?,No,Direccional,1,1311.8045,0.9422,0.9515,20,0.75,27.164131336194057,ndb1,27.164131336194057,1311.8045,1,1.0,0.0,0.0,45.0,100.0,Revisar reglas: un pick NO puede incluir empate o una resolución distinta a clasificación.
0x100fc126c334eaa60632ebe683b906d42e58009d0768cecaecaa25ae3f82844f,ITF Fano: Lorenzo Rottoli vs Gianmarco Ferrari,Gianmarco Ferrari,Direccional,1,1282.225,0.5886,0.5,40,0.4,14.323267783575089,ferrariChampions2026,14.323267783575089,1282.225,1,1.0,0.0,0.0,45.0,100.0,
0x04816f7f30a810111bd4e3d7e06952889f81f280f23370f2ff59323d9a202cca,Will the Green Bay Packers win the 2027 NFL league championship?,Yes,Direccional,1,1280.7315,0.023,0.0135,13,0.75,26.840481902342958,BreakTheBank,26.840481902342958,1280.7315,1,1.0,0.0,0.0,45.0,100.0,
0xa9551106138d1626b06f6886e79543625acb98a5faeb3c9bb54c727323f6b1ea,Will Omonia finish top 8 in UEL league phase?,No,Direccional,1,1271.1929,0.8935,0.9605,20,0.75,26.740344168503142,ndb1,26.740344168503142,1271.1929,1,1.0,0.0,0.0,45.0,100.0,Revisar reglas: un pick NO puede incluir empate o una resolución distinta a clasificación.
0x07394e7b57e4c117a53edcd1fb2b7c5c82479a5c4a23a1c033e9189c101e283f,Will Jarrett Stidham finish as a top-5 QB in the 2026-27 NFL season?,No,Direccional,1,1259.9022,0.9851,0.9945,20,0.75,26.621325802822064,ndb1,26.621325802822064,1259.9022,1,1.0,0.0,0.0,45.0,100.0,Revisar reglas: un pick NO puede incluir empate o una resolución distinta a clasificación.
0x7aa71e47536cd611c9a7567bcd45752e171da74fae7c437a8c959fce8254c2c7,ITF Hillcrest: Preston Brown vs Stefan Vujic,Stefan Vujic,Direccional,1,1220.77,0.65,0.5,40,0.4,13.975807668968546,ferrariChampions2026,13.975807668968546,1220.77,1,1.0,0.0,0.0,45.0,100.0,
0xaf54c6d5f776f55bcb8b88918fb01dae9426c5dc5d55e8b7ded7425fede6d61a,"US Open, Qualification ATP: Lukas Neumayer vs Oliver Crawford",Oliver Crawford,Direccional,1,1217.465,0.52,0.5,40,0.4,13.95687644138186,ferrariChampions2026,13.95687644138186,1217.465,1,1.0,0.0,0.0,45.0,100.0,
0xb3557d1368422933aef5227e1a440c8f96381278abb2698c83fe9f869ed44c3f,"US Open, Qualification ATP: Otto Virtanen vs Grigor Dimitrov",Grigor Dimitrov,Direccional,1,1205.41,0.71,0.5,40,0.4,13.887605985194137,ferrariChampions2026,13.887605985194137,1205.41,1,1.0,0.0,0.0,45.0,100.0,
0x6cd2e0ae968a82ffeb5c1f5fbf9f3734ba0dc1f24d7a7b9ef427ba35a9dca381,"Mubadala Citi DC Open, Qualification: Lea Ma vs Katie Swan",Katie Swan,Direccional,1,1200.105,0.62,0.5,40,0.4,13.857012665073235,ferrariChampions2026,13.857012665073235,1200.105,1,1.0,0.0,0.0,45.0,100.0,
0xdbb9800f8b7a62033b83a971c5865328f9e8ad5890389a69e70882906e32faaa,Will Kazakhstan win on 2026-10-06?,No,Direccional,1,1190.8812,0.6099,0.625,31,0.55,18.980030637488447,omnibus-076daa,18.980030637488447,1190.8812,1,1.0,0.0,0.0,45.0,100.0,Revisar reglas: un pick NO puede incluir empate o una resolución distinta a clasificación.
0xe1fe6857b37ee6b9bf0bb8ebcb85451f57fa78a61d794565e2a3139387e3f121,"Will Trevor Lawrence have 3,774.5+ passing yards in the 2026-27 NFL regular season?",No,Direccional,1,1170.0,0.5,0.585,20,0.75,25.65394706473061,ndb1,25.65394706473061,1170.0,1,1.0,0.0,0.0,45.0,100.0,Revisar reglas: un pick NO puede incluir empate o una resolución distinta a clasificación.
0x65df7653a01459206f595743bde90151fa42cc8af9926acf9b3909d764850876,Mubadala Citi DC Open: Alex Michelsen vs Jack Draper,Jack Draper,Direccional,1,1164.825,0.56,0.5,40,0.4,13.651813066402575,ferrariChampions2026,13.651813066402575,1164.825,1,1.0,0.0,0.0,45.0,100.0,
0x40f185c1b5621294c5c461bb1e6dd5dd035820eb0372af1ecf82fbe9f6a1adbe,Roehampton: Ali Habib vs Oscar Weightman,Oscar Weightman,Direccional,1,1156.9,0.85,0.5,40,0.4,13.605293087618513,ferrariChampions2026,13.605293087618513,1156.9,1,1.0,0.0,0.0,45.0,100.0,
0xac7ade8bec3790e4393ad4655206ddd05a1f8fce9a2570df69a10bcdce04f1a1,"Cincinnati Open, Qualification: J.J. Wolf vs Toby Samuel",Toby Samuel,Direccional,1,1155.265,0.55,0.5,40,0.4,13.59567578313046,ferrariChampions2026,13.59567578313046,1155.265,1,1.0,0.0,0.0,45.0,100.0,
0xe7c5eea63c1d02c9777c8e4b03d889d2bc7fba201000886a05b89517c193d1fb,Cincinnati Open: Maria Timofeeva vs Katerina Siniakova,Katerina Siniakova,Direccional,1,1154.125,0.6,0.5,40,0.4,13.588966112254457,ferrariChampions2026,13.588966112254457,1154.125,1,1.0,0.0,0.0,45.0,100.0,
0xaedb6667cf88cade0903baee5d5f14180e0cb4c35cfb1c8c05d5f91af051ba5b,National Bank Open: Jaume Munar vs Alexander Blockx,Alexander Blockx,Direccional,1,1150.665,0.55,0.5,40,0.4,13.568581355469702,ferrariChampions2026,13.568581355469702,1150.665,1,1.0,0.0,0.0,45.0,100.0,
0x32a041d75e914143a3001f68cb51eacc209da04f2f9a332cad7c9ca9407564cf,Will Green Bay Packers finish the 2026-27 NFL regular season with the most return yards?,No,Direccional,1,1134.3719,0.8802,0.9715,20,0.75,25.26032845689066,ndb1,25.26032845689066,1134.3719,1,1.0,0.0,0.0,45.0,100.0,Revisar reglas: un pick NO puede incluir empate o una resolución distinta a clasificación.
0x551fa17da158a4d29c10641a148de6a16610906f27a8854adb6226aaed03df65,"Will Garrett Wilson be the first WR to 1,000 receiving yards in the 2026-27 NFL regular season?",No,Direccional,1,1125.744,0.8138,0.998,20,0.75,25.16408154493225,ndb1,25.16408154493225,1125.744,1,1.0,0.0,0.0,45.0,100.0,Revisar reglas: un pick NO puede incluir empate o una resolución distinta a clasificación.
0x85312a241131ae54ab97baca55e82927c51d50bfafe53cee83c9445dd95baab9,Will Josh Allen finish as a top-12 QB in the 2026-27 NFL season?,Yes,Direccional,1,1122.3531,0.8746,0.99,20,0.75,25.126154077972224,ndb1,25.126154077972224,1122.3531,1,1.0,0.0,0.0,45.0,100.0,
0xd5775d8d33445e6f5c14b584c0f54535d4b2255b8cdfa9b69697f86969327718,Prague: Marek Gengel vs Svyatoslav Gulin,Svyatoslav Gulin,Direccional,1,1071.2,0.73,0.5,40,0.4,13.091676745169048,ferrariChampions2026,13.091676745169048,1071.2,1,1.0,0.0,0.0,45.0,100.0,
0x1eb6d94d4fbbbf9984d80734d8105c31f42d60f368c4a5d2f40b99d52a822754,Will Brian Burns have 15+ sacks in the 2026-27 NFL regular season?,No,Direccional,1,1068.4454,0.97,0.982,20,0.75,24.51531230680123,ndb1,24.51531230680123,1068.4454,1,1.0,0.0,0.0,45.0,100.0,Revisar reglas: un pick NO puede incluir empate o una resolución distinta a clasificación.
0x2954d35a7d09c05c6c97d835bdfa8c81343a02b9145f39943205c486e878888f,Valorant: NRG vs T1 (BO3) - VCT Champions Playoffs,T1,Direccional,1,1060.5053,0.2999,0.295,31,0.55,17.91097019287342,omnibus-076daa,17.91097019287342,1060.5053,1,1.0,0.0,0.0,45.0,100.0,
0x6897f719c981a18322ae21c33c8c269b4f121d2c7ea13a1bc6db9df7e3ab650d,ITF Horb: Josy Daems vs Alina Granwehr,Alina Granwehr,Direccional,1,1056.33,0.73,0.5,40,0.4,13.000492298370858,ferrariChampions2026,13.000492298370858,1056.33,1,1.0,0.0,0.0,45.0,100.0,
0xa5dbc5ba32e71c036ee0105ca500767a98694ff88a72c080eb0490685baed25e,Set Handicap: Carlos Alcaraz (-1.5) vs Jiri Lehecka (+1.5),Carlos Alcaraz,Direccional,1,1050.0,0.53,0.525,47,0.4,12.96148139681572,jtwyslljy,12.96148139681572,1050.0,1,1.0,0.0,0.0,45.0,100.0,
0xd41e70b42d2326b8007a170887b69f84f815ae7d2bd03e1eadbcd0487870a988,Will FC Cincinnati win on 2026-09-05?,No,Direccional,1,1034.4025,0.4,0.445,40,0.4,12.864851339988348,ferrariChampions2026,12.864851339988348,1034.4025,1,1.0,0.0,0.0,45.0,100.0,Revisar reglas: un pick NO puede incluir empate o una resolución distinta a clasificación.
0xb8d185def93836c113521400fb631c4a907358c28b55874c2e00e2604b9e87a3,Will Casper Ruud win the 2026 Men's US Open?,Yes,Direccional,1,1020.3071,0.4964,0.0005,20,0.75,23.95668474038092,ndb1,23.95668474038092,1020.3071,1,1.0,0.0,0.0,45.0,100.0,
0x3dcccd5c5b3499441ecfcc357020958b654e8ac63bfa7aae674cb85b0a32dac2,Set Handicap: Jay Clarke (-1.5) vs Gabriele Piraino (+1.5),Gabriele Piraino,Direccional,1,992.9474,0.5828,0.615,31,0.55,17.331087343268454,omnibus-076daa,17.331087343268454,992.9474,1,1.0,0.0,0.0,45.0,100.0,
0xc80aca25d68cf36c84f6df6e1c424b08e547dc3d8bd23029d36470cfe129e42b,Will Oura's market cap be between $10B and $12.5B at market close on IPO day?,No,Direccional,1,992.5,0.979,0.9925,20,0.75,23.627976003035048,ndb1,23.627976003035048,992.5,1,1.0,0.0,0.0,45.0,100.0,Revisar reglas: un pick NO puede incluir empate o una resolución distinta a clasificación.
0x8e6d892346600222b7cb8350acd0e97dda1ae616259ba117ea2e9b59bbe038a1,Will the Seattle Seahawks win the 2027 NFL league championship?,Yes,Direccional,1,967.1617,0.06,0.075,13,0.75,23.32441759723059,BreakTheBank,23.32441759723059,967.1617,1,1.0,0.0,0.0,45.0,100.0,
0xd69ff27359e40f6e75253de2993d1dd785b4b76ea52b4aae66c902fa7c24e9d4,Will Roma reach the 2027 UEFA Champions League semifinal?,No,Direccional,1,960.0,0.87,0.96,20,0.75,23.237900077244504,ndb1,23.237900077244504,960.0,1,1.0,0.0,0.0,45.0,100.0,Revisar reglas: un pick NO puede incluir empate o una resolución distinta a clasificación.
0xa073b3bb7683a966b04e74d16b45bd39aa3e48dfbb9200007ec3bb164b73ebfb,Will Josh Jacobs have 10+ rushing touchdowns in the 2026-27 NFL regular season?,No,Direccional,1,952.0654,0.863,0.9465,20,0.75,23.141667776977528,ndb1,23.141667776977528,952.0654,1,1.0,0.0,0.0,45.0,100.0,Revisar reglas: un pick NO puede incluir empate o una resolución distinta a clasificación.
0x8191d0b9c3ae9ac8ea92c057fe24c679b002560b3c2bf95e119b1a40820be469,Will South Florida Bulls Win the 2026 American Conference?,No,Direccional,1,942.9408,0.7773,0.96,20,0.75,23.03050585636364,ndb1,23.03050585636364,942.9408,1,1.0,0.0,0.0,45.0,100.0,Revisar reglas: un pick NO puede incluir empate o una resolución distinta a clasificación.
0xebbdb14ecacf91fd7d0e77c5420bd1d18fecfea7108476539dce122b2e7b4e65,Will the Los Angeles Chargers win more than 10.5 games in the 2026 NFL Regular Season?,U 10.5,Direccional,1,940.2903,0.9264,0.979,20,0.75,22.998115004278066,ndb1,22.998115004278066,940.2903,1,1.0,0.0,0.0,45.0,100.0,
0x17d55ef9eb4ac01497d29b81cd73a09b5b5cbf899d17ca3c614ddf3ef2f4bc18,Will Newcastle United win the 2026-27 English Premier League (EPL) Championship?,Yes,Direccional,1,936.1073,0.0308,0.0025,13,0.75,22.94690297730829,BreakTheBank,22.94690297730829,936.1073,1,1.0,0.0,0.0,45.0,100.0,
0xf56c3543401052711ed407ec692c414e3ccde973a1195cf7274f71d1981c9242,Will Baltimore Ravens win the 2027 NFL AFC Championship?,Yes,Direccional,1,935.7727,0.13,0.135,20,0.75,22.94280156715827,ndb1,22.94280156715827,935.7727,1,1.0,0.0,0.0,45.0,100.0,
0x94ebda97a3dd8f290b3374227019b16a9b9c1187a665f1a6150d4de71e047511,Will Puka Nacua have 10+ receiving touchdowns in the 2026-27 NFL regular season?,No,Direccional,1,910.0,0.88,0.91,20,0.75,22.624654693497533,ndb1,22.624654693497533,910.0,1,1.0,0.0,0.0,45.0,100.0,Revisar reglas: un pick NO puede incluir empate o una resolución distinta a clasificación.
0x9208a65d5782c80ee0c212fc31450164f7f4339e1fb84b26f41e9ae2b3533b26,Will the season series between the Browns and Steelers end in a tie during the 2026-27 NFL regular season?,No,Direccional,1,901.4976,0.5222,0.37,20,0.75,22.518712218952487,ndb1,22.518712218952487,901.4976,1,1.0,0.0,0.0,45.0,100.0,Revisar reglas: un pick NO puede incluir empate o una resolución distinta a clasificación.
0x09342f95b206b85e59e0eebe2c6a78617b69dccc3c95073b0989c98408d1ba5a,Will Texas Tech Red Raiders Win the 2026 Big 12 Championship?,Yes,Direccional,1,875.98,0.4109,0.28,20,0.75,22.19771947745984,ndb1,22.19771947745984,875.98,1,1.0,0.0,0.0,45.0,100.0,
0x7bb6a24c932a69a04ea2b88edee11ffe904765e459ff7862ebb6355961ec0b42,Will Bournemouth win the 2026-27 English Premier League (EPL) Championship?,Yes,Direccional,1,872.1591,0.0218,0.0015,13,0.75,22.149254925391958,BreakTheBank,22.149254925391958,872.1591,1,1.0,0.0,0.0,45.0,100.0,
0x2347088cd39774dc8ef96e336e86d53bb835e835ac3185adada258c3ff6487e1,Will Zane Gonzalez finish as a top-12 K in the 2026-27 NFL season?,No,Direccional,1,867.9315,0.976,0.9935,20,0.75,22.09550788621977,ndb1,22.09550788621977,867.9315,1,1.0,0.0,0.0,45.0,100.0,Revisar reglas: un pick NO puede incluir empate o una resolución distinta a clasificación.
0x6dfd459d0306dac2c0fd5166cdfde2cc913ae6ac59c04d461eaea167bada8d46,Will Donyell Malen (Roma) be the top goalscorer of the 2026-27 Serie A season?,No,Mercado especial de jugador,1,867.26,0.4199,0.515,20,0.75,22.086958821893067,ndb1,22.086958821893067,867.26,1,1.0,0.0,0.0,45.0,100.0,Revisar reglas: un pick NO puede incluir empate o una resolución distinta a clasificación.
0x68b4cb637d398453132b9e16b2f28986b2f17ca59f214bb9aa9c4962fc701d6a,W15 Maanshan: Satima Toregen vs Phitchayaphak Srimuk,Satima Toregen,Direccional,1,845.1372,0.2759,0.9995,48,0.4,11.628497409381835,CandleHammerDrums,11.628497409381835,845.1372,1,1.0,0.0,0.0,45.0,100.0,
0xb5d8518e3ac3e89144d5d2a81e8c6d89829eee1f7945180dbc8044f230cd359a,Will the 49ers win the season series against the Cardinals during the 2026-27 NFL regular season?,Yes,Direccional,1,840.0927,0.6375,0.505,20,0.75,21.73826450639517,ndb1,21.73826450639517,840.0927,1,1.0,0.0,0.0,45.0,100.0,
0xc022132e7e7c1ccf5e49ee72493dc4819cd35ae03a92ad88afdc1953558c1f50,Will the Baltimore Ravens make the 2027 NFL Playoffs?,Yes,Direccional,1,831.9031,0.6956,0.805,20,0.75,21.632047839952648,ndb1,21.632047839952648,831.9031,1,1.0,0.0,0.0,45.0,100.0,
0x228573c05f6c4871bc1933adc6455153503714a2f096ce1011a7f7d95efa1fbb,Villena: Abedallah Shelbayh vs David Jorda Sanchis,Abedallah Shelbayh,Direccional,1,823.8228,0.5646,0.575,31,0.55,15.786272422582858,omnibus-076daa,15.786272422582858,823.8228,1,1.0,0.0,0.0,45.0,100.0,
0xbd2dbee975135feba0ac2eda2d577df6ca5acfd13459ce93dd1853c5d8649059,"Will Luther Burden III be the first WR to 1,000 receiving yards in the 2026-27 NFL regular season?",No,Direccional,1,813.7392,0.97,0.998,20,0.75,21.394585763692643,ndb1,21.394585763692643,813.7392,1,1.0,0.0,0.0,45.0,100.0,Revisar reglas: un pick NO puede incluir empate o una resolución distinta a clasificación.
0x61c6eaf316712888ca3ea3125ca9ddd4e8599bec742a041e90b0fa5040d13436,Spread: Korea Republic (-1.5),Uzbekistan,Direccional,1,808.27,0.7,0.655,31,0.55,15.63654933161406,omnibus-076daa,15.63654933161406,808.27,1,1.0,0.0,0.0,45.0,100.0,
0xc133482d19ef3092d91c90c6e9261e8ffd141870608a3549bbffe31c6ac506f8,KBO: LG Twins vs. Lotte Giants,Lotte Giants,Direccional,1,803.7766,0.3865,0.67,2,1.0,28.350954128565057,RN1,28.350954128565057,803.7766,1,1.0,0.0,0.0,45.0,100.0,
0x99d58e7afbaefc1fe6087d851b33f145b1a946cbcdbaa57159131982debcb313,Set Handicap: Karolina Muchova (-1.5) vs Naomi Osaka (+1.5),Naomi Osaka,Direccional,1,799.6,0.4949,0.9995,31,0.55,15.552459612550036,omnibus-076daa,15.552459612550036,799.6,1,1.0,0.0,0.0,45.0,100.0,
0xbd1ad1fd198823d5afdda70faf90cb63b120938e8bf9cc24b187ecddb6ac88b7,Will the Miami Dolphins have more than 6.5 wins during the 2026 NFL season?,No,Direccional,1,797.9828,0.9446,0.972,20,0.75,21.18644200898301,ndb1,21.18644200898301,797.9828,1,1.0,0.0,0.0,45.0,100.0,Revisar reglas: un pick NO puede incluir empate o una resolución distinta a clasificación.
0xdc0613b75d774672fec26c078f168ca36ea32be73361710e3486b5250f0db202,Will Alexia Putellas finish in the top 5 of the 2026 Women's Ballon d'Or?,Yes,Direccional,1,795.6866,0.9668,0.9895,20,0.75,21.155937996222242,ndb1,21.155937996222242,795.6866,1,1.0,0.0,0.0,45.0,100.0,
0x16a4eb4f9ba2c5601406f85e5a86decb01f265adae6fd57e208085651b302a56,KBO: Doosan Bears vs. KT Wiz,KT Wiz,Direccional,1,790.6373,0.5688,0.5,40,0.4,11.247309367133102,ferrariChampions2026,11.247309367133102,790.6373,1,1.0,0.0,0.0,45.0,100.0,
0xb5d21ac2208de59e6e063489df780baaa47f44070b05a0de5d791967446505b8,Will Jayden Daniels have 749.5+ rushing yards in the 2026-27 NFL regular season?,No,Direccional,1,790.0,0.73,0.79,20,0.75,21.080203983832796,ndb1,21.080203983832796,790.0,1,1.0,0.0,0.0,45.0,100.0,Revisar reglas: un pick NO puede incluir empate o una resolución distinta a clasificación.
0x96307a5d65398262afc4925b9be30d6e2522237a3587c7e88b3945fb9e8900ff,Will the Tennessee Titans have more than 8.5 wins during the 2026 NFL season?,No,Direccional,1,789.4475,0.9471,0.9475,20,0.75,21.072831294109484,ndb1,21.072831294109484,789.4475,1,1.0,0.0,0.0,45.0,100.0,Revisar reglas: un pick NO puede incluir empate o una resolución distinta a clasificación.
0x1d3395a1a8fd711816d9c31dab69b6233ffb16fe89806c177be5c622f90e02be,Will Nico Collins finish as a top-5 FLEX in the 2026-27 NFL season?,No,Direccional,1,773.7604,0.9376,0.9645,20,0.75,20.86241177333052,ndb1,20.86241177333052,773.7604,1,1.0,0.0,0.0,45.0,100.0,Revisar reglas: un pick NO puede incluir empate o una resolución distinta a clasificación.
0xfa3480e5aca93cc74b731484a3dc74968847f9c453707cad3950a02af482f568,KBO: Lotte Giants vs. KT Wiz,Lotte Giants,Direccional,1,769.2387,0.3823,0.78,40,0.4,11.094061113947408,ferrariChampions2026,11.094061113947408,769.2387,1,1.0,0.0,0.0,45.0,100.0,
0x0f389f492780201f30fa361679935242e8a73fff6c7baaa2bc8004372afb3d3d,Will Cincinnati have more than 5.5 wins during the 2026 CFB season?,O 5.5,Direccional,1,756.8847,0.3941,0.715,20,0.75,20.633653184785285,ndb1,20.633653184785285,756.8847,1,1.0,0.0,0.0,45.0,100.0,
0x87091dc5932f015d80c40e71e47cb043c3f8b6098484eb5bc3943cf35ee9afc1,Will Kylian Mbappé win the 2026 Ballon d'Or?,Yes,Direccional,1,747.3252,0.0197,0.0215,13,0.75,20.50293698473465,BreakTheBank,20.50293698473465,747.3252,1,1.0,0.0,0.0,45.0,100.0,
0x3a2fe548de32c9f908aa122214de7bf455a6897987e28f11bf25e9781b708df7,KBO: Kiwoom Heroes vs. Hanwha Eagles,Hanwha Eagles,Direccional,1,741.4246,0.6707,0.994,40,0.4,10.8916452384385,ferrariChampions2026,10.8916452384385,741.4246,1,1.0,0.0,0.0,45.0,100.0,
0x73d21ce323cffd27242d9713f1b8c7959fadd96863b250b7bdfa00aea4e6db3c,Will a player from the SEC win the 2026 Heisman Trophy?,No,Direccional,1,737.6547,0.6376,0.915,20,0.75,20.369849502389556,ndb1,20.369849502389556,737.6547,1,1.0,0.0,0.0,45.0,100.0,Revisar reglas: un pick NO puede incluir empate o una resolución distinta a clasificación.
0x84ed0eea4e7c92fd0f3d9134c955584a7ebfdaef14283892b47513d4b77a568d,ITF Rognac: Loic Namigandet Tenguere vs Alexandre Reco,Alexandre Reco,Direccional,1,736.0039,0.6982,0.5,40,0.4,10.851756724143792,ferrariChampions2026,10.851756724143792,736.0039,1,1.0,0.0,0.0,45.0,100.0,
0xb4e8b4fd24abad846a9bc457bd883436ff330b345ed8ad0a6b10aedf86f81700,Will AEK Athens finish top 8 in UCL league phase?,No,Direccional,1,735.142,0.9353,0.937,20,0.75,20.335126628570574,ndb1,20.335126628570574,735.142,1,1.0,0.0,0.0,45.0,100.0,Revisar reglas: un pick NO puede incluir empate o una resolución distinta a clasificación.
0x7c488ef9ff2e19fe93166f2454c9869503095c55cefeedb3072498f76c26cff2,Will Lille finish 9th-24th in UCL league phase?,Yes,Direccional,1,733.121,0.62,0.495,20,0.75,20.307155450727215,ndb1,20.307155450727215,733.121,1,1.0,0.0,0.0,45.0,100.0,
0xa971f441ff729fa1e75a3eba0c200625608a3e879cbcefe44a36095a71412f2a,"Will Cameron Ward be the first QB to 2,000 passing yards in the 2026-27 NFL regular season?",No,Direccional,1,724.9673,0.9297,0.9835,20,0.75,20.19391260380217,ndb1,20.19391260380217,724.9673,1,1.0,0.0,0.0,45.0,100.0,Revisar reglas: un pick NO puede incluir empate o una resolución distinta a clasificación.
0xfde18002e1a4b629a4338d07406f3f8af001c2a4ce21075d54f69eaa1c1b9643,"Will Rico Dowdle be the first RB to 1,000 rushing yards in the 2026-27 NFL regular season?",No,Direccional,1,723.8126,0.9759,0.9985,20,0.75,20.17782415177613,ndb1,20.17782415177613,723.8126,1,1.0,0.0,0.0,45.0,100.0,Revisar reglas: un pick NO puede incluir empate o una resolución distinta a clasificación.
0x092c7daf7c2f10fd47659e9ddebc11f0564dbe02b6aa217fac3e032efc60f763,Samsun: Antonia Ruzic vs Alicia Dudeney,Antonia Ruzic,Direccional,1,719.6555,0.6911,0.725,31,0.55,14.754517570900108,omnibus-076daa,14.754517570900108,719.6555,1,1.0,0.0,0.0,45.0,100.0,
0x05337743ecd971f2f0f8e18cc4d9af949975c4e85a3cefac83a17d5c5779d3f6,"Will De'Von Achane have 1,000+ rushing yards in the 2026-27 NFL regular season?",No,Direccional,1,700.5963,0.9024,0.996,20,0.75,19.851584791900116,ndb1,19.851584791900116,700.5963,1,1.0,0.0,0.0,45.0,100.0,Revisar reglas: un pick NO puede incluir empate o una resolución distinta a clasificación.
0x0a1a4f3a726c32d2c0f663ee973add0c7052481cd257025aa028b5c39828f7c8,"UFC Fight Night: Brendan Allen vs. Christian Leroy Duncan (Middleweight, Main Card)",Christian Leroy Duncan,Direccional,1,679.6881,0.4637,0.445,31,0.55,14.338955688961452,omnibus-076daa,14.338955688961452,679.6881,1,1.0,0.0,0.0,45.0,100.0,
0xa913f23554ce327bcde30cf27a71977190f2c38392c35f07f24ea66c1e8a0db7,"Will Josh Jacobs be the first RB to 1,000 rushing yards in the 2026-27 NFL regular season?",No,Direccional,1,678.9792,0.9588,0.9915,20,0.75,19.542921992373607,ndb1,19.542921992373607,678.9792,1,1.0,0.0,0.0,45.0,100.0,Revisar reglas: un pick NO puede incluir empate o una resolución distinta a clasificación.
0x3e527857282180575e391371d632e24e3ab5f6d361d926df4570e0abb56f9104,Will Uganda win AFCON 2027?,No,Direccional,1,675.024,0.8791,0.984,20,0.75,19.485917992232235,ndb1,19.485917992232235,675.024,1,1.0,0.0,0.0,45.0,100.0,Revisar reglas: un pick NO puede incluir empate o una resolución distinta a clasificación.
0x62cbf6438c0aa2064e2fa8ca2fa2db556d08749d4f9db23fae48fffb520b4e48,Tokyo Yakult Swallows vs. Hiroshima Carp,Hiroshima Carp,Direccional,1,673.2837,0.4599,0.994,1,1.0,25.947710881694363,swisstony,25.947710881694363,673.2837,1,1.0,0.0,0.0,45.0,100.0,
0x25f0be673e8eea29f8201538fd74a0b7cd3cefc43535cf8bb0e087738381e1f3,Will Atlético Madrid reach the 2027 UEFA Champions League Round of 16?,Yes,Direccional,1,672.4639,0.5245,0.575,20,0.75,19.44893168659914,ndb1,19.44893168659914,672.4639,1,1.0,0.0,0.0,45.0,100.0,
0xa7b594ae07d5c1590fa86028fcc2f8705990437237416556c05837a08b2e1cda,"Will Bitcoin reach $150,000 by December 31, 2026?",No,Direccional,1,671.3158,0.95,0.9735,20,0.75,19.432321979115105,ndb1,19.432321979115105,671.3158,1,1.0,0.0,0.0,45.0,100.0,Revisar reglas: un pick NO puede incluir empate o una resolución distinta a clasificación.
0x9f67abc08333edeb44a3fc6d69977cc7698372cd9a41820333ba0956247ea32e,Will Finland win on 2026-10-06?,No,Direccional,1,665.7761,0.5199,0.515,31,0.55,14.191450604148967,omnibus-076daa,14.191450604148967,665.7761,1,1.0,0.0,0.0,45.0,100.0,Revisar reglas: un pick NO puede incluir empate o una resolución distinta a clasificación.
0xf522900a3ea6c7b1c79ab25f590500b033badff27cca911e78adea5a81e1c5da,Will the San Francisco 49ers have more than 12.5 wins during the 2026 NFL season?,No,Direccional,1,665.0046,0.65,0.585,20,0.75,19.340762329856595,ndb1,19.340762329856595,665.0046,1,1.0,0.0,0.0,45.0,100.0,Revisar reglas: un pick NO puede incluir empate o una resolución distinta a clasificación.
0x2e6cbf4e3233513a752738ffb3d80fa4241c45ab47022274c4da9a193c63ae98,Palermo: Samuele Pieri vs Martin Krumich,Martin Krumich,Direccional,1,655.9675,0.72,0.875,40,0.4,10.244744994386146,ferrariChampions2026,10.244744994386146,655.9675,1,1.0,0.0,0.0,45.0,100.0,
0x27ab8e0e3fc0a5e7054b55e9e431220a4a45608fec4beb44c5acc5e9895ac209,"Will Aaron Jones be the first RB to 1,000 rushing yards in the 2026-27 NFL regular season?",No,Direccional,1,649.9671,0.9585,0.9965,20,0.75,19.12083925328593,ndb1,19.12083925328593,649.9671,1,1.0,0.0,0.0,45.0,100.0,Revisar reglas: un pick NO puede incluir empate o una resolución distinta a clasificación.
0xe3c90c8836bbdcb619f6b749e7095458baca9be96cc81f125568bea771336207,Set 1 Winner: Samson vs Sobolieva,Sobolieva,Direccional,1,647.4618,0.5179,0.5,40,0.4,10.178108272169245,ferrariChampions2026,10.178108272169245,647.4618,1,1.0,0.0,0.0,45.0,100.0,
0x03f76551a9bf47f100ecdfa7b89ebfa31e477f84c636328434e14fc2ce19da4c,KBO: Doosan Bears vs. Samsung Lions,Doosan Bears,Direccional,1,646.0536,0.601,0.9955,40,0.4,10.16703378572138,ferrariChampions2026,10.16703378572138,646.0536,1,1.0,0.0,0.0,45.0,100.0,
0x3a4a186c3c326f499f6e6e98f28b5f309902c2947daab3f74093efb16df1cb2d,Will Mike Evans finish as a top-12 WR in the 2026-27 NFL season?,No,Direccional,1,640.9244,0.798,0.946,20,0.75,18.987363561063447,ndb1,18.987363561063447,640.9244,1,1.0,0.0,0.0,45.0,100.0,Revisar reglas: un pick NO puede incluir empate o una resolución distinta a clasificación.
0xe97d748bb7adc205377e689306dc8059290f544baeb8115af5b46da2e6b3a0cd,"Will Emeka Egbuka be the first WR to 1,000 receiving yards in the 2026-27 NFL regular season?",No,Direccional,1,637.2928,0.9566,0.998,20,0.75,18.933494130772587,ndb1,18.933494130772587,637.2928,1,1.0,0.0,0.0,45.0,100.0,Revisar reglas: un pick NO puede incluir empate o una resolución distinta a clasificación.
0x9c360539f299a92cec95266c57911ec6729bbf2c1abafed2e48b48952bf12273,"UFC Fight Night: Otari Tanzilovi vs. Malcolm Wellmaker (Bantamweight, Main Card)",Malcolm Wellmaker,Direccional,1,634.9296,0.6798,0.655,31,0.55,13.858795185729532,omnibus-076daa,13.858795185729532,634.9296,1,1.0,0.0,0.0,45.0,100.0,
0xd24073980ba6352d2b0152be2ba5ab41667db6164a3f8aa28eb845f880671fb7,Will Josh Jacobs finish as a top-5 RB in the 2026-27 NFL season?,No,Direccional,1,630.497,0.9529,0.9735,20,0.75,18.832274490883997,ndb1,18.832274490883997,630.497,1,1.0,0.0,0.0,45.0,100.0,Revisar reglas: un pick NO puede incluir empate o una resolución distinta a clasificación.
0x7797d8b255842fa9f490e09ce671fd8828d240797c7973fa67fff904481aeb6b,Will Courtland Sutton have 10+ receiving touchdowns in the 2026-27 NFL regular season?,No,Direccional,1,629.6715,0.9199,0.9815,20,0.75,18.819942049591972,ndb1,18.819942049591972,629.6715,1,1.0,0.0,0.0,45.0,100.0,Revisar reglas: un pick NO puede incluir empate o una resolución distinta a clasificación.
0x238c58aa8ea888538a6236251278776e672923aa99fc252ea73b3b4107446fc3,Will Patrick Mahomes win the 2026 NFL Comeback Player of the Year award for the 2026-27 NFL season?,Yes,Direccional,1,629.1379,0.6796,0.665,20,0.75,18.811966105380904,ndb1,18.811966105380904,629.1379,1,1.0,0.0,0.0,45.0,100.0,
0x7e43c297f5cd11002abf76251d175186d20ae71b7b0bcf66090c0d5ba98ed79b,Will Galatasaray finish top 8 in UCL league phase?,No,Direccional,1,625.9575,0.9324,0.947,20,0.75,18.764357003372112,ndb1,18.764357003372112,625.9575,1,1.0,0.0,0.0,45.0,100.0,Revisar reglas: un pick NO puede incluir empate o una resolución distinta a clasificación.
0x26af9f34f480490dc6fdc05090eed88c9fcf541e5b76a3c4d974f4b2e4781999,Braga: Mackenzie McDonald vs Ryan Nijboer,Ryan Nijboer,Direccional,1,622.1058,0.5242,0.535,31,0.55,13.718126858284991,omnibus-076daa,13.718126858284991,622.1058,1,1.0,0.0,0.0,45.0,100.0,
0x12b694614a4257dc5ac89d0890bea975332601bda562dfab71e3304926c92640,Will Real Madrid reach the 2027 UEFA Champions League quarterfinal?,No,Direccional,1,619.0106,0.26,0.175,20,0.75,18.659942724992487,ndb1,18.659942724992487,619.0106,1,1.0,0.0,0.0,45.0,100.0,Revisar reglas: un pick NO puede incluir empate o una resolución distinta a clasificación.
0xc54dfdb629de30d9d799b5a56aeab1fe64f7a9786287fa4e5d83404420316f4a,Will Anze Kopitar record 80+ points in the 2026-27 regular season?,No,Direccional,1,617.118,0.9723,0.978,20,0.75,18.631394875317305,ndb1,18.631394875317305,617.118,1,1.0,0.0,0.0,45.0,100.0,Revisar reglas: un pick NO puede incluir empate o una resolución distinta a clasificación.
0x13c6cc0af4836015fcfdab862cadc62b2117df300b69ba173416fcfe9110649b,Counter-Strike: 9z vs BetBoom Team (BO3) - ESL Pro League Group Stage,BetBoom Team,Direccional,1,610.6007,0.578,0.575,31,0.55,13.590684741763383,omnibus-076daa,13.590684741763383,610.6007,1,1.0,0.0,0.0,45.0,100.0,
0xd8e6438816fca9d87b306eb31c96aba02c5393391f3f7eddc74a0dd3c6173cfc,Will Tottenham win the 2026-27 English Premier League (EPL) Championship?,Yes,Direccional,1,607.8685,0.0308,0.0035,13,0.75,18.491242014802573,BreakTheBank,18.491242014802573,607.8685,1,1.0,0.0,0.0,45.0,100.0,
0xedc3a0e94af5ed7b79dde2d22c0364617f3474e2f9df8efeec815c44ebefa7ba,Will Jackson Merrill win a 2026 NL Gold Glove Award?,No,Direccional,1,606.67,0.93,0.9785,20,0.75,18.473003951712887,ndb1,18.473003951712887,606.67,1,1.0,0.0,0.0,45.0,100.0,Revisar reglas: un pick NO puede incluir empate o una resolución distinta a clasificación.
0xe69b7cbff28dca5418151cbd7a968ae93cf939887d9a709295489ee0cea5537b,W35 Seville: Ainara Fernandez Sanchez vs Carlota Martinez Cirez,Carlota Martinez Cirez,Direccional,1,606.2141,0.9679,0.9865,31,0.55,13.541778511332994,omnibus-076daa,13.541778511332994,606.2141,1,1.0,0.0,0.0,45.0,100.0,
0x3727847db4f85c58e618b9ca64b382d791716a9f8a84546c6338ba8a85637e0f,Will Ipswich Town be relegated from the 2026-27 Premier League?,No,Direccional,1,604.5415,0.5454,0.6,20,0.75,18.440569236062103,ndb1,18.440569236062103,604.5415,1,1.0,0.0,0.0,45.0,100.0,Revisar reglas: un pick NO puede incluir empate o una resolución distinta a clasificación.
0x1e1e2cc0da1cd0c90fa834860d8f92ed024f53fabfe9df8d2f6608c684a5c10b,Will Fulham win the 2026-27 English Premier League (EPL) Championship?,Yes,Direccional,1,600.0,0.0308,0.0015,13,0.75,18.371173070873837,BreakTheBank,18.371173070873837,600.0,1,1.0,0.0,0.0,45.0,100.0,
0x273a7791e26b74a7eae509b1613fe9a388766795d75d8274e04ce5363cb590ea,Will Nottingham Forest win the 2026-27 English Premier League (EPL) Championship?,Yes,Direccional,1,600.0,0.0308,0.0015,13,0.75,18.371173070873837,BreakTheBank,18.371173070873837,600.0,1,1.0,0.0,0.0,45.0,100.0,
0x7149f6c60e0ab868cfb9d598c74a882ff8b59a994762c2904ce998e40ba94310,Will Coventry City win the 2026-27 English Premier League (EPL) Championship?,Yes,Direccional,1,600.0,0.0308,0.0015,13,0.75,18.371173070873837,BreakTheBank,18.371173070873837,600.0,1,1.0,0.0,0.0,45.0,100.0,
0x8652a1b72d13868775062c003c4513868905d10938cde876b945432e6bf72a3d,Will Sunderland win the 2026-27 English Premier League (EPL) Championship?,Yes,Direccional,1,600.0,0.0308,0.0015,13,0.75,18.371173070873837,BreakTheBank,18.371173070873837,600.0,1,1.0,0.0,0.0,45.0,100.0,
0xc9402a96517ca15f5767ca5ffa133d8371870282d4914b2ee3caf7c3e7fa5bfd,Will Ipswich Town win the 2026-27 English Premier League (EPL) Championship?,Yes,Direccional,1,600.0,0.0308,0.0015,13,0.75,18.371173070873837,BreakTheBank,18.371173070873837,600.0,1,1.0,0.0,0.0,45.0,100.0,
0xabaec8ed3087d233d526a870535be0167f67393eaaa5c0e937c044c9216d60d7,Will the Tampa Bay Buccaneers have more than 8.5 wins during the 2026 NFL season?,No,Direccional,1,598.169,0.7979,0.89,20,0.75,18.34312030435389,ndb1,18.34312030435389,598.169,1,1.0,0.0,0.0,45.0,100.0,Revisar reglas: un pick NO puede incluir empate o una resolución distinta a clasificación.
0xda7d05262b576bc81ac8efb3b85017c4c2806243f61cb29b4177ba5830f7bb73,KBO: Hanwha Eagles vs. LG Twins,LG Twins,Direccional,1,587.5062,0.507,0.756,1,1.0,24.238527182978757,swisstony,24.238527182978757,587.5062,1,1.0,0.0,0.0,45.0,100.0,
0x1ef095715fd9ff03c94a1cd25bb02f94fe5f9a7b4454d5dc96ce55219d21d5c7,KBO: Doosan Bears vs. Samsung Lions,Samsung Lions,Direccional,1,581.1421,0.7601,0.994,40,0.4,9.642755622746023,ferrariChampions2026,9.642755622746023,581.1421,1,1.0,0.0,0.0,45.0,100.0,
0x968e48b511e76c798aabbafc5c5de292dc15bf4ba8d4aa6d560767eeddd588ad,Will Everton win the 2026-27 English Premier League (EPL) Championship?,Yes,Direccional,1,578.664,0.0308,0.0015,13,0.75,18.041576982071163,BreakTheBank,18.041576982071163,578.664,1,1.0,0.0,0.0,45.0,100.0,
0x50b69931d6aa53914420d372b3e85d1f3d4a9cdb3919e8128b5e6fe60862e50c,W35 Lagos: Baylen Brown vs Arina Arifullina,Arina Arifullina,Direccional,1,570.77,0.9633,0.9635,31,0.55,13.139936263163532,omnibus-076daa,13.139936263163532,570.77,1,1.0,0.0,0.0,45.0,100.0,
0x4d2ac31806e84abeb8d7a4acb8694e249c2d22fa70e98a0f86e99fef2d31a216,"Will Jadarian Price be the first RB to 1,000 rushing yards in the 2026-27 NFL regular season?",No,Direccional,1,566.2095,0.9445,0.8945,20,0.75,17.84636780272109,ndb1,17.84636780272109,566.2095,1,1.0,0.0,0.0,45.0,100.0,Revisar reglas: un pick NO puede incluir empate o una resolución distinta a clasificación.
0xca1354651c1635c7ae6867f3f13582e5b291b237d1cfff53fa7f0df81a8a4423,Will Wan'Dale Robinson finish as a top-5 WR in the 2026-27 NFL season?,No,Direccional,1,557.176,0.8837,0.9905,20,0.75,17.703431870685414,ndb1,17.703431870685414,557.176,1,1.0,0.0,0.0,45.0,100.0,Revisar reglas: un pick NO puede incluir empate o una resolución distinta a clasificación.
0xe29929ea596323e80ab9c7f47e0518b5bfceb57108f87ca8fc76b03ea0170ef1,W35 Seville: Ares Teixido Garcia vs Lucie Nguyen Tan,Lucie Nguyen Tan,Direccional,1,555.1095,0.84,0.9895,40,0.4,9.424304748892622,ferrariChampions2026,9.424304748892622,555.1095,1,1.0,0.0,0.0,45.0,100.0,
0x49b1e1afefb178d61b93a2a3cb3a7b7595092a052651c9dc021418c83042d6b7,"UFC Fight Night: Melissa Gatto vs. Ernesta Kareckaite (Women's Flyweight, Prelims)",Ernesta Kareckaite,Direccional,1,549.0653,0.4582,0.485,31,0.55,12.887678349881332,omnibus-076daa,12.887678349881332,549.0653,1,1.0,0.0,0.0,45.0,100.0,
0x29038d87f39c466cf1d822b18510f9653091fb18024f8c54d11fb04a93ce5131,"Will Bucky Irving be the first RB to 1,000 rushing yards in the 2026-27 NFL regular season?",No,Direccional,1,547.8726,0.9347,0.969,20,0.75,17.555008900595865,ndb1,17.555008900595865,547.8726,1,1.0,0.0,0.0,45.0,100.0,Revisar reglas: un pick NO puede incluir empate o una resolución distinta a clasificación.
0x91737db4fdda3dc05160ab9fbf941cb537f3dfee1a47b37baf121e8b94d47256,"Will Carnell Tate be the first WR to 1,000 receiving yards in the 2026-27 NFL regular season?",No,Direccional,1,542.4143,0.9479,0.995,20,0.75,17.467342206243057,ndb1,17.467342206243057,542.4143,1,1.0,0.0,0.0,45.0,100.0,Revisar reglas: un pick NO puede incluir empate o una resolución distinta a clasificación.
0x97954cb222b1b873fb98e88bce8f9f9544dd45c253ea99474ab4a2d1bd4a42b9,KBO: KT Wiz vs. Samsung Lions,KT Wiz,Direccional,1,537.7308,0.5299,0.749,1,1.0,23.189023265329656,swisstony,36.34607341914453,845.4783,2,0.6380062846930619,13.157050153814875,307.74749999999995,45.0,63.8,
0xb24efff173d9ff799f16c9650a4fd9025222cd6f9bd64a18b807a6b394b1d1e4,M25 Darwin: Ethan Cook vs Reece Falck,Ethan Cook,Direccional,1,535.652,0.36,0.9995,40,0.4,9.257662771995966,ferrariChampions2026,9.257662771995966,535.652,1,1.0,0.0,0.0,45.0,100.0,
0x5b3cdb0752f14ae759ebcac108e7668eadd003ecca5469cd4768a5a78c053680,Will Jordan Love have 24.5+ passing touchdowns in the 2026-27 NFL regular season?,No,Direccional,1,535.0,0.5,0.535,20,0.75,17.347550259330568,ndb1,17.347550259330568,535.0,1,1.0,0.0,0.0,45.0,100.0,Revisar reglas: un pick NO puede incluir empate o una resolución distinta a clasificación.
0x94db1afac3a30430f18333a57741b5deb69188fc7b4e39a7b31c9ddf3d79ab55,"Will Jaxson Dart have 3,500+ passing yards in the 2026-27 NFL regular season?",No,Direccional,1,526.5337,0.9344,0.989,20,0.75,17.209741609042247,ndb1,17.209741609042247,526.5337,1,1.0,0.0,0.0,45.0,100.0,Revisar reglas: un pick NO puede incluir empate o una resolución distinta a clasificación.
0xa8c4cb3b48d18dcdb534b08bedf9fb314237771a94fe0bad80927240f6b4945c,"Will Michael Wilson have 1,000+ receiving yards in the 2026-27 NFL regular season?",No,Direccional,1,525.0,0.7,0.525,20,0.75,17.184658856084397,ndb1,17.184658856084397,525.0,1,1.0,0.0,0.0,45.0,100.0,Revisar reglas: un pick NO puede incluir empate o una resolución distinta a clasificación.
0x85d7e77f46e92faec56205028d9f5102bc0fd1ca616bc738e5701ef58b8c9eab,Chicago Fire FC vs. Vancouver Whitecaps FC: O/U 2.5,Over,Direccional,1,524.1685,0.6595,0.655,1,1.0,22.894726467027294,swisstony,40.57428245692704,836.7352000000001,2,0.5642669464661992,17.679555989899743,312.5667000000001,45.0,56.4,
0x53bbdde2bff0255be814d3779de1e2b3cb55383defda7af65a76a171cfd3e64b,Will the Las Vegas Raiders make the 2027 NFL Playoffs?,No,Direccional,1,522.3359,0.62,0.635,20,0.75,17.14100183040653,ndb1,17.14100183040653,522.3359,1,1.0,0.0,0.0,45.0,100.0,Revisar reglas: un pick NO puede incluir empate o una resolución distinta a clasificación.
0xe2a3d2b7f25ca730ec4549e9848f9b477db411321f31633fc58b37a85af2e797,Will De'Von Achane have 10+ receiving touchdowns in the 2026-27 NFL regular season?,No,Direccional,1,519.8358,0.9589,0.997,20,0.75,17.099930920913103,ndb1,17.099930920913103,519.8358,1,1.0,0.0,0.0,45.0,100.0,Revisar reglas: un pick NO puede incluir empate o una resolución distinta a clasificación.
0x72bc9768f58f805ee0781878bd6c7541255b4817577cb4f5268e2d05c6d30a27,Will Barcelona reach the 2027 UEFA Champions League quarterfinal?,No,Direccional,1,511.718,0.18,0.18,20,0.75,16.965888570894247,ndb1,16.965888570894247,511.718,1,1.0,0.0,0.0,45.0,100.0,Revisar reglas: un pick NO puede incluir empate o una resolución distinta a clasificación.
0xea5c151e99ac69db573b2c79964dcb6db517cb4964e29d5aada06afde088080e,Palermo: Buvaysar Gadamauri vs Pedro Vives Marcos,Pedro Vives Marcos,Direccional,1,506.295,0.5453,0.325,31,0.55,12.37554998777832,omnibus-076daa,12.37554998777832,506.295,1,1.0,0.0,0.0,45.0,100.0,
0xa496f2aded4600e6543a66d046ff617c15292c875b91be736b49d8078e889068,Pelicans vs. Thunder,Thunder,Direccional,1,501.8105,0.601,0.62,31,0.55,12.320619962079832,omnibus-076daa,12.320619962079832,501.8105,1,1.0,0.0,0.0,45.0,100.0,
0xcba78f02cd07d809471ee9b21813b430d360262db259917a6709806d69e159ea,Set 1 Winner: Gaston vs Dzumhur,Dzumhur,Direccional,1,500.0,0.51,0.5,40,0.4,8.94427190999916,ferrariChampions2026,8.94427190999916,500.0,1,1.0,0.0,0.0,45.0,100.0,
0x05919e4459cd8bf9da0f2d66b35cb5dd68858f7f1ae07dc5c4eddf8efc535d55,"Will Omarion Hampton have 1,149.5+ rushing yards in the 2026-27 NFL regular season?",No,Direccional,1,499.59,0.64,0.61,20,0.75,16.763632512078043,ndb1,16.763632512078043,499.59,1,1.0,0.0,0.0,45.0,100.0,Revisar reglas: un pick NO puede incluir empate o una resolución distinta a clasificación.
0xe13f37e7dca9d9877e13a25097f1e3c2b34f49fe88b44e536a38cac14a25ca41,Will Czechia win on 2026-10-06?,Yes,Direccional,1,496.5728,0.0312,0.0325,31,0.55,12.256152414195903,omnibus-076daa,12.256152414195903,496.5728,1,1.0,0.0,0.0,45.0,100.0,
0x309635264860a40b18a233f3fbe6092016365b328daf036d0bfec1ff78679a26,Will Blake Grupe finish as a top-5 K in the 2026-27 NFL season?,No,Direccional,1,495.4692,0.9618,0.994,20,0.75,16.69435308719688,ndb1,16.69435308719688,495.4692,1,1.0,0.0,0.0,45.0,100.0,Revisar reglas: un pick NO puede incluir empate o una resolución distinta a clasificación.
0xfbf5fae90c0912a65125f958010cfdd7f79d9378e400cca0a32e4233819a3ae2,LoL: JD Gaming vs LGD Gaming (BO3) - Demacia Cup Global Invitational Group Stage,JD Gaming,Direccional,1,495.467,0.5262,0.525,31,0.55,12.242498417398307,omnibus-076daa,12.242498417398307,495.467,1,1.0,0.0,0.0,45.0,100.0,
0x55f45c2dba9b5e40d9bda934c1ee71efe836b5d90b5c5f84c60d323af1b86521,Suzhou: Jiajing Lu vs Tamara Korpatsch,Tamara Korpatsch,Direccional,1,488.8611,0.6699,0.675,31,0.55,12.160611939783296,omnibus-076daa,12.160611939783296,488.8611,1,1.0,0.0,0.0,45.0,100.0,
0xfe2f55c134d0ae9dee1adad13046b9c64dcc05df628757f95c13f79835e43a53,Will Jaxson Dart have 3.5+ rushing touchdowns in the 2026-27 NFL regular season?,No,Direccional,1,484.25,0.24,0.9685,20,0.75,16.50426081349904,ndb1,16.50426081349904,484.25,1,1.0,0.0,0.0,45.0,100.0,Revisar reglas: un pick NO puede incluir empate o una resolución distinta a clasificación.
0x0de5c099f391be077d5043d961f9105060917a9742216d51e87018c5785dfcc7,Will A.J. Brown finish as a top-12 FLEX in the 2026-27 NFL season?,No,Direccional,1,483.9339,0.9267,0.978,20,0.75,16.498873256983337,ndb1,16.498873256983337,483.9339,1,1.0,0.0,0.0,45.0,100.0,Revisar reglas: un pick NO puede incluir empate o una resolución distinta a clasificación.
0x46f6eae6405a24eb11213366906816ad61b5dd423a8a8ab51fcbd928206ebcf3,West Indies Tour of India T20s: India vs West Indies,India,Direccional,1,483.4473,0.7599,0.765,31,0.55,12.093089276524836,omnibus-076daa,12.093089276524836,483.4473,1,1.0,0.0,0.0,45.0,100.0,
0x1ec54691fc63239d7a287d8abda977c2b78b4332f4fad5f21a4b4a0903690114,W35 Seville: Daria Yesypchuk vs Ida Wobker,Daria Yesypchuk,Direccional,1,478.4974,0.43,0.9995,48,0.4,8.749833369841966,CandleHammerDrums,8.749833369841966,478.4974,1,1.0,0.0,0.0,45.0,100.0,
0x0db862c5fad100a0218de0cfea7ab8c7f23251069bd4bd2fe5f5f834ede6568a,Will Tony Pollard finish as a top-5 RB in the 2026-27 NFL season?,No,Direccional,1,470.8847,0.9498,0.9685,20,0.75,16.27490840988053,ndb1,16.27490840988053,470.8847,1,1.0,0.0,0.0,45.0,100.0,Revisar reglas: un pick NO puede incluir empate o una resolución distinta a clasificación.
0x82ec4ce644d78c506e2ca3099e5f79dc24fda27689d0fa775d64081e2f85588d,Will Tua Tagovailoa finish as a top-5 QB in the 2026-27 NFL season?,No,Direccional,1,467.951,0.9559,0.984,20,0.75,16.224131332678493,ndb1,16.224131332678493,467.951,1,1.0,0.0,0.0,45.0,100.0,Revisar reglas: un pick NO puede incluir empate o una resolución distinta a clasificación.
0xf233b0b98d8dcd587e8e2be84b1af2c2cdaab5a695e19966910c5c89e72ae9fd,Will Jaxson Dart have a 400+ passing yard game in the 2026-27 NFL regular season?,No,Direccional,1,462.3772,0.9761,0.989,20,0.75,16.127218452045597,ndb1,16.127218452045597,462.3772,1,1.0,0.0,0.0,45.0,100.0,Revisar reglas: un pick NO puede incluir empate o una resolución distinta a clasificación.
0x21d42082cee5f965649b043cc87ac356f447a93e07bfbbc0d1f0c09a2902ab7c,Will San Marino win on 2026-10-06?,No,Direccional,1,459.3166,0.9781,0.99,31,0.55,11.787420052751155,omnibus-076daa,11.787420052751155,459.3166,1,1.0,0.0,0.0,45.0,100.0,Revisar reglas: un pick NO puede incluir empate o una resolución distinta a clasificación.
0x6001a45766cc00627798fc4d6fdc251f8e0762c04d92856ceb1878d18debc078,Will Hull City win the 2026-27 English Premier League (EPL) Championship?,Yes,Direccional,1,446.6332,0.0308,0.0045,13,0.75,15.850273656943592,BreakTheBank,15.850273656943592,446.6332,1,1.0,0.0,0.0,45.0,100.0,
0xa65931dd5778816da912ba85ed4cf1ef479887ac516558cf96294642535b93e3,"Will Sam Darnold be the first QB to 2,000 passing yards in the 2026-27 NFL regular season?",No,Direccional,1,446.5596,0.9577,0.9855,20,0.75,15.848967631994206,ndb1,15.848967631994206,446.5596,1,1.0,0.0,0.0,45.0,100.0,Revisar reglas: un pick NO puede incluir empate o una resolución distinta a clasificación.
0xa322a0fd8addb3441e32b9d1b365abd9bdef98f6240e3ef90f17874c6e171bc9,Will Grêmio Novorizontino win on 2026-10-08?,Yes,Direccional,1,445.6125,0.4175,0.425,31,0.55,11.610244667964583,omnibus-076daa,11.610244667964583,445.6125,1,1.0,0.0,0.0,45.0,100.0,
0xa54653f4ede768fbea4e54f86825998b73f63b92f67349a147dccbbcca2fbc55,Will Jeremiyah Love win the 2026 NFL Offensive Rookie of the Year award for the 2026-27 NFL season?,No,Direccional,1,437.5276,0.7138,0.645,20,0.75,15.687870314354337,ndb1,15.687870314354337,437.5276,1,1.0,0.0,0.0,45.0,100.0,Revisar reglas: un pick NO puede incluir empate o una resolución distinta a clasificación.
0xf032d25e5455f6e9fdad5d9ae5bb3f30284dd4a7ff9029934fcfdb315990f0b3,KBO: Lotte Giants vs. KT Wiz,KT Wiz,Direccional,1,432.6075,0.8271,0.9945,40,0.4,8.319687494131015,ferrariChampions2026,8.319687494131015,432.6075,1,1.0,0.0,0.0,45.0,100.0,
0xbb025ba0f346d8faed89d076a71691c0bbceda6e515a4727b42d7638b6ed6f71,Will Tyson Bagent finish as a top-5 QB in the 2026-27 NFL season?,No,Direccional,1,430.9342,0.932,0.968,20,0.75,15.569216020724998,ndb1,15.569216020724998,430.9342,1,1.0,0.0,0.0,45.0,100.0,Revisar reglas: un pick NO puede incluir empate o una resolución distinta a clasificación.
0x7302537453463354987a2a87d6191d43dbda8f45daf846705cbf6ea88aa1a4b6,Will CeeDee Lamb finish as a top-12 WR in the 2026-27 NFL season?,Yes,Direccional,1,427.5,0.84,0.855,20,0.75,15.5070548461015,ndb1,15.5070548461015,427.5,1,1.0,0.0,0.0,45.0,100.0,
0xc0134655834be167d957dc6b1b9ebe75bef070fdf88fe2c98db68ed5552131b6,Will Omarion Hampton have 949.5+ rushing yards in the 2026-27 NFL regular season?,No,Direccional,1,425.0,0.5,0.425,20,0.75,15.461646096066229,ndb1,15.461646096066229,425.0,1,1.0,0.0,0.0,45.0,100.0,Revisar reglas: un pick NO puede incluir empate o una resolución distinta a clasificación.
0x928de7af6980f2a5da34a0b0437e8e2b064a361d56cbd61d2a2a349b26b28e64,Will Justin Herbert have 27.5+ passing touchdowns in the 2026-27 NFL regular season?,No,Direccional,1,423.25,0.62,0.8465,20,0.75,15.429780458580737,ndb1,15.429780458580737,423.25,1,1.0,0.0,0.0,45.0,100.0,Revisar reglas: un pick NO puede incluir empate o una resolución distinta a clasificación.
0x99a6bfc570baf720c704dba395d8c667c39becd425c0420adcad6b81a06bbbdc,"Will Daniel Jones be the first QB to 2,000 passing yards in the 2026-27 NFL regular season?",No,Direccional,1,422.9544,0.9447,0.9775,20,0.75,15.424391398042257,ndb1,15.424391398042257,422.9544,1,1.0,0.0,0.0,45.0,100.0,Revisar reglas: un pick NO puede incluir empate o una resolución distinta a clasificación.
0xca3b6f924e57eb4601a34f3f8d1668278aa3ecbdc09851d7d303b06f9bd748c8,"Will Omarion Hampton be the first RB to 1,000 rushing yards in the 2026-27 NFL regular season?",No,Direccional,1,420.8677,0.9577,0.9985,20,0.75,15.386295241220353,ndb1,15.386295241220353,420.8677,1,1.0,0.0,0.0,45.0,100.0,Revisar reglas: un pick NO puede incluir empate o una resolución distinta a clasificación.
0xc57c2f14b4eeaa48d8dc6d41590c80c8edd4b512e4dfe5910f81dcb34d1c9168,Counter-Strike: G2 vs PARIVISION (BO3) - ESL Pro League Group Stage,PARIVISION,Direccional,1,411.0812,0.3899,0.385,31,0.55,11.151325616266437,omnibus-076daa,11.151325616266437,411.0812,1,1.0,0.0,0.0,45.0,100.0,
0x491283329f27b48cea1aeff178a469fb59944038ba31a774209152caa35514af,Will AS Nancy-Lorraine win on 2026-10-09?,Yes,Direccional,1,409.4424,0.4704,0.47,31,0.55,11.129075702860504,omnibus-076daa,11.129075702860504,409.4424,1,1.0,0.0,0.0,45.0,100.0,
0xa02ac3b32b55b08eadfe7055444419d9f8b8c39cd7280bef3da2338654f53e66,Will Ararat-Armenia finish top 8 in UEL league phase?,No,Direccional,1,402.9399,0.8885,0.9835,20,0.75,15.055022210212776,ndb1,15.055022210212776,402.9399,1,1.0,0.0,0.0,45.0,100.0,Revisar reglas: un pick NO puede incluir empate o una resolución distinta a clasificación.
0x6863d0458d056bfbf97efe6e76937e7813244645c9dd502fe912709d509f6cb1,Will Justin Fields finish as a top-5 QB in the 2026-27 NFL season?,No,Direccional,1,400.4439,0.9748,0.9925,20,0.75,15.008320817133407,ndb1,15.008320817133407,400.4439,1,1.0,0.0,0.0,45.0,100.0,Revisar reglas: un pick NO puede incluir empate o una resolución distinta a clasificación.
0xf811be53af16b4e8d3c1690b3f5d39b22d95fdf03995d0422cd1ed42e748cb28,"Will Ladd McConkey be the first WR to 1,000 receiving yards in the 2026-27 NFL regular season?",No,Direccional,1,398.9007,0.9439,0.9985,20,0.75,14.97937394386027,ndb1,14.97937394386027,398.9007,1,1.0,0.0,0.0,45.0,100.0,Revisar reglas: un pick NO puede incluir empate o una resolución distinta a clasificación.
0x95eeb5a6b75b0e8e3a1592fbf231482f8ca08636d6e1ba8b1feb23a526911e8c,"Will Trevor Lawrence be the first QB to 2,000 passing yards in the 2026-27 NFL regular season?",No,Direccional,1,398.3312,0.9309,0.9775,20,0.75,14.968677296274379,ndb1,14.968677296274379,398.3312,1,1.0,0.0,0.0,45.0,100.0,Revisar reglas: un pick NO puede incluir empate o una resolución distinta a clasificación.
0x5cd2104457085d42e411fd493adf350c39147c8ea7663b8c060da580459a5f34,"Will Mike Evans be the first WR to 1,000 receiving yards in the 2026-27 NFL regular season?",No,Direccional,1,397.162,0.9428,0.984,20,0.75,14.946692778002765,ndb1,14.946692778002765,397.162,1,1.0,0.0,0.0,45.0,100.0,Revisar reglas: un pick NO puede incluir empate o una resolución distinta a clasificación.
0xaaf7be2469f542f88d6280947e98ed67e078f09482f10fe119ede878ad791dd1,Will Tajikistan win on 2026-10-06?,Yes,Direccional,1,394.8428,0.2299,0.215,31,0.55,10.928858449078751,omnibus-076daa,10.928858449078751,394.8428,1,1.0,0.0,0.0,45.0,100.0,
0x9865a458d22e45354c21298827edf0233b9697ef8fbeaa0e3bfa7c9ffb8ed4cb,"Will DJ Moore be the first WR to 1,000 receiving yards in the 2026-27 NFL regular season?",No,Direccional,1,392.5586,0.9255,0.977,20,0.75,14.85981872365878,ndb1,14.85981872365878,392.5586,1,1.0,0.0,0.0,45.0,100.0,Revisar reglas: un pick NO puede incluir empate o una resolución distinta a clasificación.
0x30f729ef18553d8956bfd7ae7a1e96dbad07e2476160239b23ec10e6cdc5f01b,Will Rodri win the 2026 Ballon d'Or?,Yes,Direccional,1,392.5547,0.0072,0.0105,13,0.75,14.859744908644966,BreakTheBank,14.859744908644966,392.5547,1,1.0,0.0,0.0,45.0,100.0,
0x2f47764d1e4c7237846cb040b48d8c91eda10ace139802982d76532a6858fcf6,SC Braga vs. Gil Vicente FC: O/U 4.5,Over,Direccional,1,391.6849,0.1199,0.465,1,1.0,19.79103079680288,swisstony,19.79103079680288,391.6849,1,1.0,0.0,0.0,45.0,100.0,
0x939a714f56a0b848f570878a5bace1d6058abe849cc4f22044010f19dee45977,Will Miami (FL) have an undefeated CFB regular season?,No,Direccional,1,390.7317,0.7719,0.7,20,0.75,14.825200883967812,ndb1,14.825200883967812,390.7317,1,1.0,0.0,0.0,45.0,100.0,Revisar reglas: un pick NO puede incluir empate o una resolución distinta a clasificación.
0x0ff8a7798887f786d34e5d03e9985935007010d08dec0b89884ee4c1ec4a5886,Will Genoa be relegated from the 2026-27 Serie A?,Yes,Direccional,1,390.0,0.4553,0.375,20,0.75,14.811313243598622,ndb1,14.811313243598622,390.0,1,1.0,0.0,0.0,45.0,100.0,
0xbd195378cd2810ed2ee4ced35664c77784245258d9d04ac68f5d52dfd5a9eba0,"UFC Fight Night: Gerald Meerschaert vs. Julius Walker (Light Heavyweight, Main Card)",Julius Walker,Direccional,1,388.1132,0.6999,0.725,31,0.55,10.835323853028115,omnibus-076daa,10.835323853028115,388.1132,1,1.0,0.0,0.0,45.0,100.0,
0x540c529ff1c58ce47b54c2e6023bca145a27c6f0ed20e1c9eccca1d2211699af,Will Cameroon win AFCON 2027 qualifying Group G?,Yes,Direccional,1,386.1088,0.61,0.88,20,0.75,14.73723854729915,ndb1,14.73723854729915,386.1088,1,1.0,0.0,0.0,45.0,100.0,
0x2d3b02f2b534f409e3e2e565cec96e287e6999163e27be35781fbc879f37af82,Will Omarion Hampton have 7.5+ rushing touchdowns in the 2026-27 NFL regular season?,No,Direccional,1,385.0,0.48,0.385,20,0.75,14.716062652761437,ndb1,14.716062652761437,385.0,1,1.0,0.0,0.0,45.0,100.0,Revisar reglas: un pick NO puede incluir empate o una resolución distinta a clasificación.
0xaeb7e91fb9b07cb64a67f5944112cf8e6870dbe9c0b754abfae00b2c2cc9760d,Shanghai Rolex Masters: Cameron Norrie vs Denis Shapovalov,Denis Shapovalov,Direccional,1,382.2786,0.5,0.495,31,0.55,10.753570407078758,omnibus-076daa,10.753570407078758,382.2786,1,1.0,0.0,0.0,45.0,100.0,
0x74e554b2d807df3ef0007376c2f57bc3a31ed2deb040dcde8cc1d44e9d863524,"Will Ashton Jeanty be the first RB to 1,000 rushing yards in the 2026-27 NFL regular season?",No,Direccional,1,381.427,0.9232,0.9985,20,0.75,14.647617127027864,ndb1,14.647617127027864,381.427,1,1.0,0.0,0.0,45.0,100.0,Revisar reglas: un pick NO puede incluir empate o una resolución distinta a clasificación.
0x07d9a47d5a2e701de5a0181a764b455267b78a64df4a9348b5ae0c53c7245ebd,LoL: GAM Esports vs Shopify Rebellion (BO3) - Demacia Cup Global Invitational Group Stage,GAM Esports,Direccional,1,380.7202,0.3996,0.405,31,0.55,10.73162897700065,omnibus-076daa,10.73162897700065,380.7202,1,1.0,0.0,0.0,45.0,100.0,
0x05a291e83bd22cd3271b46fd8b90de55d55620393a6a4d95302e67c102365571,Will the Golden State Warriors make the 2027 NBA Playoffs?,Yes,Direccional,1,377.5531,0.4839,0.505,20,0.75,14.57304425128806,ndb1,14.57304425128806,377.5531,1,1.0,0.0,0.0,45.0,100.0,
0x43159a95107289679205d5e2fbaccbc1838517358cc07b3e6a04e2e782d901d3,"Will David Montgomery be the first RB to 1,000 rushing yards in the 2026-27 NFL regular season?",No,Direccional,1,375.7426,0.9674,0.982,20,0.75,14.538060823232238,ndb1,14.538060823232238,375.7426,1,1.0,0.0,0.0,45.0,100.0,Revisar reglas: un pick NO puede incluir empate o una resolución distinta a clasificación.
0x36452699cc2357578eb97f3a52bc42f47992e37558aefa1ec2190d1758334079,Will Maxx Crosby finish the 2026-27 NFL regular season with the most sacks?,No,Direccional,1,375.4485,0.8139,0.945,20,0.75,14.532370118119069,ndb1,14.532370118119069,375.4485,1,1.0,0.0,0.0,45.0,100.0,Revisar reglas: un pick NO puede incluir empate o una resolución distinta a clasificación.
0x5b8d066c01641b8a3cd8fe11c5cb73db5afbdfbbbe582fb94c3807befd60b73f,"Will Josh Downs be the first WR to 1,000 receiving yards in the 2026-27 NFL regular season?",No,Direccional,1,374.2577,0.9532,0.9985,20,0.75,14.50930585003983,ndb1,14.50930585003983,374.2577,1,1.0,0.0,0.0,45.0,100.0,Revisar reglas: un pick NO puede incluir empate o una resolución distinta a clasificación.
0x1330f38f1a4bd3c3391a78b6274db4975be339a08bfb5dede08a5f87a599718f,Will the Republican Party win the IL-16 House seat?,Yes,Direccional,1,373.815,0.951,0.9585,20,0.75,14.500721964785065,ndb1,14.500721964785065,373.815,1,1.0,0.0,0.0,45.0,100.0,
0x6b2cc211631e6d01e693138c5c5c000d561791599251c02aa73cc470e4fe1f34,"Will Emeka Egbuka have 1,000+ receiving yards in the 2026-27 NFL regular season?",No,Direccional,1,372.5,0.6,0.745,20,0.75,14.475194299214087,ndb1,14.475194299214087,372.5,1,1.0,0.0,0.0,45.0,100.0,Revisar reglas: un pick NO puede incluir empate o una resolución distinta a clasificación.
0x10322c786afeeed1af96f254d15865f3f63c74d11ed26e5c52eb395f5a1673ce,"Will Breece Hall be the first RB to 1,000 rushing yards in the 2026-27 NFL regular season?",No,Direccional,1,371.7467,0.9589,0.959,20,0.75,14.460550430395102,ndb1,14.460550430395102,371.7467,1,1.0,0.0,0.0,45.0,100.0,Revisar reglas: un pick NO puede incluir empate o una resolución distinta a clasificación.
0xa95a404ca4ee5dddb6f8a80ff3ddfd76ffac7040391de89384ebc08b17c309f2,"Will DK Metcalf be the first WR to 1,000 receiving yards in the 2026-27 NFL regular season?",No,Direccional,1,371.5414,0.953,0.9695,20,0.75,14.456556903357036,ndb1,14.456556903357036,371.5414,1,1.0,0.0,0.0,45.0,100.0,Revisar reglas: un pick NO puede incluir empate o una resolución distinta a clasificación.
0x0803a58234321c233638a03d046447ed6915a5b94ca2e5ff01b215fd2ada868b,Will the Fed Hike–Pause–Pause in the next three decisions (Sep–Oct–Dec)?,Yes,Direccional,1,370.4192,0.17,0.215,20,0.75,14.434708171625775,ndb1,14.434708171625775,370.4192,1,1.0,0.0,0.0,45.0,100.0,
0xd2f0a86ec35a5c634ffbb9c73e4094ce5ec63be81c287c919e466414c00a53ff,Will Carson Beck finish as a top-12 QB in the 2026-27 NFL season?,No,Direccional,1,366.2341,0.9326,0.9575,20,0.75,14.352932844892713,ndb1,14.352932844892713,366.2341,1,1.0,0.0,0.0,45.0,100.0,Revisar reglas: un pick NO puede incluir empate o una resolución distinta a clasificación.
0x73f318717d91f54e0ca52101d51942f32abfb454b8c80f747b482fed414634fc,SC Braga vs. Gil Vicente FC: Gil Vicente FC 1st Half O/U 0.5,Over,Direccional,1,364.1572,0.2899,0.505,1,1.0,19.08290334304505,swisstony,19.08290334304505,364.1572,1,1.0,0.0,0.0,45.0,100.0,
0x706661ca24cf53fdd9bf73128af45f00b487bf2a9ed56e5aa87f57224bdccd23,Will Joe Flacco finish as a top-5 QB in the 2026-27 NFL season?,No,Direccional,1,363.1836,0.9819,0.9735,20,0.75,14.293032393442619,ndb1,14.293032393442619,363.1836,1,1.0,0.0,0.0,45.0,100.0,Revisar reglas: un pick NO puede incluir empate o una resolución distinta a clasificación.
0xd03de8207801cc8a0376107df0f6a83ccb3cd311576372039f40f899e17292e7,"Will Tony Pollard be the first RB to 1,000 rushing yards in the 2026-27 NFL regular season?",No,Direccional,1,359.7584,0.9415,0.944,20,0.75,14.225473630076435,ndb1,14.225473630076435,359.7584,1,1.0,0.0,0.0,45.0,100.0,Revisar reglas: un pick NO puede incluir empate o una resolución distinta a clasificación.
0x46e98430142d1aabb6806a196aac8e412f7225acf68aafed7f3d742662b9800c,LoL: FlyQuest vs Shopify Rebellion (BO3) - Demacia Cup Global Invitational Group Stage,FlyQuest,Direccional,1,359.5208,0.6264,0.635,31,0.55,10.428568549901756,omnibus-076daa,10.428568549901756,359.5208,1,1.0,0.0,0.0,45.0,100.0,
0x813873c53694108e4a4d3f206ecc4fb33c5de7906a4c51e0a84ce0732bc274e1,"Will Christian Watson have 1,000+ receiving yards in the 2026-27 NFL regular season?",Yes,Direccional,1,357.5,0.69,0.715,20,0.75,14.180752800891778,ndb1,14.180752800891778,357.5,1,1.0,0.0,0.0,45.0,100.0,
0xb4776f185664fea7ad60897542bf83f6a9520ac477a4df3006ec33b35251d65d,"Will Rashee Rice be the first WR to 1,000 receiving yards in the 2026-27 NFL regular season?",No,Direccional,1,356.357,0.9527,0.971,20,0.75,14.158065280962651,ndb1,14.158065280962651,356.357,1,1.0,0.0,0.0,45.0,100.0,Revisar reglas: un pick NO puede incluir empate o una resolución distinta a clasificación.
0x5642906b2f0b26f9759a766a66c7eeabc778539e2910b078afae18fd3ab335f8,"Will Kirk Cousins be the first QB to 2,000 passing yards in the 2026-27 NFL regular season?",No,Direccional,1,356.1162,0.8558,0.869,20,0.75,14.153280980041341,ndb1,14.153280980041341,356.1162,1,1.0,0.0,0.0,45.0,100.0,Revisar reglas: un pick NO puede incluir empate o una resolución distinta a clasificación.
0x554323f46317345eb70c001e3a74012eda58c512a0557161f5b4185ff60d0936,Will T.J. Watt win the 2026 NFL Defensive Player of the Year award for the 2026-27 NFL season?,No,Direccional,1,355.6536,0.921,0.927,20,0.75,14.144085336281027,ndb1,14.144085336281027,355.6536,1,1.0,0.0,0.0,45.0,100.0,Revisar reglas: un pick NO puede incluir empate o una resolución distinta a clasificación.
0x1e617bcdbf6f79d3d03e505345cd1e2146a9dab1e1c6f941cff145e278d3fe12,Will Kansas City Chiefs win the 2026 AFC West?,Yes,Direccional,1,350.4098,0.55,0.645,20,0.75,14.03942707164363,ndb1,14.03942707164363,350.4098,1,1.0,0.0,0.0,45.0,100.0,
0x0b7539cf1812b5f7874170b6fe089b23847c9403e9cc17b9b8beabf0611d1739,"Will Josh Downs have 1,000+ receiving yards in the 2026-27 NFL regular season?",No,Direccional,1,347.493,0.67,0.695,20,0.75,13.980873095053829,ndb1,13.980873095053829,347.493,1,1.0,0.0,0.0,45.0,100.0,Revisar reglas: un pick NO puede incluir empate o una resolución distinta a clasificación.
0xa8512ce3b61c6f3a11d95bad920a52fca71c34cfa7b201eeba016ed87d86828e,Will Jalen Hurts have 399.5+ rushing yards in the 2026-27 NFL regular season?,No,Direccional,1,345.0,0.43,0.69,20,0.75,13.930631715755032,ndb1,13.930631715755032,345.0,1,1.0,0.0,0.0,45.0,100.0,Revisar reglas: un pick NO puede incluir empate o una resolución distinta a clasificación.
0x23b4c3d60b6d89a4e0361e9d798d1f1156dc86a5fc3cdd11e9b8901e206838f2,Igokea vs. Bilbao Basket,Igokea,Direccional,1,344.5448,0.5495,0.545,31,0.55,10.209054902389349,omnibus-076daa,10.209054902389349,344.5448,1,1.0,0.0,0.0,45.0,100.0,
0xbc9af2034ad90a6bbe3e2e6c5296ae713a2ea1521aebae80fdabd1af8768f0ae,Dota 2: Aurora vs 1win (BO3) - BLAST Slam Playoffs,1win,Direccional,1,343.7334,0.4599,0.445,31,0.55,10.197026698994174,omnibus-076daa,10.197026698994174,343.7334,1,1.0,0.0,0.0,45.0,100.0,
0x62835c4f97de29003658289bd4235ced95ea89a7361b88aea0f36ce040247211,"Will Saquon Barkley be the first RB to 1,000 rushing yards in the 2026-27 NFL regular season?",No,Direccional,1,341.6396,0.9606,0.9755,20,0.75,13.862621505328637,ndb1,13.862621505328637,341.6396,1,1.0,0.0,0.0,45.0,100.0,Revisar reglas: un pick NO puede incluir empate o una resolución distinta a clasificación.
0x5a49876df4b97e2c52e94da3bfeba4ea4ba63b8e5ec79825bee7482743f9f694,"Will Nico Collins be the first WR to 1,000 receiving yards in the 2026-27 NFL regular season?",No,Direccional,1,341.4516,0.896,0.9945,20,0.75,13.858806766817986,ndb1,13.858806766817986,341.4516,1,1.0,0.0,0.0,45.0,100.0,Revisar reglas: un pick NO puede incluir empate o una resolución distinta a clasificación.
0xe6bcc2f1dd025ce5e1833190f7c60a71171c94f805df55b9ab0ded695ec93565,Will Alexandria Ocasio-Cortez win the 2028 Democratic presidential nomination?,Yes,Direccional,1,339.0592,0.1635,0.1795,13,0.75,13.810170165497599,BreakTheBank,13.810170165497599,339.0592,1,1.0,0.0,0.0,45.0,100.0,
0xbcb4c1e65ad2be11d5a28b54f820bc73a103a5b775c3d9d20f8ee27e0725d14e,Spread: Arizona (-3.5),West Virginia,Direccional,1,338.3128,0.5199,0.51,31,0.55,10.116304760138458,omnibus-076daa,10.116304760138458,338.3128,1,1.0,0.0,0.0,45.0,100.0,
0xd7c3288540c0cd944880812d0a2da1c307378381cb57daa3a1109658d6686f54,Will Sporting CP reach the 2027 UEFA Champions League Round of 16?,No,Direccional,1,338.2679,0.49,0.435,20,0.75,13.794045590398778,ndb1,13.794045590398778,338.2679,1,1.0,0.0,0.0,45.0,100.0,Revisar reglas: un pick NO puede incluir empate o una resolución distinta a clasificación.
0xc8c455b33c4e2c1e009df4f268694b2266653394cece52cd4667f018b4c978c0,Will Brett Maher finish as a top-5 K in the 2026-27 NFL season?,No,Direccional,1,336.7056,0.9629,0.9925,20,0.75,13.762154627819003,ndb1,13.762154627819003,336.7056,1,1.0,0.0,0.0,45.0,100.0,Revisar reglas: un pick NO puede incluir empate o una resolución distinta a clasificación.
0x1c8870fed75e00b9d759b45992a41a25c6ee55864047d9ee2b3dd5dc72585dc0,Chicago Fire FC vs. Vancouver Whitecaps FC: Both Teams to Score,No,Direccional,1,334.75,0.32,0.325,1,1.0,18.296174463531987,swisstony,34.489923257433915,596.9875,2,0.5304788394850503,16.19374879390193,262.23749999999995,45.0,53.0,Revisar reglas: un pick NO puede incluir empate o una resolución distinta a clasificación.
0x6a7bbdb6fc33a2e473bf9278fca3396d30c43854d180d4bbd0f7b49ca2148e23,"Will Drake Maye be the first QB to 2,000 passing yards in the 2026-27 NFL regular season?",No,Direccional,1,334.1633,0.9431,0.881,20,0.75,13.710100519325158,ndb1,13.710100519325158,334.1633,1,1.0,0.0,0.0,45.0,100.0,Revisar reglas: un pick NO puede incluir empate o una resolución distinta a clasificación.
0x2f5dd6e71247146afd17022af9c9b739fef58fa71da6025d4a6733d54a9a6151,Will Celta Vigo finish top 8 in UEL league phase?,Yes,Direccional,1,333.9008,0.2134,0.32,20,0.75,13.704714517274702,ndb1,13.704714517274702,333.9008,1,1.0,0.0,0.0,45.0,100.0,
0x06e98f6d4af407476ed49995d2effbe238c8d21f278373f8023f9770a5adfd36,Will Kenny Gainwell finish as a top-5 RB in the 2026-27 NFL season?,No,Direccional,1,332.9894,0.9443,0.978,20,0.75,13.685997862779315,ndb1,13.685997862779315,332.9894,1,1.0,0.0,0.0,45.0,100.0,Revisar reglas: un pick NO puede incluir empate o una resolución distinta a clasificación.
0x497d6d6e2374fd966fb7563647d0975e5b2fdc643b31318916e34db5f0aa35fc,"Will D'Andre Swift be the first RB to 1,000 rushing yards in the 2026-27 NFL regular season?",No,Direccional,1,331.879,0.9649,0.9875,20,0.75,13.663159865126367,ndb1,13.663159865126367,331.879,1,1.0,0.0,0.0,45.0,100.0,Revisar reglas: un pick NO puede incluir empate o una resolución distinta a clasificación.
0x8c53a52f2494501487187a0bcd120402f6780aab0f016d63a0f84e72f5227569,Will Justin Fields finish as a top-12 QB in the 2026-27 NFL season?,No,Direccional,1,331.134,0.9521,0.964,20,0.75,13.647815759307424,ndb1,13.647815759307424,331.134,1,1.0,0.0,0.0,45.0,100.0,Revisar reglas: un pick NO puede incluir empate o una resolución distinta a clasificación.
0x14fe0ae074a3b9c17b9357cac3c1e7041fc546fd2e456bb39142321cba440715,Will Jaylen Waddle have 674.5+ receiving yards in the 2026-27 NFL regular season?,No,Direccional,1,329.9934,0.28,0.33,20,0.75,13.62429034849155,ndb1,13.62429034849155,329.9934,1,1.0,0.0,0.0,45.0,100.0,Revisar reglas: un pick NO puede incluir empate o una resolución distinta a clasificación.
0xe74f08ca4e9e538420e6fc76aa37cfd5b347385f3e5aef003d977b9dfc46ab11,Will Cameron Ward have 12.5+ passing touchdowns in the 2026-27 NFL regular season?,Yes,Direccional,1,326.76,0.8,0.84,20,0.75,13.557378065097986,ndb1,13.557378065097986,326.76,1,1.0,0.0,0.0,45.0,100.0,
0xdfd1262e588d751c56ae44d85f106ef740491cd6f95e01aa752775c0ab7907f7,Will Graham Gano finish as a top-12 K in the 2026-27 NFL season?,No,Direccional,1,326.496,0.9629,0.9785,20,0.75,13.551900235760296,ndb1,13.551900235760296,326.496,1,1.0,0.0,0.0,45.0,100.0,Revisar reglas: un pick NO puede incluir empate o una resolución distinta a clasificación.
0x73404b47dd6631a78a795ded51bbd1298730e9b8fa5e1917a0babb02190be288,W15 Sharm ElSheikh: Andrea Roots vs Carola Cavelli,Carola Cavelli,Direccional,1,326.2605,0.6762,0.685,40,0.4,7.225073010011733,ferrariChampions2026,7.225073010011733,326.2605,1,1.0,0.0,0.0,45.0,100.0,
0x2cb48aabfbe7aa4a5316c3dc42b668a9814c4e82318fc9bba5612200b5b9a442,Will Miami Hurricanes Win the 2026 ACC Championship?,Yes,Direccional,1,321.3708,0.7115,0.795,20,0.75,13.445113424586642,ndb1,13.445113424586642,321.3708,1,1.0,0.0,0.0,45.0,100.0,
0x9363a660e5b0203ae13801ec52059abe0318e9192541419ae2159208e48d0bbf,Samsun: Cagla Buyukakcay vs Linda Klimovicova,Cagla Buyukakcay,Direccional,1,318.75,0.25,0.255,40,0.4,7.1414284285428495,ferrariChampions2026,7.1414284285428495,318.75,1,1.0,0.0,0.0,45.0,100.0,
0xd0b220f9341b03d911cff9d16d2fd3d20f3443747b50077fba8238ce05f22aff,"Will Chuba Hubbard be the first RB to 1,000 rushing yards in the 2026-27 NFL regular season?",No,Direccional,1,318.6857,0.9515,0.991,20,0.75,13.388827665258821,ndb1,13.388827665258821,318.6857,1,1.0,0.0,0.0,45.0,100.0,Revisar reglas: un pick NO puede incluir empate o una resolución distinta a clasificación.
0xc1d422c1e395d8b4c445cd08dee5aba8e0ee67889808d272f1696fd8bd968af7,"Will C.J. Stroud be the first QB to 2,000 passing yards in the 2026-27 NFL regular season?",No,Direccional,1,316.2112,0.9144,0.9885,20,0.75,13.336746229871812,ndb1,13.336746229871812,316.2112,1,1.0,0.0,0.0,45.0,100.0,Revisar reglas: un pick NO puede incluir empate o una resolución distinta a clasificación.
0xa47a487b57adb21bbfabd009a83aaaccf6f5a164a41f85747cda8e9da5b48950,"Will Kenneth Gainwell be the first RB to 1,000 rushing yards in the 2026-27 NFL regular season?",No,Direccional,1,315.9083,0.9589,0.9795,20,0.75,13.330357037604058,ndb1,13.330357037604058,315.9083,1,1.0,0.0,0.0,45.0,100.0,Revisar reglas: un pick NO puede incluir empate o una resolución distinta a clasificación.
0x732c5035bb3bf14bef2675ee27ad950c643a7f3b52830c4958b5a7869bc384c4,"Will Rome Odunze be the first WR to 1,000 receiving yards in the 2026-27 NFL regular season?",No,Direccional,1,315.2073,0.9177,0.9845,20,0.75,13.315558803520037,ndb1,13.315558803520037,315.2073,1,1.0,0.0,0.0,45.0,100.0,Revisar reglas: un pick NO puede incluir empate o una resolución distinta a clasificación.
0x505d63c77b3f33f881097eecf7958a5216640fefd8aedc76a48be00584a84819,Shanghai Rolex Masters: Arthur Fery vs Marin Cilic,Arthur Fery,Direccional,1,311.2122,0.5909,0.595,31,0.55,9.702664092917987,omnibus-076daa,9.702664092917987,311.2122,1,1.0,0.0,0.0,45.0,100.0,
0x7bc431489100b03c214ee444a61b11669ff2e4e9ce29ebb3f7383548745bea37,Will Real Betis reach the 2027 UEFA Champions League Round of 16?,No,Direccional,1,310.9542,0.53,0.515,20,0.75,13.225420125651963,ndb1,13.225420125651963,310.9542,1,1.0,0.0,0.0,45.0,100.0,Revisar reglas: un pick NO puede incluir empate o una resolución distinta a clasificación.
0x0fdda61436787cb3ce03c104cc069b7c2df26b7b087e6e1711ca246b376c2536,"Will Jameson Williams be the first WR to 1,000 receiving yards in the 2026-27 NFL regular season?",No,Direccional,1,310.1823,0.9474,0.963,20,0.75,13.208994804677609,ndb1,13.208994804677609,310.1823,1,1.0,0.0,0.0,45.0,100.0,Revisar reglas: un pick NO puede incluir empate o una resolución distinta a clasificación.
0xbd1d0889e5037c451bb1e45163749786fe4acc10af2ab40477e7052766054712,Will the Baltimore Ravens win the 2027 NFL league championship?,Yes,Direccional,1,309.5507,0.062,0.0755,13,0.75,13.195539729393413,BreakTheBank,13.195539729393413,309.5507,1,1.0,0.0,0.0,45.0,100.0,
0xcccc124dacaec50212e6ee517c48edb469716d84b6d5fb3481f6fbd0609151fc,Will the Browns win the season series against the Ravens during the 2026-27 NFL regular season?,No,Direccional,1,304.9303,0.8584,0.965,20,0.75,13.096690183019525,ndb1,13.096690183019525,304.9303,1,1.0,0.0,0.0,45.0,100.0,Revisar reglas: un pick NO puede incluir empate o una resolución distinta a clasificación.
0x9ba67df80d30089545d01dc7b5d393c44d9a8569a39e6e1b57a6164d22bdeb32,KBO: LG Twins vs. NC Dinos,LG Twins,Direccional,1,301.7848,0.5,0.515,20,0.75,13.028965807000954,ndb1,13.028965807000954,301.7848,1,1.0,0.0,0.0,45.0,100.0,
0x01a7a546758bc718b283ccaa52dbac7af9dff8b57db0a2cc46d542abfdff27e6,"Will Jakobi Meyers be the first WR to 1,000 receiving yards in the 2026-27 NFL regular season?",No,Direccional,1,299.4409,0.9479,0.9935,20,0.75,12.978270541562924,ndb1,12.978270541562924,299.4409,1,1.0,0.0,0.0,45.0,100.0,Revisar reglas: un pick NO puede incluir empate o una resolución distinta a clasificación.
0x46991c8a2b6494ac93efb82d0a98096746eb822213d9489b6c5bf75358687f68,Will Athletic Club win on 2026-09-16?,Yes,Direccional,1,297.0664,0.42,0.43,2,1.0,17.235614291344536,RN1,17.235614291344536,297.0664,1,1.0,0.0,0.0,45.0,100.0,
0x6e9ab6d8ea829e61db9dd0bca5dcad315c9009e4ccb2b83d7e28a293bc256a36,Will Tyson Bagent finish as a top-12 QB in the 2026-27 NFL season?,No,Direccional,1,295.8005,0.928,0.9785,20,0.75,12.899138779391436,ndb1,12.899138779391436,295.8005,1,1.0,0.0,0.0,45.0,100.0,Revisar reglas: un pick NO puede incluir empate o una resolución distinta a clasificación.
0x870f7ad78708c052d81b16059af694e1a1cfc94b328dfd8703e62f922e7efca3,Will the Senate pass the Clarity Act by October 9?,No,Direccional,1,291.9752,0.957,0.9945,20,0.75,12.815461365085536,ndb1,12.815461365085536,291.9752,1,1.0,0.0,0.0,45.0,100.0,Revisar reglas: un pick NO puede incluir empate o una resolución distinta a clasificación.
0xf1893a01b0e98eddd40d3863e0e95e6c95fcb393c1a0e5c0d16950e9f662ea00,M25 Luan: Yaojie ZENG vs Nikolai Barsukov,Yaojie ZENG,Direccional,1,291.6107,0.5122,0.9995,31,0.55,9.392136963971511,omnibus-076daa,9.392136963971511,291.6107,1,1.0,0.0,0.0,45.0,100.0,
0x8b00501d7da7734ec3f459ad83e2167aa3a91a1bd354d2d05a0a1efc1d9bd77c,"Will Jeremiyah Love be the first RB to 1,000 rushing yards in the 2026-27 NFL regular season?",No,Direccional,1,291.4415,0.9624,0.9845,20,0.75,12.803743349114743,ndb1,12.803743349114743,291.4415,1,1.0,0.0,0.0,45.0,100.0,Revisar reglas: un pick NO puede incluir empate o una resolución distinta a clasificación.
0x4c4600384bacfb73f4ef77f07b4886f28a20c736ade992752f871875a8bdd9fd,"Will Kyren Williams be the first RB to 1,000 rushing yards in the 2026-27 NFL regular season?",No,Direccional,1,290.3185,0.8806,0.9335,20,0.75,12.779051461278335,ndb1,12.779051461278335,290.3185,1,1.0,0.0,0.0,45.0,100.0,Revisar reglas: un pick NO puede incluir empate o una resolución distinta a clasificación.
0x700101b4e5f971e8fd7c040cfb29e62629f36d6a3947c747f56675a78fbfdc9f,Will Jordan Addison have 474.5+ receiving yards in the 2026-27 NFL regular season?,No,Direccional,1,290.0,0.24,0.29,20,0.75,12.772039774444803,ndb1,12.772039774444803,290.0,1,1.0,0.0,0.0,45.0,100.0,Revisar reglas: un pick NO puede incluir empate o una resolución distinta a clasificación.
0x0fdf6f74117cb248f8bc13913b626e994005c6903be8895a188cde17a594f58e,Will Andrei Vasilevskiy record 4+ shutouts?,Yes,Direccional,1,289.842,0.0799,0.515,20,0.75,12.768560020613132,ndb1,12.768560020613132,289.842,1,1.0,0.0,0.0,45.0,100.0,
0xc718f3a80ee46500ab3bc09ddd5c2d27ddf9300b061cc09286c330f553d9c042,Will Graham Gano finish as a top-5 K in the 2026-27 NFL season?,No,Direccional,1,289.3171,0.963,0.9935,20,0.75,12.756992935249277,ndb1,12.756992935249277,289.3171,1,1.0,0.0,0.0,45.0,100.0,Revisar reglas: un pick NO puede incluir empate o una resolución distinta a clasificación.
0x4dd185d5092d5a2417f9af0b021f9b54ee3e1ebab60a4de163547f90fbaef696,"Will Travis Etienne Jr. be the first RB to 1,000 rushing yards in the 2026-27 NFL regular season?",No,Direccional,1,288.585,0.9628,0.99,20,0.75,12.740842299471412,ndb1,12.740842299471412,288.585,1,1.0,0.0,0.0,45.0,100.0,Revisar reglas: un pick NO puede incluir empate o una resolución distinta a clasificación.
0x016602d116e9f23e24a554835130f29e68cc7f82a3013f3c50a2ce862a2bdfd6,Will Chicago Fire FC win on 2026-07-16?,No,Direccional,1,288.225,0.6447,0.675,1,1.0,16.977190580305095,swisstony,16.977190580305095,288.225,1,1.0,0.0,0.0,45.0,100.0,Revisar reglas: un pick NO puede incluir empate o una resolución distinta a clasificación.
0x8c2e6547287639bf833ed132425472ba2b6c431f1f983d41f1df1810c217cfa9,Antofagasta: Alex Barrena vs Matheus Pucinelli de Almeida,Alex Barrena,Direccional,1,286.8596,0.4923,0.465,31,0.55,9.315311535316466,omnibus-076daa,9.315311535316466,286.8596,1,1.0,0.0,0.0,45.0,100.0,
0x27aadb693e0b2136057b7a24748348c6b63b4c64fbc0e649a4445535f723832e,"Will Michael Penix Jr. be the first QB to 2,000 passing yards in the 2026-27 NFL regular season?",No,Direccional,1,286.6199,0.9493,0.994,20,0.75,12.697389249369337,ndb1,12.697389249369337,286.6199,1,1.0,0.0,0.0,45.0,100.0,Revisar reglas: un pick NO puede incluir empate o una resolución distinta a clasificación.
0x26a730a93173f13e227c4b1af5569997ea4489f5bc3fc4d5944191a220a9dfc4,KBO: LG Twins vs. SSG Landers,SSG Landers,Direccional,1,284.7018,0.1938,0.995,40,0.4,6.749243513165013,ferrariChampions2026,6.749243513165013,284.7018,1,1.0,0.0,0.0,45.0,100.0,
0x62e1bd7331b18c896ebe446f33d71e31ad40afa709976c91d1510bbb7fba8e1d,Will Tommy DeVito finish as a top-12 QB in the 2026-27 NFL season?,No,Direccional,1,283.5243,0.9478,0.9585,20,0.75,12.628634872780193,ndb1,12.628634872780193,283.5243,1,1.0,0.0,0.0,45.0,100.0,Revisar reglas: un pick NO puede incluir empate o una resolución distinta a clasificación.
0xc981c76f74307ff2bea2589ec2054f38ea1bbb9b9178a8e5895a974662b57f5c,Will Zane Gonzalez finish as a top-5 K in the 2026-27 NFL season?,No,Direccional,1,278.8822,0.9517,0.976,20,0.75,12.524824849074736,ndb1,12.524824849074736,278.8822,1,1.0,0.0,0.0,45.0,100.0,Revisar reglas: un pick NO puede incluir empate o una resolución distinta a clasificación.
0x5a129fee722e8e4565a3f44368a901fa3f7ef3d42969aaa89b4c98431f329539,Will Dustin Hopkins finish as a top-5 K in the 2026-27 NFL season?,No,Direccional,1,277.0871,0.982,0.9935,20,0.75,12.484450077997028,ndb1,12.484450077997028,277.0871,1,1.0,0.0,0.0,45.0,100.0,Revisar reglas: un pick NO puede incluir empate o una resolución distinta a clasificación.
0xe7d85db0bbd554f7ae589ad1d257008c30814beead61cb659610a7c0a1db1817,"Will Joe Burrow be the first QB to 2,000 passing yards in the 2026-27 NFL regular season?",No,Direccional,1,276.6445,0.9243,0.9845,20,0.75,12.474475189361673,ndb1,12.474475189361673,276.6445,1,1.0,0.0,0.0,45.0,100.0,Revisar reglas: un pick NO puede incluir empate o una resolución distinta a clasificación.
0xc9c1fe4837738bbc6e4407bd01388ba3320a8ea81ca7a4581e27fbd73109a664,Albania vs. San Marino: San Marino O/U 0.5,Under,Direccional,1,276.0996,0.7294,0.815,31,0.55,9.138934784754731,omnibus-076daa,9.138934784754731,276.0996,1,1.0,0.0,0.0,45.0,100.0,
0xfd4c3c4e6ee09a4ba6d50d723199b573f44616218224a2bfbc61e425feaf41ea,"Will Michael Wilson be the first WR to 1,000 receiving yards in the 2026-27 NFL regular season?",No,Direccional,1,274.6638,0.9469,0.993,20,0.75,12.42973803022413,ndb1,12.42973803022413,274.6638,1,1.0,0.0,0.0,45.0,100.0,Revisar reglas: un pick NO puede incluir empate o una resolución distinta a clasificación.
0xd0ee7c69ad14eee3d75632734939cfc549f73eab9404e01fc4bdd01b09f8b5ed,Will Aston Villa finish in the top 6 of the 2026-27 English Premier League season?,No,Direccional,1,274.0036,0.7599,0.79,20,0.75,12.414790574149851,ndb1,12.414790574149851,274.0036,1,1.0,0.0,0.0,45.0,100.0,Revisar reglas: un pick NO puede incluir empate o una resolución distinta a clasificación.
0xf311b938fed1251d9e658ec7980fddfdfdd194aad91442601e044d935f801c98,Will CA Central Córdoba win on 2026-10-10?,Yes,Direccional,1,273.4209,0.2784,0.275,31,0.55,9.094494062343436,omnibus-076daa,9.094494062343436,273.4209,1,1.0,0.0,0.0,45.0,100.0,
0x02484888759884c6736d56fd633c4ad37870c0ee907ac55480486eb50229cbd1,"Will Chase Brown be the first RB to 1,000 rushing yards in the 2026-27 NFL regular season?",No,Direccional,1,272.783,0.882,0.931,20,0.75,12.38710771326382,ndb1,12.38710771326382,272.783,1,1.0,0.0,0.0,45.0,100.0,Revisar reglas: un pick NO puede incluir empate o una resolución distinta a clasificación.
0x06758eccdec46eea1edf5ba808b6fc8630b14cb4ac1779594434782f8dc3c471,Cruzeiro EC vs. São Paulo FC: O/U 9.5 Total Corners,Over,Direccional,1,272.6009,0.5399,0.545,31,0.55,9.080846450083826,omnibus-076daa,9.080846450083826,272.6009,1,1.0,0.0,0.0,45.0,100.0,
0xcd11851c2093d7cc1e58bbe4eb16dc97e93352241094c8001e9800044d64c2a3,M25 Darwin: Zaharije-Zak Talic vs Alex Bulte,Zaharije-Zak Talic,Direccional,1,272.047,0.3747,0.9995,40,0.4,6.597538935087842,ferrariChampions2026,6.597538935087842,272.047,1,1.0,0.0,0.0,45.0,100.0,
0xf0d357bcccc92513cb3e9a5212097c9d74f21802f24cd208c4ea77fe36f272c6,Will Matt Prater finish as a top-12 K in the 2026-27 NFL season?,No,Direccional,1,271.7478,0.9557,0.9105,20,0.75,12.36358109529759,ndb1,12.36358109529759,271.7478,1,1.0,0.0,0.0,45.0,100.0,Revisar reglas: un pick NO puede incluir empate o una resolución distinta a clasificación.
0x96257fcb6274a5e604a1bd353b59d6d375ac3084a46f303bda44582905739e54,Will Morocco win AFCON 2027?,No,Direccional,1,270.6398,0.5788,0.67,20,0.75,12.338350274651793,ndb1,12.338350274651793,270.6398,1,1.0,0.0,0.0,45.0,100.0,Revisar reglas: un pick NO puede incluir empate o una resolución distinta a clasificación.
0xec4aa9c4e6e0c98a7c806eebf5daa148c151c272e3787e3bd12214a8a9d609eb,Villena: Felix Balshaw vs Joel Schwaerzler,Felix Balshaw,Direccional,1,270.3951,0.5199,0.525,31,0.55,9.0440321621498,omnibus-076daa,9.0440321621498,270.3951,1,1.0,0.0,0.0,45.0,100.0,
0xaa57ddac09e870808cce954972b4c77139a77642ed6f9574d21e68f6fbc8b04d,Braga: Dali Blanch vs Max Alcala Gurri,Max Alcala Gurri,Direccional,1,270.1867,0.6996,0.695,31,0.55,9.040546263915694,omnibus-076daa,9.040546263915694,270.1867,1,1.0,0.0,0.0,45.0,100.0,
0x746914b62b087f111f5008aec941262db6c1ea04e9b6e502292ce046de4a3980,Will Jalen Hurts have 599.5+ rushing yards in the 2026-27 NFL regular season?,No,Direccional,1,270.0,0.6589,0.72,20,0.75,12.323757543866236,ndb1,12.323757543866236,270.0,1,1.0,0.0,0.0,45.0,100.0,Revisar reglas: un pick NO puede incluir empate o una resolución distinta a clasificación.
0xdf08f427c59e7caf5ea536bd983018eaafe1f0842b1ebf7395e5b38185421114,Croatia vs. Spain: O/U 8.5 Total Corners,Under,Direccional,1,268.3,0.4599,0.46,31,0.55,9.008926129123273,omnibus-076daa,9.008926129123273,268.3,1,1.0,0.0,0.0,45.0,100.0,
0x9ec75d77522af79ad10e1137081af484156f04a47c74a9c9b409247c88449cbc,Will Woody Marks finish as a top-5 RB in the 2026-27 NFL season?,No,Direccional,1,268.019,0.9462,0.989,20,0.75,12.278464378740527,ndb1,12.278464378740527,268.019,1,1.0,0.0,0.0,45.0,100.0,Revisar reglas: un pick NO puede incluir empate o una resolución distinta a clasificación.
0x54ad8b1d9d34c9196e0d5cf2526586085064cefde045f39e6e11bbf51245eca8,"UFC Fight Night: Ismael Bonfim vs. Francisco Prado (Welterweight, Prelims)",Ismael Bonfim,Direccional,1,267.8937,0.5453,0.505,31,0.55,9.00210221281674,omnibus-076daa,9.00210221281674,267.8937,1,1.0,0.0,0.0,45.0,100.0,
0xe0d335767b54514e205823767f53ba2d48cd110cfead8dfc85ef2f5564c75bd7,M15+H Rodez: Daniel Jade vs Kenny De Schepper,Daniel Jade,Direccional,1,265.146,0.55,0.535,31,0.55,8.955817383131482,omnibus-076daa,8.955817383131482,265.146,1,1.0,0.0,0.0,45.0,100.0,
0x7f752aeeffbbf782b931f41ea8d573d2f3640b6588b21ca5b9c9d0a94c564430,"Will Jordan Love be the first QB to 2,000 passing yards in the 2026-27 NFL regular season?",No,Direccional,1,262.3225,0.8835,0.945,20,0.75,12.147279788084244,ndb1,12.147279788084244,262.3225,1,1.0,0.0,0.0,45.0,100.0,Revisar reglas: un pick NO puede incluir empate o una resolución distinta a clasificación.
0x82e6d4da4e8afbacb1fcf49030b289bd4310d3dd116b1eeb9b4f2a2c8dfbf308,Samsun: Emiliana Arango vs Ayla Aksu,Ayla Aksu,Direccional,1,261.6148,0.31,0.325,31,0.55,8.895980946472402,omnibus-076daa,8.895980946472402,261.6148,1,1.0,0.0,0.0,45.0,100.0,
0x99df38f6080f584ad05b23cf42c86a27867c3c4fd8118e9bd36521d0bd8af1c7,Will Florida Panthers advance to the Second Round of the 2027 Stanley Cup Playoffs?,Yes,Direccional,1,260.6976,0.5022,0.48,20,0.75,12.109599497918998,ndb1,12.109599497918998,260.6976,1,1.0,0.0,0.0,45.0,100.0,
0x184552fa63c376082bf85239200338a266708a47875298a17f77f1e98a7a6297,Will CDPJuniorFC win on 2026-08-10?,Yes,Direccional,1,259.3799,0.6978,0.68,1,1.0,16.10527553319098,swisstony,16.10527553319098,259.3799,1,1.0,0.0,0.0,45.0,100.0,
0xf3fbae976a51d7adfbf1b6d62373ca4c53bcc180e572a9611fb132b66f17878c,"Will Javonte Williams be the first RB to 1,000 rushing yards in the 2026-27 NFL regular season?",No,Direccional,1,259.0735,0.959,0.9835,20,0.75,12.071820233502486,ndb1,12.071820233502486,259.0735,1,1.0,0.0,0.0,45.0,100.0,Revisar reglas: un pick NO puede incluir empate o una resolución distinta a clasificación.
0xa985724d5f2996dc9906ac74d96a38080dbd9fa9ea53b3948bc20aafdb142f35,India vs. Uruguay: O/U 4.5,Under,Direccional,1,258.335,0.5499,0.605,31,0.55,8.840041713702487,omnibus-076daa,8.840041713702487,258.335,1,1.0,0.0,0.0,45.0,100.0,
0xa55cc4466bf3df976fb07f6260e4c6e1a35658d2e71f5959d060bda55100d6a8,"Will Christian Watson be the first WR to 1,000 receiving yards in the 2026-27 NFL regular season?",No,Direccional,1,258.2304,0.9239,0.96,20,0.75,12.052161631840157,ndb1,12.052161631840157,258.2304,1,1.0,0.0,0.0,45.0,100.0,Revisar reglas: un pick NO puede incluir empate o una resolución distinta a clasificación.
0x3d4cc1d7ad824b5def8af598971c4044a5c45073199dc6c1870fce04914e5167,Will Ashton Jeanty have 774.5+ rushing yards in the 2026-27 NFL regular season?,Yes,Direccional,1,258.0,0.57,0.86,20,0.75,12.046783803156757,ndb1,12.046783803156757,258.0,1,1.0,0.0,0.0,45.0,100.0,
0xbcadb779f226e0cba7c0042374a7f8f16b82cae353171d8bfe3d82f3a252f7b6,Set 1 Winner: Barrena vs Neumayer,Neumayer,Direccional,1,257.9427,0.64,0.5,40,0.4,6.424237853629021,ferrariChampions2026,6.424237853629021,257.9427,1,1.0,0.0,0.0,45.0,100.0,
0x96370619b208014a9971c504d685a34fa679d79779d3b0295f8b2dcfb85e9b24,Will Luxembourg win on 2026-10-06?,Yes,Direccional,1,250.1883,0.4442,0.425,31,0.55,8.69953796186901,omnibus-076daa,8.69953796186901,250.1883,1,1.0,0.0,0.0,45.0,100.0,
0x14679ec7e5621554ee155811c3c8a3e7cf0d057d3c53139806ab18cb4f81dec7,"Will Justin Herbert be the first QB to 2,000 passing yards in the 2026-27 NFL regular season?",No,Direccional,1,249.5424,0.95,0.984,20,0.75,11.847683317847418,ndb1,11.847683317847418,249.5424,1,1.0,0.0,0.0,45.0,100.0,Revisar reglas: un pick NO puede incluir empate o una resolución distinta a clasificación.
0x9a1f3a147b780678511502990e302509b67a6f2590abcc70697c9af196f8abb6,Will Tank Bigsby finish as a top-5 RB in the 2026-27 NFL season?,No,Direccional,1,247.2424,0.9614,0.9935,20,0.75,11.792957644289238,ndb1,11.792957644289238,247.2424,1,1.0,0.0,0.0,45.0,100.0,Revisar reglas: un pick NO puede incluir empate o una resolución distinta a clasificación.
0xdafad48f243342b1e9c04c670edd430f07fdb500f8d5b6a04d82cdfd06f4f54a,Will Myles Garrett win the 2026 NFL Defensive Player of the Year award for the 2026-27 NFL season?,No,Direccional,1,246.4573,0.78,0.9675,20,0.75,11.77421892313881,ndb1,11.77421892313881,246.4573,1,1.0,0.0,0.0,45.0,100.0,Revisar reglas: un pick NO puede incluir empate o una resolución distinta a clasificación.
0xdecb3a67dfa49af218035a4032cb73f16345b4efee1af9ad6dd7fdf6d49dfd1d,Will Michael Badgley finish as a top-5 K in the 2026-27 NFL season?,No,Direccional,1,245.542,0.9667,0.9945,20,0.75,11.752334874398365,ndb1,11.752334874398365,245.542,1,1.0,0.0,0.0,45.0,100.0,Revisar reglas: un pick NO puede incluir empate o una resolución distinta a clasificación.
0xf86f9a8ad4b369cff24916bffca34067519ee75df40665f795915dca45723227,KBO: KT Wiz vs. Samsung Lions,KT Wiz,Direccional,1,245.0054,0.39,0.775,2,1.0,15.652648338220597,RN1,15.652648338220597,245.0054,1,1.0,0.0,0.0,45.0,100.0,
0x10571763c58939219aabffb91261188393f54a6944a7a07cc6e31639ac1ef69b,Belarus vs. Finland: O/U 0.5,Over,Direccional,1,244.9679,0.8999,0.885,31,0.55,8.608297726612388,omnibus-076daa,8.608297726612388,244.9679,1,1.0,0.0,0.0,45.0,100.0,
0x127422dfe382bb2c4a4fbca3ca9ec1278fc1948e8874928508a54c94b00f14ac,Will Shohei Ohtani win the 2026 National League Hank Aaron Award?,No,Direccional,1,243.597,0.7636,0.997,20,0.75,11.70569572900304,ndb1,11.70569572900304,243.597,1,1.0,0.0,0.0,45.0,100.0,Revisar reglas: un pick NO puede incluir empate o una resolución distinta a clasificación.
0x79ba8bc1a3e2d30126f096980fa6491ed753ce51fa04c8cb025d9dc1dd908578,"Will Jordan Love have 3,049.5+ passing yards in the 2026-27 NFL regular season?",Yes,Direccional,1,241.86,0.76,0.87,20,0.75,11.663886573522566,ndb1,11.663886573522566,241.86,1,1.0,0.0,0.0,45.0,100.0,
0xd2995bb367989ff2eb1e0fb60787c998874c1c2a0eeafa93858b8a0bb05d4bbb,Set Handicap: Linda Klimovicova (-1.5) vs Cagla Buyukakcay (+1.5),Cagla Buyukakcay,Direccional,1,240.0501,0.4682,0.48,31,0.55,8.521452649049927,omnibus-076daa,8.521452649049927,240.0501,1,1.0,0.0,0.0,45.0,100.0,
0x940607220b60a6e5019e1d9e6f1cd3132698b220351ad80bd576a6df5f98fb6d,India vs. Uruguay: Uruguay O/U 4.5,Over,Direccional,1,238.0571,0.4349,0.33,31,0.55,8.486004522152932,omnibus-076daa,8.486004522152932,238.0571,1,1.0,0.0,0.0,45.0,100.0,
0x7f1dc6fe0dd73aa78c68d60f978ba0dd9b964d821021dbaea61147badda85aa5,Will Mac Jones finish as a top-5 QB in the 2026-27 NFL season?,No,Direccional,1,238.024,0.9772,0.9955,20,0.75,11.57101983405093,ndb1,11.57101983405093,238.024,1,1.0,0.0,0.0,45.0,100.0,Revisar reglas: un pick NO puede incluir empate o una resolución distinta a clasificación.
0x21388940c78e6c02c1700608a8bb1eb5f2b424626dece16df6521adde963d4a5,Will Saquon Barkley have 699.5+ rushing yards in the 2026-27 NFL regular season?,Yes,Direccional,1,238.0,0.77,0.595,20,0.75,11.570436465406134,ndb1,11.570436465406134,238.0,1,1.0,0.0,0.0,45.0,100.0,
0x3b9a76f71d86b613273fefdceaffb6382dc36f7bf829145b28d18df92e3510eb,Will Jadarian Price have 549.5+ rushing yards in the 2026-27 NFL regular season?,No,Direccional,1,237.35,0.33,0.505,20,0.75,11.55462569709638,ndb1,11.55462569709638,237.35,1,1.0,0.0,0.0,45.0,100.0,Revisar reglas: un pick NO puede incluir empate o una resolución distinta a clasificación.
0xe27170023ddba48a2933eef91fee91a4ef9966c208ffdfbeeda923d31a9fdaf9,Will Ashton Jeanty have 5.5+ rushing touchdowns in the 2026-27 NFL regular season?,Yes,Direccional,1,235.0,0.6,0.47,20,0.75,11.497282287566918,ndb1,11.497282287566918,235.0,1,1.0,0.0,0.0,45.0,100.0,
0xa1ff6e0c1e25f083ff2aabd44ed83d04e997565e829f852748e58458c8c0e166,Will Real Betis Seville win on 2026-10-01?,Yes,Direccional,1,234.7459,0.7299,0.465,2,1.0,15.321419647017049,RN1,15.321419647017049,234.7459,1,1.0,0.0,0.0,45.0,100.0,
0xf51c43e4e4ec2295e7d270dee0beff2df111c9d93d484d045f12f2735dbafe3a,W50 Heraklion: Cristiana Nicoleta Todoni vs Georgina Groth,Cristiana Nicoleta Todoni,Direccional,1,232.9095,0.7099,0.69,40,0.4,6.104549123399696,ferrariChampions2026,6.104549123399696,232.9095,1,1.0,0.0,0.0,45.0,100.0,
0x25fceeba0a9b093ac2d73a6d9247d6b92c7360a3ca46055873328fbe8fb2589b,"Will Deshaun Watson be the first QB to 2,000 passing yards in the 2026-27 NFL regular season?",No,Direccional,1,232.7598,0.9323,0.98,20,0.75,11.442350610779238,ndb1,11.442350610779238,232.7598,1,1.0,0.0,0.0,45.0,100.0,Revisar reglas: un pick NO puede incluir empate o una resolución distinta a clasificación.
0x54ebf089049b53681de87326c9b6d1c96d580b407e6562576e0dd47bead75323,Will Korea Republic win on 2026-10-06?,No,Direccional,1,231.47,0.4299,0.395,31,0.55,8.36777598887542,omnibus-076daa,8.36777598887542,231.47,1,1.0,0.0,0.0,45.0,100.0,Revisar reglas: un pick NO puede incluir empate o una resolución distinta a clasificación.
0xa9d57ff6d07425e1d6c8eacfbf31a3412699cec431b0f0959436cd63e7c53b0b,Game Handicap: TLNP (-2.5) vs Bushido Wildcats (+2.5),Bushido Wildcats,Direccional,1,229.0342,0.5399,0.565,31,0.55,8.323631749422844,omnibus-076daa,8.323631749422844,229.0342,1,1.0,0.0,0.0,45.0,100.0,
0xeff550403fcf062979c85ee9b9d9bd299334cc840a72611053723fdf160a6b4c,Will Jayden Daniels have 549.5+ rushing yards in the 2026-27 NFL regular season?,No,Direccional,1,228.7258,0.48,0.44,20,0.75,11.342762560328943,ndb1,11.342762560328943,228.7258,1,1.0,0.0,0.0,45.0,100.0,Revisar reglas: un pick NO puede incluir empate o una resolución distinta a clasificación.
0xda76d8ce24536e7ed439278bf3f52507a6e81ec404a2b1e0c2b09aed41d33163,M15 Pontevedra: Mateo Luis Alvarez Sarmiento vs Daniel Verbeek,Daniel Verbeek,Direccional,1,227.726,0.6317,0.585,31,0.55,8.299826202999675,omnibus-076daa,8.299826202999675,227.726,1,1.0,0.0,0.0,45.0,100.0,
0xaa3ebdf381b73acd07098633c1e687c9fe7ae4145b7f8a56e165555688f92dd2,Boyacá Chicó FC vs. Atlético Nacional: O/U 4.5,Under,Direccional,1,227.3635,0.88,0.9205,1,1.0,15.078577519116317,swisstony,15.078577519116317,227.3635,1,1.0,0.0,0.0,45.0,100.0,
0xf35d9bb94f7de1db304acda767b1065328b4cf6b831d19b969b1dc63300a3346,Palermo: Pierluigi Basile vs Massimo Giunta,Massimo Giunta,Direccional,1,225.8691,0.5079,0.505,31,0.55,8.265918143194984,omnibus-076daa,8.265918143194984,225.8691,1,1.0,0.0,0.0,45.0,100.0,
0x632a760996447708c2fa44ff27b6a2c6e8b4427a5268f0be8c6e02a81c008c22,Will NK Varaždin win on 2026-10-11?,Yes,Direccional,1,225.0954,0.4355,0.425,31,0.55,8.251748814645294,omnibus-076daa,8.251748814645294,225.0954,1,1.0,0.0,0.0,45.0,100.0,
0xee239c787b24f4ad595dde90080b812f2dcca456302bf2e647b558e689b0a54c,Counter-Strike: Legacy vs M80 (BO3) - ESL Pro League Group Stage,M80,Direccional,1,224.9677,0.4399,0.445,31,0.55,8.249407812079605,omnibus-076daa,8.249407812079605,224.9677,1,1.0,0.0,0.0,45.0,100.0,
0x4e7f94e91daf67a8274577d7fea8b37d5a9ae2965b85f8f4cfc8b44a0a185501,"Will Jayden Daniels be the first QB to 2,000 passing yards in the 2026-27 NFL regular season?",No,Direccional,1,224.0337,0.9574,0.9855,20,0.75,11.225816507051949,ndb1,11.225816507051949,224.0337,1,1.0,0.0,0.0,45.0,100.0,Revisar reglas: un pick NO puede incluir empate o una resolución distinta a clasificación.
0x4b54048e475b3634f2ccd4ffbcf5b9890e2dfa421e8111b3c183af6e35fc19e2,W50 Burgas: Lucie Petruzelova vs Jana Kovackova,Jana Kovackova,Direccional,1,223.7947,0.886,0.89,31,0.55,8.227873160787059,omnibus-076daa,8.227873160787059,223.7947,1,1.0,0.0,0.0,45.0,100.0,
0x4e0fe9fd2f035e0cbe8230ce3f6a24c03d973eb470439be76f9eaa155d5ea35a,Argentina vs. Benin: Argentina O/U 4.5,Over,Direccional,1,221.9391,0.5299,0.575,31,0.55,8.19369133846278,omnibus-076daa,8.19369133846278,221.9391,1,1.0,0.0,0.0,45.0,100.0,
0x7f97293cbe80a2692609fc6bca5027082412d20341cc59d1b36e30e6af26ef2a,Algeria vs. Niger: O/U 8.5 Total Corners,Under,Direccional,1,221.8461,0.5028,0.51,31,0.55,8.191974441488451,omnibus-076daa,8.191974441488451,221.8461,1,1.0,0.0,0.0,45.0,100.0,
0x0609a21bc28a3462921059d078db71fc7317d859fb240e59ef28c530760dcf3e,Games Total: O/U 2.5,Over,Direccional,1,220.4,0.3083,0.31,31,0.55,8.165231166354081,omnibus-076daa,8.165231166354081,220.4,1,1.0,0.0,0.0,45.0,100.0,
0x047a6e8c865fc639d622e5d239763a7a99d9e0d6c8b658c44ad628b58b7cba1a,HC Plzen vs. Skelleftea AIK,HC Plzen,Direccional,1,218.3147,0.4817,0.465,31,0.55,8.126511967012663,omnibus-076daa,8.126511967012663,218.3147,1,1.0,0.0,0.0,45.0,100.0,
0x4803de6c427b842d57e1764659442ff19cefd11af619e52aabda24732ea7142e,Will Celta Vigo reach the 2027 UEFA Europa League Round of 16?,Yes,Direccional,1,217.5,0.66,0.435,20,0.75,11.060910902814468,ndb1,11.060910902814468,217.5,1,1.0,0.0,0.0,45.0,100.0,
0x472a7d0793ba10551c470d7de7d390bda3b231631bb781a35c9343628e5f94b1,Braga: Sumit Nagal vs Luka Mikrut,Luka Mikrut,Direccional,1,217.4299,0.7499,0.755,31,0.55,8.110027419805682,omnibus-076daa,8.110027419805682,217.4299,1,1.0,0.0,0.0,45.0,100.0,
0x2ecfa908dabf8700e28f7f8bc99c68d7b830e4cfe5e7a1d60530f3c1754aa00e,Will the Chiefs win the season series against the Chargers during the 2026-27 NFL regular season?,No,Direccional,1,216.3,0.6468,0.7,20,0.75,11.030355841948165,ndb1,11.030355841948165,216.3,1,1.0,0.0,0.0,45.0,100.0,Revisar reglas: un pick NO puede incluir empate o una resolución distinta a clasificación.
0xc360888e1f2a65f03cbc8741f5f17cd828c8a87ce0c93b92ab3bdd3d336e4744,Will Justin Tucker finish as a top-12 K in the 2026-27 NFL season?,No,Direccional,1,211.9062,0.959,0.97,20,0.75,10.917748737720611,ndb1,10.917748737720611,211.9062,1,1.0,0.0,0.0,45.0,100.0,Revisar reglas: un pick NO puede incluir empate o una resolución distinta a clasificación.
0x7c2c16259da0c975d08c82b6f0e9573ad08d836b0ad76d6d6919a858ca8cea05,Will Ashton Jeanty have 7.5+ rushing touchdowns in the 2026-27 NFL regular season?,Yes,Direccional,1,211.3948,0.45,0.4695,20,0.75,10.904566703908962,ndb1,10.904566703908962,211.3948,1,1.0,0.0,0.0,45.0,100.0,
0x6b69929223da41a3ae97b11fd7251202f9632455eee13bbd9449b699d5f60cd0,Will De'Von Achane have 7.5+ rushing touchdowns in the 2026-27 NFL regular season?,No,Direccional,1,208.5035,0.77,0.9725,20,0.75,10.829737704579923,ndb1,10.829737704579923,208.5035,1,1.0,0.0,0.0,45.0,100.0,Revisar reglas: un pick NO puede incluir empate o una resolución distinta a clasificación.
0x7e4ca95f5c116508bfbf87a3ce79d2032abeaa20ee8252da5e5b53a21a1a3c29,Will Manchester United reach the 2027 UEFA Champions League Round of 16?,Yes,Direccional,1,208.2131,0.601,0.575,20,0.75,10.82219334284876,ndb1,10.82219334284876,208.2131,1,1.0,0.0,0.0,45.0,100.0,
0xb0a3b381701cf42566d0e1ce6fe4be5d383305cd7bf36134c6b838a7124afb5c,Will Drake Maye have 5.5+ rushing touchdowns in the 2026-27 NFL regular season?,No,Direccional,1,207.9126,0.71,0.87,20,0.75,10.814381050249708,ndb1,10.814381050249708,207.9126,1,1.0,0.0,0.0,45.0,100.0,Revisar reglas: un pick NO puede incluir empate o una resolución distinta a clasificación.
0xb331b9017ac0a9c144f7f05e544a36a84537df33b2699d6d385dee96578b9639,Will the San Francisco 49ers make the 2027 NFL Playoffs?,Yes,Direccional,1,206.6374,0.55,0.835,20,0.75,10.781165869236965,ndb1,10.781165869236965,206.6374,1,1.0,0.0,0.0,45.0,100.0,
0x64a4a6f5d01c880ba679a7fcc6c4f75c7c329bb85a01c7076bb2f9efeec53cc8,Spread: Argentina (-4.5),Argentina,Direccional,1,206.0,0.46,0.515,31,0.55,7.893985051924028,omnibus-076daa,7.893985051924028,206.0,1,1.0,0.0,0.0,45.0,100.0,
0xe9925d5fc2e0e48414c5a26ff69dd483726494984ee38884e1ca57f8cd872f23,Will Kyren Williams have 10+ receiving touchdowns in the 2026-27 NFL regular season?,No,Direccional,1,205.11,0.94,0.9675,20,0.75,10.74124643605201,ndb1,10.74124643605201,205.11,1,1.0,0.0,0.0,45.0,100.0,Revisar reglas: un pick NO puede incluir empate o una resolución distinta a clasificación.
0x7845724b894da55238a1724cea617e97628f8744d9c9caa80035df22dea289ac,M15 Sharm ElSheikh: Justas Trainauskas vs Louis Herman,Louis Herman,Direccional,1,203.4542,0.4961,0.2245,40,0.4,5.705494895274204,ferrariChampions2026,5.705494895274204,203.4542,1,1.0,0.0,0.0,45.0,100.0,
0x1308dc71193a7d98d955062e014c3db01ce8b95a05b2c8a9f2db28a422357b3b,"Will Michael Pittman Jr. be the first WR to 1,000 receiving yards in the 2026-27 NFL regular season?",No,Direccional,1,202.4907,0.9509,0.997,20,0.75,10.67244202373571,ndb1,10.67244202373571,202.4907,1,1.0,0.0,0.0,45.0,100.0,Revisar reglas: un pick NO puede incluir empate o una resolución distinta a clasificación.
0x1088b062d3bf3b2875051986ff57a3c57a1a0f70fcd50fc9f06ac88aeb7bb259,Will FC Porto win on 2026-10-10?,No,Direccional,1,201.4096,0.25,0.245,31,0.55,7.8055367528441,omnibus-076daa,7.8055367528441,201.4096,1,1.0,0.0,0.0,45.0,100.0,Revisar reglas: un pick NO puede incluir empate o una resolución distinta a clasificación.
0x2ae35b8df13f004421605a0b954b1cff2ee17097807e074ff8b9eccc82d43273,Will FC CFR 1907 Cluj win on 2026-08-10?,No,Direccional,1,199.1404,0.5019,0.61,31,0.55,7.761441296563417,omnibus-076daa,7.761441296563417,199.1404,1,1.0,0.0,0.0,45.0,100.0,Revisar reglas: un pick NO puede incluir empate o una resolución distinta a clasificación.
0x037f9f5bf66e90879d9e3c0324b9d0f5eb35d55856f7758a1eac7790bcc73e72,Will the Giants win the season series against the Eagles during the 2026-27 NFL regular season?,No,Direccional,1,197.6845,0.7344,0.8945,20,0.75,10.545024004240105,ndb1,10.545024004240105,197.6845,1,1.0,0.0,0.0,45.0,100.0,Revisar reglas: un pick NO puede incluir empate o una resolución distinta a clasificación.
0xffd429684bbb4e4942d8758bfcb5ab3b21b359eafaf0b2cfbe7477cca984d235,Will Jadarian Price have 949.5+ rushing yards in the 2026-27 NFL regular season?,No,Direccional,1,196.2763,0.76,0.95,20,0.75,10.507398286445603,ndb1,10.507398286445603,196.2763,1,1.0,0.0,0.0,45.0,100.0,Revisar reglas: un pick NO puede incluir empate o una resolución distinta a clasificación.
0x0a662dc1413e9292e9fa4c2a63494deda93341f00c5eb4b358ca9d419fc82f1f,Will LSU have more than 8.5 wins during the 2026 CFB season?,Yes,Direccional,1,195.7095,0.4987,0.665,20,0.75,10.492215864630312,ndb1,10.492215864630312,195.7095,1,1.0,0.0,0.0,45.0,100.0,
0x2a0a9dce7d8a3621994c143f1c7d9dcd16460db0335036175857d07820a5d491,"Will Geno Smith be the first QB to 2,000 passing yards in the 2026-27 NFL regular season?",No,Direccional,1,195.334,0.94,0.967,20,0.75,10.482145534192892,ndb1,10.482145534192892,195.334,1,1.0,0.0,0.0,45.0,100.0,Revisar reglas: un pick NO puede incluir empate o una resolución distinta a clasificación.
0xc8666c052d32e5bf5ec2e2ae995bce14ea240818922ac54ca996a4970ee493f1,"Will Tetairoa McMillan be the first WR to 1,000 receiving yards in the 2026-27 NFL regular season?",No,Direccional,1,193.9345,0.9738,0.9925,20,0.75,10.444527574285015,ndb1,10.444527574285015,193.9345,1,1.0,0.0,0.0,45.0,100.0,Revisar reglas: un pick NO puede incluir empate o una resolución distinta a clasificación.
0xd223ca20e627cf9097e40cf8839403a82a924a3b29ff946afe196858123e2c0e,KBO: Hanwha Eagles vs. NC Dinos,NC Dinos,Direccional,1,193.6287,0.4534,0.67,1,1.0,13.91505300025839,swisstony,25.67840791074205,439.6314,2,0.541897030712613,11.76335491048366,246.00269999999998,45.0,54.2,
0xb6c2a24a1f58d79045ae84e64aa47ca9620b19f000f35e398cb56e1991cd0c93,Will LSU Tigers Win the 2026 SEC Championship?,No,Direccional,1,193.4363,0.83,0.895,20,0.75,10.43110342916798,ndb1,10.43110342916798,193.4363,1,1.0,0.0,0.0,45.0,100.0,Revisar reglas: un pick NO puede incluir empate o una resolución distinta a clasificación.
0xed285663782abc3b3697f96a431f2ed52f23e9835bcbc921f9b3bae9d8203d93,"Will DeVonta Smith be the first WR to 1,000 receiving yards in the 2026-27 NFL regular season?",No,Direccional,1,193.2295,0.8897,0.9895,20,0.75,10.425526065863535,ndb1,10.425526065863535,193.2295,1,1.0,0.0,0.0,45.0,100.0,Revisar reglas: un pick NO puede incluir empate o una resolución distinta a clasificación.
0x07bcc93c93c9f45d78da175dcea56b55d45018ada265dda6c32547eb9ca475f3,"Will Sam Darnold have 3,449.5+ passing yards in the 2026-27 NFL regular season?",No,Direccional,1,192.5,0.57,0.385,20,0.75,10.405827694133706,ndb1,10.405827694133706,192.5,1,1.0,0.0,0.0,45.0,100.0,Revisar reglas: un pick NO puede incluir empate o una resolución distinta a clasificación.
0x26ad9fc4b0e4a748104b2ed2ff4f2f1f0877cff113d27617bce991aa85ed2294,"Will Bo Nix be the first QB to 2,000 passing yards in the 2026-27 NFL regular season?",No,Direccional,1,190.63,0.8654,0.8665,20,0.75,10.355161756341618,ndb1,10.355161756341618,190.63,1,1.0,0.0,0.0,45.0,100.0,Revisar reglas: un pick NO puede incluir empate o una resolución distinta a clasificación.
0x95ee400d9f45ba0e53dbe13a9b48fb680b0a01e5e2f3e45f39d8a2ea0575cfa5,"UFC Fight Night: Ketlen Souza vs. Loopy Godínez (Women's Strawweight, Main Card)",Loopy Godínez,Direccional,1,190.0362,0.6898,0.665,31,0.55,7.581948990859805,omnibus-076daa,7.581948990859805,190.0362,1,1.0,0.0,0.0,45.0,100.0,
0xf47d6db4134ba6fa1903acd8ab8a8219178d8b24ce41dfd72b1f4759ec4b4bc1,KBO: NC Dinos vs. Doosan Bears,Doosan Bears,Direccional,1,188.9925,0.4874,0.45,40,0.4,5.498981723919439,ferrariChampions2026,5.498981723919439,188.9925,1,1.0,0.0,0.0,45.0,100.0,
0xe8b7033855233ae6fc3e0050573feba331e9e5d3eb485cc2e319cee296789b34,Will CD Santa Clara win on 2026-10-10?,No,Direccional,1,188.31,0.5,0.5,31,0.55,7.547434994751528,omnibus-076daa,7.547434994751528,188.31,1,1.0,0.0,0.0,45.0,100.0,Revisar reglas: un pick NO puede incluir empate o una resolución distinta a clasificación.
0x46fb3a30abc91dd48b2d0ebba1fabf38b5c2355e4301bf5d99e04c106b83018c,Will Jordan win on 2026-10-06?,Yes,Direccional,1,187.2613,0.4825,0.495,31,0.55,7.52638978860383,omnibus-076daa,7.52638978860383,187.2613,1,1.0,0.0,0.0,45.0,100.0,
0x4efc9d3c85e2508245a311622518722b6f44b31aba6d6ea202aae5426ead4411,Will Albania win on 2026-10-06?,No,Direccional,1,185.5265,0.0361,0.0335,31,0.55,7.4914462055066515,omnibus-076daa,7.4914462055066515,185.5265,1,1.0,0.0,0.0,45.0,100.0,Revisar reglas: un pick NO puede incluir empate o una resolución distinta a clasificación.
0xf8cff7fefaf5f26db4d4653c6e7f781ddbe4865deaa4e344e639035ce9018722,Will the Chiefs win the season series against the Raiders during the 2026-27 NFL regular season?,No,Direccional,1,183.4592,0.4475,0.64,20,0.75,10.158533358708826,ndb1,10.158533358708826,183.4592,1,1.0,0.0,0.0,45.0,100.0,Revisar reglas: un pick NO puede incluir empate o una resolución distinta a clasificación.
0xfaa81b1bb157ce9961b2abbe706763dfff8bb721c7e66b55db308f2f59d0fde4,Will Michigan State have more than 4.5 wins during the 2026 CFB season?,U 4.5,Direccional,1,183.0941,0.59,0.61,20,0.75,10.148420135666438,ndb1,10.148420135666438,183.0941,1,1.0,0.0,0.0,45.0,100.0,
0x1936e314d951cc38f82a351e5b37e6d671acf2953e911e3a8b94436d70409579,Will Matt Prater finish as a top-5 K in the 2026-27 NFL season?,No,Direccional,1,182.6761,0.9667,0.9785,20,0.75,10.136829200987851,ndb1,10.136829200987851,182.6761,1,1.0,0.0,0.0,45.0,100.0,Revisar reglas: un pick NO puede incluir empate o una resolución distinta a clasificación.
0xa4081529861e09369aa61d622d488d7376a0cf14250deb90d5cc1dc3a5faeb94,Will the Utah Jazz make the 2027 NBA Playoffs?,No,Direccional,1,181.475,0.61,0.595,20,0.75,10.10344928724839,ndb1,10.10344928724839,181.475,1,1.0,0.0,0.0,45.0,100.0,Revisar reglas: un pick NO puede incluir empate o una resolución distinta a clasificación.
0x1274d235531e9e167ac68fa92e089f6ced068741308676bc8d740bfca84e4d7e,Will Jacory Croskey-Merritt have 574.5+ rushing yards in the 2026-27 NFL regular season?,No,Direccional,1,180.1251,0.5375,0.235,20,0.75,10.065801942716735,ndb1,10.065801942716735,180.1251,1,1.0,0.0,0.0,45.0,100.0,Revisar reglas: un pick NO puede incluir empate o una resolución distinta a clasificación.
0xab9d90fd3faa3e5dabd576402752ea69273cec70ed0d710bf8057d202999b55f,Will Arvell Reese win the 2026 NFL Defensive Rookie of the Year award for the 2026-27 NFL season?,No,Direccional,1,179.7387,0.75,0.6965,20,0.75,10.054999689209344,ndb1,10.054999689209344,179.7387,1,1.0,0.0,0.0,45.0,100.0,Revisar reglas: un pick NO puede incluir empate o una resolución distinta a clasificación.
0x0296f6a476caefe3b5fbe4ab226d0c5a096e43bf52e9e4c4425e944a6c9e4b7f,Argentina vs. Benin: O/U 5.5,Under,Direccional,1,179.3736,0.6445,0.555,31,0.55,7.366173633576662,omnibus-076daa,7.366173633576662,179.3736,1,1.0,0.0,0.0,45.0,100.0,
0x0d7a0549aecc0e9396b5b90f8b1e6516ef3938ef0ec7fbc9bfaa1e97324b08fe,Will Fernando Mendoza finish as a top-12 QB in the 2026-27 NFL season?,No,Direccional,1,178.7749,0.8525,0.9775,20,0.75,10.028004848921842,ndb1,10.028004848921842,178.7749,1,1.0,0.0,0.0,45.0,100.0,Revisar reglas: un pick NO puede incluir empate o una resolución distinta a clasificación.
0x638d19f3c66a68c8b0d03a23659229b5f75bb5f5166b2a959a4099e3ee93aaa5,Will the Eagles win the season series against the Commanders during the 2026-27 NFL regular season?,Yes,Direccional,1,178.4,0.4522,0.8,20,0.75,10.0174847142384,ndb1,10.0174847142384,178.4,1,1.0,0.0,0.0,45.0,100.0,
0x13a3e12dd8cbecd31882d2a0841e3ab3670e5162841c4076d22288491654a4de,Republican House odds dip to 5% by October 31?,No,Direccional,1,178.3029,0.53,0.69,20,0.75,10.014758172317492,ndb1,10.014758172317492,178.3029,1,1.0,0.0,0.0,45.0,100.0,Revisar reglas: un pick NO puede incluir empate o una resolución distinta a clasificación.
0x7dad12670c445467ff28abea47b22519ab455f112dd683e6a01375c66a422b42,"Will Kyler Murray be the first QB to 2,000 passing yards in the 2026-27 NFL regular season?",No,Direccional,1,177.3342,0.9797,0.818,20,0.75,9.98751658321527,ndb1,9.98751658321527,177.3342,1,1.0,0.0,0.0,45.0,100.0,Revisar reglas: un pick NO puede incluir empate o una resolución distinta a clasificación.
0x2711d23d939ff0e0a6a5f5dc7d999883c92c793987db33ac6dfaa513443ba689,Will Cameron Ward have 18.5+ passing touchdowns in the 2026-27 NFL regular season?,No,Direccional,1,174.8021,0.44,0.505,20,0.75,9.915955891894638,ndb1,9.915955891894638,174.8021,1,1.0,0.0,0.0,45.0,100.0,Revisar reglas: un pick NO puede incluir empate o una resolución distinta a clasificación.
0xd4196c903a48cf840cc9e5b2e193a8e089f924a9e2227a584dba4234728a0183,Will Benfica finish first in UEL league phase?,No,Direccional,1,173.7785,0.8415,0.865,20,0.75,9.886880511566831,ndb1,9.886880511566831,173.7785,1,1.0,0.0,0.0,45.0,100.0,Revisar reglas: un pick NO puede incluir empate o una resolución distinta a clasificación.
0x22383692d9063a96705e5397d040e787e2ebb0ab0cbba69d35bbc106c24c5adf,SC Recife vs. São Bernardo FC: O/U 1.5,Under,Direccional,1,173.525,0.2499,0.275,31,0.55,7.2450888538374745,omnibus-076daa,7.2450888538374745,173.525,1,1.0,0.0,0.0,45.0,100.0,
0x86674ff67042c91cdf2c6ad7a753800d09c5302c6df66a332ae9f198e8b0a7d1,England vs. Czechia: O/U 9.5 Total Corners,Under,Direccional,1,172.8205,0.5257,0.545,31,0.55,7.230366605504869,omnibus-076daa,7.230366605504869,172.8205,1,1.0,0.0,0.0,45.0,100.0,
0x3c76ea2c99671e6574bab2ab04328cdb2bcf1ff70fde450e711ed0bb45bf5dd7,Will Chicago Fire FC vs. Vancouver Whitecaps FC end in a draw?,No,Direccional,1,172.14,0.75,0.755,1,1.0,13.120213412898435,swisstony,13.120213412898435,172.14,1,1.0,0.0,0.0,45.0,100.0,Revisar reglas: un pick NO puede incluir empate o una resolución distinta a clasificación.
0x362a2abf5ba2d2ebbab7cf382780e0d708578f20bc81fb44a6aff0f18d2075ce,Will the season series between the Bears and Lions end in a tie during the 2026-27 NFL regular season?,Yes,Direccional,1,172.1226,0.452,0.465,20,0.75,9.83966272287826,ndb1,9.83966272287826,172.1226,1,1.0,0.0,0.0,45.0,100.0,
0x9e794c16e3b4255742ebf81a5af601f47fc2caabaad2baf49193963a27ae5a2e,Will Jaxson Dart have 5.5+ rushing touchdowns in the 2026-27 NFL regular season?,No,Direccional,1,171.9422,0.45,0.9775,20,0.75,9.834504944327396,ndb1,9.834504944327396,171.9422,1,1.0,0.0,0.0,45.0,100.0,Revisar reglas: un pick NO puede incluir empate o una resolución distinta a clasificación.
0xb93e7b8be80744e1e61dce0b654ca115b53a65db6d3e471837fe44086431d04a,Scorigami in Week 10 of the 2026-27 NFL season?,No,Direccional,1,170.4,0.6333,0.71,20,0.75,9.790301323248432,ndb1,9.790301323248432,170.4,1,1.0,0.0,0.0,45.0,100.0,Revisar reglas: un pick NO puede incluir empate o una resolución distinta a clasificación.
0x35ca28d7f2d1245d3d89b0201abfd6eaa3367819773185745ed40e34e4473799,Spread: FC Barcelona (-2.5),Getafe CF,Direccional,1,169.0968,0.4,0.425,31,0.55,7.152047399171793,omnibus-076daa,7.152047399171793,169.0968,1,1.0,0.0,0.0,45.0,100.0,
0xdf19750410a97b50c46e02fc7917586298cbd06ac8e69f3a080e84ccbbc84d13,"Will Terry McLaurin be the first WR to 1,000 receiving yards in the 2026-27 NFL regular season?",No,Direccional,1,168.388,0.9471,0.979,20,0.75,9.732330142365702,ndb1,9.732330142365702,168.388,1,1.0,0.0,0.0,45.0,100.0,Revisar reglas: un pick NO puede incluir empate o una resolución distinta a clasificación.
0xc6f2527338f2efcaf953dcda61b8852ea4e0e9706370fd3fd0f730a027ffd167,"Will Jared Goff be the first QB to 2,000 passing yards in the 2026-27 NFL regular season?",No,Direccional,1,168.0844,0.8816,0.855,20,0.75,9.723552591517155,ndb1,9.723552591517155,168.0844,1,1.0,0.0,0.0,45.0,100.0,Revisar reglas: un pick NO puede incluir empate o una resolución distinta a clasificación.
0x810eabcd02791caa839f280e82224399e47a0785cecadb00ae71fd3348f8479b,Will the Seahawks win the season series against the Cardinals during the 2026-27 NFL regular season?,Yes,Direccional,1,167.9688,0.6767,0.72,20,0.75,9.720208331100727,ndb1,9.720208331100727,167.9688,1,1.0,0.0,0.0,45.0,100.0,
0x55ba9cafeb3165a57748f65fcac10e60c3692102288c7f35ddba548c9c286aaa,Will Anders Carlson finish as a top-5 K in the 2026-27 NFL season?,No,Direccional,1,167.751,0.9674,0.981,20,0.75,9.713904338627183,ndb1,9.713904338627183,167.751,1,1.0,0.0,0.0,45.0,100.0,Revisar reglas: un pick NO puede incluir empate o una resolución distinta a clasificación.
0x8045b224c4d7e982c84d6c469f68fe024aa4cad1d6cc6b4f399d968b07803422,"Will Marvin Harrison Jr. be the first WR to 1,000 receiving yards in the 2026-27 NFL regular season?",No,Direccional,1,166.3339,0.9499,0.9705,20,0.75,9.672787537726652,ndb1,9.672787537726652,166.3339,1,1.0,0.0,0.0,45.0,100.0,Revisar reglas: un pick NO puede incluir empate o una resolución distinta a clasificación.
0xcf0d635745576739e2dec1b0296eb8f1f18ce8d053c4eed60104a04e556b7162,Will Spain win the 2026-27 UEFA Nations League?,No,Direccional,1,166.2445,0.6386,0.635,20,0.75,9.67018775670876,ndb1,9.67018775670876,166.2445,1,1.0,0.0,0.0,45.0,100.0,Revisar reglas: un pick NO puede incluir empate o una resolución distinta a clasificación.
0x73c31314edb86142e93fbbf7aaa47f45de8eeeba2e53a29f3c77306ebada9645,"Will Zay Flowers be the first WR to 1,000 receiving yards in the 2026-27 NFL regular season?",No,Direccional,1,163.647,0.962,0.87,20,0.75,9.594344036983456,ndb1,9.594344036983456,163.647,1,1.0,0.0,0.0,45.0,100.0,Revisar reglas: un pick NO puede incluir empate o una resolución distinta a clasificación.
0xa610fa6b4468ae1573389d664668a3a1d32fa0e513b7d7629ae224cf97612bf7,Will FC Internazionale Milano vs. Parma Calcio 1913 end in a draw?,Yes,Direccional,1,162.982,0.1,0.095,31,0.55,7.021542209514944,omnibus-076daa,7.021542209514944,162.982,1,1.0,0.0,0.0,45.0,100.0,
0x9ee98b2a31bb870160b34a0243aea0b0fc6ce76df9ec80cf816a282413d2e251,M15 Monastir: Andrea Colombo vs Luca Wiedenmann,Luca Wiedenmann,Direccional,1,161.7382,0.6999,0.685,31,0.55,6.994698385205756,omnibus-076daa,6.994698385205756,161.7382,1,1.0,0.0,0.0,45.0,100.0,
0x2421e04fb0ffa55bf0feff0d0d376fb27beb2d3a95a27ae4b7792b19b2da2b76,Will Maccabi Netanya FC win on 2026-10-10?,Yes,Direccional,1,161.7152,0.5499,0.54,31,0.55,6.994201026564793,omnibus-076daa,6.994201026564793,161.7152,1,1.0,0.0,0.0,45.0,100.0,
0x57877029035fd05460f1cc548c6696d3427899669bc6f64ef1c77ceb84bd7ea0,Will Sam Howell finish as a top-5 QB in the 2026-27 NFL season?,No,Direccional,1,161.308,0.9463,0.98,20,0.75,9.52553148123505,ndb1,9.52553148123505,161.308,1,1.0,0.0,0.0,45.0,100.0,Revisar reglas: un pick NO puede incluir empate o una resolución distinta a clasificación.
0xf20b76b36dff0f1709ec27973358d6e5ead259518bbd440858eb2279199367c0,M15+H Rodez: Rahul Dhokia vs Martin SIMON,Martin SIMON,Direccional,1,160.9424,0.2637,0.44,40,0.4,5.074523031773528,ferrariChampions2026,5.074523031773528,160.9424,1,1.0,0.0,0.0,45.0,100.0,
0xe2164ff5e5c361c6a5d7c6ded7d1cc199d9d59000aad499af16ff16750649378,"Will Jonathan Taylor be the first RB to 1,000 rushing yards in the 2026-27 NFL regular season?",No,Direccional,1,160.8246,0.9344,0.9505,20,0.75,9.51124794651049,ndb1,9.51124794651049,160.8246,1,1.0,0.0,0.0,45.0,100.0,Revisar reglas: un pick NO puede incluir empate o una resolución distinta a clasificación.
0x30a26854796ca91f51c8c9ca835e819ed0f8bb62d04e2060580f861b879d21a0,Islanders vs. Rangers,Rangers,Direccional,1,159.6219,0.5799,0.575,31,0.55,6.948785847182226,omnibus-076daa,6.948785847182226,159.6219,1,1.0,0.0,0.0,45.0,100.0,
0xccbb9b961dbe295adfedb8d15dd763f4697ec5f782ec0adbe2d9fd6ed0ba40cb,KBO: NC Dinos vs. Doosan Bears,Doosan Bears,Direccional,1,157.5447,0.5397,0.61,1,1.0,12.55168116229854,swisstony,22.929329017183576,349.00350000000003,2,0.5474072596233464,10.377647854885037,191.45880000000002,45.0,54.7,
0xf0ae667d3e820614c232e1b707512237d00b76c1b91df545b2b1b48dedbd55f0,KBO: LG Twins vs. Kia Tigers,Kia Tigers,Direccional,1,154.9324,0.42,0.495,20,0.75,9.335388315437125,ndb1,9.335388315437125,154.9324,1,1.0,0.0,0.0,45.0,100.0,
0xfeaf50793f1d125964b36cad5c33127f779972a5b4e581c80332fe775df40f66,Will the New England Patriots make the 2027 NFL Playoffs?,No,Direccional,1,154.2605,0.3533,0.3865,20,0.75,9.31512379144797,ndb1,9.31512379144797,154.2605,1,1.0,0.0,0.0,45.0,100.0,Revisar reglas: un pick NO puede incluir empate o una resolución distinta a clasificación.
0x2a34443a75f390096ef5f57be03574c54b878b250e2facd56ab6d192035a8350,KBO: SSG Landers vs. Kia Tigers,SSG Landers,Direccional,1,153.3923,0.25,0.3715,2,1.0,12.3851645124318,RN1,12.3851645124318,153.3923,1,1.0,0.0,0.0,45.0,100.0,
0xcadc5659b9c7aadb8a9d688e2ddae935713446d19dbb01a76872617f618ad9fe,Will the Phoenix Suns make the 2027 NBA Playoffs?,Yes,Direccional,1,151.9245,0.49,0.49,20,0.75,9.24432427222239,ndb1,9.24432427222239,151.9245,1,1.0,0.0,0.0,45.0,100.0,
0xc5a9c248a721daf4388601614c1ea888a2fdba613153538658ec33becd2d4dce,Will the season series between the Cardinals and Seahawks end in a tie during the 2026-27 NFL regular season?,Yes,Direccional,1,150.9786,0.2498,0.2905,20,0.75,9.215501207205172,ndb1,9.215501207205172,150.9786,1,1.0,0.0,0.0,45.0,100.0,
0xa6a7b22321e0bd1585829838e4e61972e49c1bbf33c7b316c5440044c2ee7769,Will CeeDee Lamb have 9.5+ receiving touchdowns in the 2026-27 NFL regular season?,Yes,Direccional,1,148.5,0.31,0.495,20,0.75,9.139543205215457,ndb1,9.139543205215457,148.5,1,1.0,0.0,0.0,45.0,100.0,
0x731a801f291133a21eb884cd1276ab509cd842f24a14d2c3bd431ed229dc4e22,Moldova vs. Slovakia: O/U 1.5,Under,Direccional,1,148.275,0.2299,0.225,31,0.55,6.697252235058794,omnibus-076daa,6.697252235058794,148.275,1,1.0,0.0,0.0,45.0,100.0,
0x790363e6e3d241087a17e08c0a94754e6a8751e03dae3c0ffb5515c9d3ba79ff,Will Atalanta finish 9th-24th in UECL league phase?,Yes,Direccional,1,147.5,0.22,0.295,20,0.75,9.10871835111834,ndb1,9.10871835111834,147.5,1,1.0,0.0,0.0,45.0,100.0,
0x9f9fed8357169756be5a1261813e15d338795ce715272ef915a6b741e7e8dd72,Will Josh Allen have 18.5+ passing touchdowns in the 2026-27 NFL regular season?,Yes,Direccional,1,146.9011,0.87,0.885,20,0.75,9.09020729961644,ndb1,9.09020729961644,146.9011,1,1.0,0.0,0.0,45.0,100.0,
0x5e5b3b481d679a90e9d583bba1dff7a1b6a6c239e815925a5a162cd61cd673bd,"Will George Pickens be the first WR to 1,000 receiving yards in the 2026-27 NFL regular season?",No,Direccional,1,146.8365,0.9631,0.9835,20,0.75,9.088208363038339,ndb1,9.088208363038339,146.8365,1,1.0,0.0,0.0,45.0,100.0,Revisar reglas: un pick NO puede incluir empate o una resolución distinta a clasificación.
0xdf31418db4c773a471566d61365291ef5d29b5fb7145548d3e4526669f7caf7e,Will Jaxson Dart have 30+ passing touchdowns in the 2026-27 NFL regular season?,No,Direccional,1,146.4217,0.9212,0.9435,20,0.75,9.075362596061932,ndb1,9.075362596061932,146.4217,1,1.0,0.0,0.0,45.0,100.0,Revisar reglas: un pick NO puede incluir empate o una resolución distinta a clasificación.
0x0475e0532d0c718f391f62c00c668604172cc478eb5f8c26546a438e06f9c346,Will Chris Godwin have 4.5+ receiving touchdowns in the 2026-27 NFL regular season?,No,Direccional,1,146.396,0.5196,0.4,20,0.75,9.074566105329774,ndb1,9.074566105329774,146.396,1,1.0,0.0,0.0,45.0,100.0,Revisar reglas: un pick NO puede incluir empate o una resolución distinta a clasificación.
0x424d2853ae311e80e90e7663c2db19217ae422ef5cb5af5cb8e90bc3df76ecf3,Spread: Thunder (-4.5),Pelicans,Direccional,1,145.5,0.5,0.485,31,0.55,6.634285944998151,omnibus-076daa,6.634285944998151,145.5,1,1.0,0.0,0.0,45.0,100.0,
0xbe0e7f23c0b6f9f1b86ede1344a22452d27859870da6abc0b9c9f0b184edc1fb,Will Zay Flowers have 774.5+ receiving yards in the 2026-27 NFL regular season?,No,Direccional,1,144.9971,0.27,0.145,20,0.75,9.031105621683317,ndb1,9.031105621683317,144.9971,1,1.0,0.0,0.0,45.0,100.0,Revisar reglas: un pick NO puede incluir empate o una resolución distinta a clasificación.
0x0a60629730a311a6077a212c2aafb9e44347ba793cec5510ebe03496812c284c,Will the Jaguars win the season series against the Colts during the 2026-27 NFL regular season?,No,Direccional,1,143.5954,0.6306,0.785,20,0.75,8.987347356144637,ndb1,8.987347356144637,143.5954,1,1.0,0.0,0.0,45.0,100.0,Revisar reglas: un pick NO puede incluir empate o una resolución distinta a clasificación.
0x7c8dd72c54c20bf98d733c4b2c6ab1c64e5b332851b13dba176187af275053d2,Will Auston Matthews record 40+ goals in the 2026-27 regular season?,No,Direccional,1,142.239,0.2184,0.51,20,0.75,8.944799466729258,ndb1,8.944799466729258,142.239,1,1.0,0.0,0.0,45.0,100.0,Revisar reglas: un pick NO puede incluir empate o una resolución distinta a clasificación.
0xc7dd01d6536c2246cde3305fd9ec6134a6256fc437ed5a15fd3eb52d5c0c2cb3,"Will Tee Higgins be the first WR to 1,000 receiving yards in the 2026-27 NFL regular season?",No,Direccional,1,141.9126,0.9099,0.8815,20,0.75,8.93453062561207,ndb1,8.93453062561207,141.9126,1,1.0,0.0,0.0,45.0,100.0,Revisar reglas: un pick NO puede incluir empate o una resolución distinta a clasificación.
0xdd21a5b6d05c0420cc343cacd7f81bfb5eb64c3d8fe809bde91ea20a9096d12a,Will the season series between the Cowboys and Commanders end in a tie during the 2026-27 NFL regular season?,No,Direccional,1,141.246,0.51,0.6,20,0.75,8.91352203116142,ndb1,8.91352203116142,141.246,1,1.0,0.0,0.0,45.0,100.0,Revisar reglas: un pick NO puede incluir empate o una resolución distinta a clasificación.
0x9473b1c19d2ee63905e4c047071286285382f4b67ef7175ccc5a0729befc5b30,M15 Burgas: Tobia Costanzo Baragiola Mordini vs Jannik Maute,Tobia Costanzo Baragiola Mordini,Direccional,1,140.5546,0.68,0.9995,40,0.4,4.742229011762296,ferrariChampions2026,4.742229011762296,140.5546,1,1.0,0.0,0.0,45.0,100.0,
0xc41c5deda6340c89b99d92b441936312850a3d0d9696ad8d67eceef2614a1c86,Chicago Fire FC vs. Vancouver Whitecaps FC: O/U 3.5,Over,Direccional,1,140.0499,0.4399,0.44,1,1.0,11.834268038201603,swisstony,23.034268038201603,265.48990000000003,2,0.513767922582773,11.2,125.44000000000003,45.0,51.4,
0x6be5415ecc67093f4eb628926b23befd66ff38e68b07636b19f95e42108afbac,Will Courtland Sutton have 374.5+ receiving yards in the 2026-27 NFL regular season?,No,Direccional,1,140.0,0.19,0.14,20,0.75,8.874119674649425,ndb1,8.874119674649425,140.0,1,1.0,0.0,0.0,45.0,100.0,Revisar reglas: un pick NO puede incluir empate o una resolución distinta a clasificación.
0x99dfacf78b9f3d2db7016192fbc6d8ea958e47d8dde64e4260fbf61148186a27,Will Tre Tucker have 574.5+ receiving yards in the 2026-27 NFL regular season?,No,Direccional,1,140.0,0.48,0.28,20,0.75,8.874119674649425,ndb1,8.874119674649425,140.0,1,1.0,0.0,0.0,45.0,100.0,Revisar reglas: un pick NO puede incluir empate o una resolución distinta a clasificación.
0x62ec63175625b894b58db9e83fff0136088360ad62abeab78533323bacb3e201,KBO: Kia Tigers vs. NC Dinos,NC Dinos,Direccional,1,139.2951,0.62,0.49,40,0.4,4.72093380593289,ferrariChampions2026,4.72093380593289,139.2951,1,1.0,0.0,0.0,45.0,100.0,
0x8c99e43f6e72be0661df6439de534ce32881dccb8482e4522bee719a030df426,Will SC Freiburg qualify for the 2027-28 UEFA Champions League?,No,Direccional,1,139.0697,0.7394,0.77,20,0.75,8.844586267881613,ndb1,8.844586267881613,139.0697,1,1.0,0.0,0.0,45.0,100.0,Revisar reglas: un pick NO puede incluir empate o una resolución distinta a clasificación.
0x1bde28bedde2967d44398aee6e1d46af28f5070539690d0a5d87b60166d1d5e8,Will the Colts win the season series against the Texans during the 2026-27 NFL regular season?,Yes,Direccional,1,138.8865,0.2212,0.3975,20,0.75,8.838758750526004,ndb1,8.838758750526004,138.8865,1,1.0,0.0,0.0,45.0,100.0,
0x6b245e2ca316700b8fe638382062d93f86906a0364967c35d9189095f69af56f,Suzhou: Emerson Jones vs Mai Hontama,Emerson Jones,Direccional,1,138.3574,0.5799,0.735,31,0.55,6.469398233220769,omnibus-076daa,6.469398233220769,138.3574,1,1.0,0.0,0.0,45.0,100.0,
0x3bf922264135c522aa25bdcb2fd0aaea4f59b747a05f63d17b9a993ae7616ebb,Will A.J. Brown finish as a top-5 FLEX in the 2026-27 NFL season?,No,Direccional,1,136.821,0.9599,0.9725,20,0.75,8.772788182784309,ndb1,8.772788182784309,136.821,1,1.0,0.0,0.0,45.0,100.0,Revisar reglas: un pick NO puede incluir empate o una resolución distinta a clasificación.
0xbbba3a7138589841dc3d4a7883896a5acb4509be393a8543e95e4809c76713e0,Belarus vs. Finland: O/U 2.5,Under,Direccional,1,136.6892,0.5799,0.635,31,0.55,6.430278609827105,omnibus-076daa,6.430278609827105,136.6892,1,1.0,0.0,0.0,45.0,100.0,
0xfd0788b22df21eb69bc8c29c02161d7cba0f9970ce8adceee066ff7ca01be954,Will Belarus win on 2026-10-06?,No,Direccional,1,136.4166,0.7699,0.785,31,0.55,6.423863440329347,omnibus-076daa,6.423863440329347,136.4166,1,1.0,0.0,0.0,45.0,100.0,Revisar reglas: un pick NO puede incluir empate o una resolución distinta a clasificación.
0xdfb9ede62f1d118beae01dc709e2706c1a23a2432532046fd49f77851f13d427,Will the Washington Wizards make the 2027 NBA Playoffs?,No,Direccional,1,134.2202,0.72,0.725,20,0.75,8.689008142475181,ndb1,8.689008142475181,134.2202,1,1.0,0.0,0.0,45.0,100.0,Revisar reglas: un pick NO puede incluir empate o una resolución distinta a clasificación.
0xff23a3bb217bf0755cb9b0dfd27d95a2fb5eff03bcaa3ff7be20ef7bf5504a49,Will Justin Jefferson have 10+ receiving touchdowns in the 2026-27 NFL regular season?,Yes,Direccional,1,133.64,0.08,0.52,20,0.75,8.670207609971055,ndb1,8.670207609971055,133.64,1,1.0,0.0,0.0,45.0,100.0,
0xdc052ce201d6c4de214f8b78eca517f9af15bff80bf8eef53b46dc58d89ca9a4,Will Sunderland be relegated from the 2026-27 Premier League?,No,Direccional,1,132.9692,0.77,0.845,20,0.75,8.648420375999308,ndb1,8.648420375999308,132.9692,1,1.0,0.0,0.0,45.0,100.0,Revisar reglas: un pick NO puede incluir empate o una resolución distinta a clasificación.
0xc12fc4b1c117f64104061026850aac51bd6e8a304034c1c4c7c185b74f376164,W35 Seville: Gabriela Ce vs Marie Mettraux,Gabriela Ce,Direccional,1,132.2792,0.6499,0.675,31,0.55,6.325698222330876,omnibus-076daa,6.325698222330876,132.2792,1,1.0,0.0,0.0,45.0,100.0,
0x093a20bc77660e9bc29de0fcbd504ba0df3fbab80f375b4bf399e92bc7d70985,PFC Slavia Sofia vs. PFC Levski Sofia: Both Teams to Score,Yes,Direccional,1,132.05,0.4433,0.95,31,0.55,6.32021558176618,omnibus-076daa,6.32021558176618,132.05,1,1.0,0.0,0.0,45.0,100.0,
0x09cc35a54cab57da5d42aa5689d3bc5e2cd69d0d8fdd47a23ac71899e89639a1,Will Russia win on 2026-10-06?,Yes,Direccional,1,131.5262,0.5859,0.615,31,0.55,6.307667992213922,omnibus-076daa,6.307667992213922,131.5262,1,1.0,0.0,0.0,45.0,100.0,
0xe0eb9393e2a961d6acf62d5cb2e99475cb950d481557dd7e6f6b2753a7e6eff7,Will San Diego Padres win the 2026 National League Championship Series?,No,Direccional,1,130.453,0.87,0.955,20,0.75,8.566201754570107,ndb1,8.566201754570107,130.453,1,1.0,0.0,0.0,45.0,100.0,Revisar reglas: un pick NO puede incluir empate o una resolución distinta a clasificación.
0x38b2e62386ac4a466438b903460cedb3dec595b354bf0e526f58a1db3e7a1d74,Will the Eagles win the season series against the Giants during the 2026-27 NFL regular season?,Yes,Direccional,1,129.8441,0.38,0.535,20,0.75,8.546186649611627,ndb1,8.546186649611627,129.8441,1,1.0,0.0,0.0,45.0,100.0,
0x0e3e1db94339bb0a6f9eee0af501b390d748b48c7f116c056337e42bcd3b9cad,KBO: KT Wiz vs. Hanwha Eagles,Hanwha Eagles,Direccional,1,129.7748,0.7931,0.6195,40,0.4,4.556749718823714,ferrariChampions2026,4.556749718823714,129.7748,1,1.0,0.0,0.0,45.0,100.0,
0x8f7f69efcfe0f8b407efa4abbd3777b0f28b4d058930fd61b6a90fff040f53ad,"Will Josh Allen be the first QB to 2,000 passing yards in the 2026-27 NFL regular season?",No,Direccional,1,129.559,0.9438,0.989,20,0.75,8.536799019538881,ndb1,8.536799019538881,129.559,1,1.0,0.0,0.0,45.0,100.0,Revisar reglas: un pick NO puede incluir empate o una resolución distinta a clasificación.
0xfd0a5c318419442a89570d2ccd8b5638f9d336d1a31936df5a02da529823d732,Will the season series between the Cowboys and Eagles end in a tie during the 2026-27 NFL regular season?,Yes,Direccional,1,128.6654,0.4599,0.265,20,0.75,8.507307887927885,ndb1,8.507307887927885,128.6654,1,1.0,0.0,0.0,45.0,100.0,
0x69b99d7b5a9a5d4448d80eec4d92b4784553ac178b7e698cfcb574572bf07c3f,Counter-Strike: FURIA vs Aurora Gaming (BO3) - ESL Pro League Group Stage,FURIA,Direccional,1,128.0056,0.5499,0.545,31,0.55,6.222675791008238,omnibus-076daa,6.222675791008238,128.0056,1,1.0,0.0,0.0,45.0,100.0,
0xa60b3c87961e930f8cec379a2fdc80a5024cc6fcc69859509ec9d9336e37f2ee,Will Crewe Alexandra FC win on 2026-10-10?,Yes,Direccional,1,128.0,0.3699,0.37,31,0.55,6.222539674441619,omnibus-076daa,6.222539674441619,128.0,1,1.0,0.0,0.0,45.0,100.0,
0xb5aea1f67f3c162ecb106e7b01b0c89f96f590a1f5b53238668e1d831f8a8c98,Will Tommy DeVito finish as a top-5 QB in the 2026-27 NFL season?,No,Direccional,1,127.985,0.94,0.9845,20,0.75,8.484784175216245,ndb1,8.484784175216245,127.985,1,1.0,0.0,0.0,45.0,100.0,Revisar reglas: un pick NO puede incluir empate o una resolución distinta a clasificación.
0x4b4113a53b47103ffd407781768a9b8657d5ae8e63e4778dc1fb45237f59822c,Will the season series between the Rams and 49ers end in a tie during the 2026-27 NFL regular season?,No,Direccional,1,127.28,0.4342,0.43,20,0.75,8.461382865702273,ndb1,8.461382865702273,127.28,1,1.0,0.0,0.0,45.0,100.0,Revisar reglas: un pick NO puede incluir empate o una resolución distinta a clasificación.
0x7c2051671b834f0b83712c65c9fc1691916b23ea0d504229f45c246abd326dd3,Will Delfin SC win on 2026-10-09?,Yes,Direccional,1,126.575,0.389,0.415,31,0.55,6.187805548011347,omnibus-076daa,6.187805548011347,126.575,1,1.0,0.0,0.0,45.0,100.0,
0x69ebe33d39d179dcc538955273189e23327c8313edc898dd9cc66b0e8efb7001,Dota 2: Team Yandex vs LGD Gaming (BO3) - BLAST Slam Playoffs,LGD Gaming,Direccional,1,124.1709,0.1503,0.155,31,0.55,6.128759846004737,omnibus-076daa,6.128759846004737,124.1709,1,1.0,0.0,0.0,45.0,100.0,
0x23ecc8b7623b9fbb7438bed9337b045f7a6872961ffaf448b584b2ff6769980a,Panathinaikos vs. Fenerbahce,Panathinaikos,Direccional,1,123.9167,0.6857,0.64,31,0.55,6.122483299283062,omnibus-076daa,6.122483299283062,123.9167,1,1.0,0.0,0.0,45.0,100.0,
0x36945b4b542612d21f4ea11712270db2d92921e9e69d22672bf2d92b057ca162,Will the Bengals win the season series against the Ravens during the 2026-27 NFL regular season?,No,Direccional,1,123.0419,0.5972,0.87,20,0.75,8.3193190075871,ndb1,8.3193190075871,123.0419,1,1.0,0.0,0.0,45.0,100.0,Revisar reglas: un pick NO puede incluir empate o una resolución distinta a clasificación.
0xf335030edfd1e414f6b3c18e27e0b61667b5d8da420d13c3db48faddb1695a1a,Boyacá Chicó FC vs. Atlético Nacional: O/U 2.5,Under,Direccional,1,122.8258,0.5299,0.645,1,1.0,11.082680181255796,swisstony,11.082680181255796,122.8258,1,1.0,0.0,0.0,45.0,100.0,
0x90d760d8b7446ec861ea263f6833b228d054df9684f9cdb290821ce019f3b876,Will Matthew Golden have 449.5+ receiving yards in the 2026-27 NFL regular season?,Yes,Direccional,1,122.5087,0.7,0.875,20,0.75,8.301273622161842,ndb1,8.301273622161842,122.5087,1,1.0,0.0,0.0,45.0,100.0,
0x6d96f5c94d58761668a486602a666453842dc48b6a7dce52b8c5fdf9f0885f7d,Will Antigua and Barbuda win on 2026-10-06?,No,Direccional,1,122.146,0.5899,0.585,31,0.55,6.078582482783301,omnibus-076daa,6.078582482783301,122.146,1,1.0,0.0,0.0,45.0,100.0,Revisar reglas: un pick NO puede incluir empate o una resolución distinta a clasificación.
0xed62c35dc0901c6efdab36c5c6ce9b0d183b2a9305b7561bd9704bc6ad35d98f,Will Fernando Mendoza have 30+ passing touchdowns in the 2026-27 NFL regular season?,No,Direccional,1,121.7224,0.9563,0.981,20,0.75,8.274590624314897,ndb1,8.274590624314897,121.7224,1,1.0,0.0,0.0,45.0,100.0,Revisar reglas: un pick NO puede incluir empate o una resolución distinta a clasificación.
0xe1a2ad6d39ed8d61812f1a67f94699f503f68d31639bc601aed980778c5868ff,Will the Chicago Bears make the 2027 NFL Playoffs?,Yes,Direccional,1,121.6502,0.4698,0.62,20,0.75,8.27213621140271,ndb1,8.27213621140271,121.6502,1,1.0,0.0,0.0,45.0,100.0,
0x238c799cfb60eb003e13fc3d1a1f6578923c14a7f0eadd0b35a4b5e682c9106c,Will the season series between the Chiefs and Chargers end in a tie during the 2026-27 NFL regular season?,Yes,Direccional,1,121.6441,0.4675,0.42,20,0.75,8.271928810742994,ndb1,8.271928810742994,121.6441,1,1.0,0.0,0.0,45.0,100.0,
0x6bf036a55e08dc9cec917dcd676c57fdabb5fe73ff780b616ed7dfee2ec54210,"Will Parker Washington be the first WR to 1,000 receiving yards in the 2026-27 NFL regular season?",No,Direccional,1,121.1702,0.9319,0.9655,20,0.75,8.255800233775041,ndb1,8.255800233775041,121.1702,1,1.0,0.0,0.0,45.0,100.0,Revisar reglas: un pick NO puede incluir empate o una resolución distinta a clasificación.
0x220392433fe273d20b0d1cd439de7c771efe8d8c64205d6b43dbd1ba59c75fde,SC Braga vs. Gil Vicente FC: 1st Half O/U 0.5,Under,Direccional,1,120.8904,0.3099,0.505,1,1.0,10.995017053192779,swisstony,10.995017053192779,120.8904,1,1.0,0.0,0.0,45.0,100.0,
0x21cef7b94971a9af3da0bc73bafc7841b255d4a82a6b7d9b558ad528da46bbf7,W35 Lagos: Katarina Kujovic vs Carlotta Moccia,Carlotta Moccia,Direccional,1,120.5297,0.5999,0.615,31,0.55,6.038231053048568,omnibus-076daa,6.038231053048568,120.5297,1,1.0,0.0,0.0,45.0,100.0,
0x747086d10879ffb0c17404e1d59e0cb0fef52c29205f960e9aedc5b0f999fc7c,Will the Winnipeg Jets record 90+ points?,No,Direccional,1,119.995,0.57,0.55,20,0.75,8.215667197495284,ndb1,8.215667197495284,119.995,1,1.0,0.0,0.0,45.0,100.0,Revisar reglas: un pick NO puede incluir empate o una resolución distinta a clasificación.
0xa99c3bdaf63b3ea5c972455bd0eafc26f550f0a75c07ca344e411187950ce47a,W50 Burgas: Sarah Van Emst vs Sapfo Sakellaridi,Sarah Van Emst,Direccional,1,119.94,0.8,0.9995,48,0.4,4.380684877961436,CandleHammerDrums,4.380684877961436,119.94,1,1.0,0.0,0.0,45.0,100.0,
0x854585305372d1db2f443235afc52888863ab145ae915f3c8185914d80df08b0,Will the Green Bay Packers have more than 12.5 wins during the 2026 NFL season?,No,Direccional,1,119.7196,0.9577,0.9485,20,0.75,8.206233910875316,ndb1,8.206233910875316,119.7196,1,1.0,0.0,0.0,45.0,100.0,Revisar reglas: un pick NO puede incluir empate o una resolución distinta a clasificación.
0x4754d90e8fd8087d29946a16e1225f553cb8e98b4a58d4673f38d606804e0f9d,"Will Courtland Sutton be the first WR to 1,000 receiving yards in the 2026-27 NFL regular season?",No,Direccional,1,119.1245,0.9499,0.9845,20,0.75,8.185812803259063,ndb1,8.185812803259063,119.1245,1,1.0,0.0,0.0,45.0,100.0,Revisar reglas: un pick NO puede incluir empate o una resolución distinta a clasificación.
0xf404203100780d5fab6155afdfa53d842051044ff98c820170ff5afb9e3081e0,Will Tua Tagovailoa finish as a top-12 QB in the 2026-27 NFL season?,No,Direccional,1,118.74,0.77,0.9895,20,0.75,8.172591388292945,ndb1,8.172591388292945,118.74,1,1.0,0.0,0.0,45.0,100.0,Revisar reglas: un pick NO puede incluir empate o una resolución distinta a clasificación.
0x92c042779ae1eccb62d22879fa1449305802c52a906648e7d09ca247e81844bd,Will Jonathan Quick record 4+ shutouts?,No,Direccional,1,118.5,0.9568,0.9875,20,0.75,8.164327896403965,ndb1,8.164327896403965,118.5,1,1.0,0.0,0.0,45.0,100.0,Revisar reglas: un pick NO puede incluir empate o una resolución distinta a clasificación.
0xeff9f68db05c92cc8e5e9e5e8af1065af7c173bcf8af882fdfca696833cc93dc,Will Turks and Caicos Islands win on 2026-10-06?,Yes,Direccional,1,118.4812,0.0523,0.0545,31,0.55,5.986698839928396,omnibus-076daa,5.986698839928396,118.4812,1,1.0,0.0,0.0,45.0,100.0,
0x5f6af1febbd3c26a85c2135431044ba5ab48da6171f3d383568df3d442551d30,Clermont Foot 63 vs. Red Star FC: O/U 2.5,Over,Direccional,1,117.9414,0.4797,0.485,31,0.55,5.973045579936588,omnibus-076daa,5.973045579936588,117.9414,1,1.0,0.0,0.0,45.0,100.0,
0xa0d5993c240c9410caf22d64d074c45ea2fcb37aeacc61be07d44644fe14ad59,Will the Miami Dolphins be the last winless team of the 2026-27 NFL regular season?,No,Direccional,1,117.0,0.7,0.585,20,0.75,8.112490369793976,ndb1,8.112490369793976,117.0,1,1.0,0.0,0.0,45.0,100.0,Revisar reglas: un pick NO puede incluir empate o una resolución distinta a clasificación.
0x5d9a8fca2dc1741336a1c8159ffb8e64b5226c686909cad2848a5e463fdecbc7,Will the season series between the Ravens and Bengals end in a tie during the 2026-27 NFL regular season?,Yes,Direccional,1,116.1123,0.3011,0.68,20,0.75,8.081656312291436,ndb1,8.081656312291436,116.1123,1,1.0,0.0,0.0,45.0,100.0,
0xd83edb8b862548cdf7ed27dbb131d2b0aa4b1c1c6b37e808a915d42a1d4caf6a,Rio Ave FC vs. CF Estrela da Amadora: O/U 8.5 Total Corners,Over,Direccional,1,115.5,0.5387,0.5,31,0.55,5.9109009465562865,omnibus-076daa,5.9109009465562865,115.5,1,1.0,0.0,0.0,45.0,100.0,
0x926310f67d5279a6a85550d60d3945805dd6680f14a25b8359e7a55766bfe7af,Will United States win on 2026-10-06?,No,Direccional,1,115.0728,0.4599,0.45,31,0.55,5.899959491386361,omnibus-076daa,5.899959491386361,115.0728,1,1.0,0.0,0.0,45.0,100.0,Revisar reglas: un pick NO puede incluir empate o una resolución distinta a clasificación.
0x958b856182942b51c6da9d00c31fc209d3590f03fc674ac7654a4d50a9841e58,Will Greg Zuerlein finish as a top-5 K in the 2026-27 NFL season?,No,Direccional,1,115.0602,0.9466,0.989,20,0.75,8.044958825251996,ndb1,8.044958825251996,115.0602,1,1.0,0.0,0.0,45.0,100.0,Revisar reglas: un pick NO puede incluir empate o una resolución distinta a clasificación.
0x2c58a4e9e7339ce444dadd2eed00055122eeed752794ffa82be18b2ef81d0815,Will Carnell Tate have 4.5+ receiving touchdowns in the 2026-27 NFL regular season?,Yes,Direccional,1,114.5434,0.4103,0.345,20,0.75,8.026871277154008,ndb1,8.026871277154008,114.5434,1,1.0,0.0,0.0,45.0,100.0,
0xe126dd71c6dbb97556647ab8ae0fb64adcd6ce4a654876ace770354c6ce8ead8,Will Makai Lemon have 449.5+ receiving yards in the 2026-27 NFL regular season?,No,Direccional,1,114.0,0.33,0.38,20,0.75,8.007808689023484,ndb1,8.007808689023484,114.0,1,1.0,0.0,0.0,45.0,100.0,Revisar reglas: un pick NO puede incluir empate o una resolución distinta a clasificación.
0x16925c3a97acb649f79c8397125b910de7ed236aa92a9a70766372a9fdd8772a,Scorigami in Week 15 of the 2026-27 NFL season?,No,Direccional,1,113.8657,0.5439,0.675,20,0.75,8.003090418707014,ndb1,8.003090418707014,113.8657,1,1.0,0.0,0.0,45.0,100.0,Revisar reglas: un pick NO puede incluir empate o una resolución distinta a clasificación.
0xc23ba998a7f9362f7ba2721052afaed8e0483e4236eff04a5e98fbbbd01dab46,Will Puka Nacua have 9.5+ receiving touchdowns in the 2026-27 NFL regular season?,Yes,Direccional,1,110.0,0.32,0.22,20,0.75,7.866066361276136,ndb1,7.866066361276136,110.0,1,1.0,0.0,0.0,45.0,100.0,
0x2da610e4ae68be93bd6f4cff3efe278c7fef7c5486d9800a8adefc0968c5bb72,Will Terry McLaurin have 749.5+ receiving yards in the 2026-27 NFL regular season?,Yes,Direccional,1,108.63,0.64,0.765,20,0.75,7.816928744718094,ndb1,7.816928744718094,108.63,1,1.0,0.0,0.0,45.0,100.0,
0xcad41b4930a8d625980f15780151756de1141f67bd93d37f7083a5f32a59205a,Spread: Montserrat (-1.5),Montserrat,Direccional,1,108.1358,0.5599,0.555,31,0.55,5.719360060356403,omnibus-076daa,5.719360060356403,108.1358,1,1.0,0.0,0.0,45.0,100.0,
0xa93d60c6efbaa5c3ef5fceb5daa9100ad7aecb87b3a40743e7119fb9126fb083,"Will Puka Nacua be the first WR to 1,000 receiving yards in the 2026-27 NFL regular season?",No,Direccional,1,107.4975,0.9861,0.9845,20,0.75,7.776075086443031,ndb1,7.776075086443031,107.4975,1,1.0,0.0,0.0,45.0,100.0,Revisar reglas: un pick NO puede incluir empate o una resolución distinta a clasificación.
0x74c4eeb9f78f8e5ace2422f21eeae9f40c9bc0895c448907c81e064825eae0b1,Set Handicap: Anna Blinkova (-1.5) vs Elena Pridankina (+1.5),Anna Blinkova,Direccional,1,107.4294,0.4599,0.455,31,0.55,5.700648515739241,omnibus-076daa,5.700648515739241,107.4294,1,1.0,0.0,0.0,45.0,100.0,
0x6bc8884304c03022f63d1c5b0ac4f396f6bd6827908620cd2913244dd9c96347,W15 Sharm ElSheikh: Annika Barth vs Sveva Pieroni,Sveva Pieroni,Direccional,1,107.0864,0.7199,0.9995,48,0.4,4.1393023566779945,CandleHammerDrums,4.1393023566779945,107.0864,1,1.0,0.0,0.0,45.0,100.0,
0x8d387712b862fd8d62a959de3a867939d8d8f19e11e0331f955f652f82e85958,"Will Jaylen Waddle be the first WR to 1,000 receiving yards in the 2026-27 NFL regular season?",No,Direccional,1,106.9633,0.9099,0.887,20,0.75,7.756729739394045,ndb1,7.756729739394045,106.9633,1,1.0,0.0,0.0,45.0,100.0,Revisar reglas: un pick NO puede incluir empate o una resolución distinta a clasificación.
0x624494ffcbcc9e554e2afdd5f8bc3c943d9cbe1feb013df686776a713d4212d7,Will Louisville have more than 8.5 wins during the 2026 CFB season?,No,Direccional,1,106.5836,0.4792,0.82,20,0.75,7.742950019211024,ndb1,7.742950019211024,106.5836,1,1.0,0.0,0.0,45.0,100.0,Revisar reglas: un pick NO puede incluir empate o una resolución distinta a clasificación.
0x867e5da408f19e44a253f7e9dc1fa65d263add57710a9f6d95d79271b5a8d4de,Will the Jaguars win the season series against the Titans during the 2026-27 NFL regular season?,Yes,Direccional,1,105.7628,0.5203,0.475,20,0.75,7.7130781793004015,ndb1,7.7130781793004015,105.7628,1,1.0,0.0,0.0,45.0,100.0,
0xf3095152abbb2512bfe1a73c238e55c8f831e3c38854d5d44b348289ba420f82,"Shanghai Rolex Masters, Qualification: Pavel Kotov vs Aleksandar Vukic",Pavel Kotov,Direccional,1,105.1074,0.5819,0.595,31,0.55,5.6387045054693195,omnibus-076daa,5.6387045054693195,105.1074,1,1.0,0.0,0.0,45.0,100.0,
0x880c8da606815bac69d29db179c682e6d3f3d87384405249d7bac79a0a57c4f1,Will FC UTA Arad win on 2026-10-10?,Yes,Direccional,1,104.6532,0.3498,0.345,31,0.55,5.62650806451035,omnibus-076daa,5.62650806451035,104.6532,1,1.0,0.0,0.0,45.0,100.0,
0xa8364542a0e062da43b61e25c073d7c8d105da174a2a7c1128adee0e9e200ac8,"Will Dak Prescott be the first QB to 2,000 passing yards in the 2026-27 NFL regular season?",No,Direccional,1,102.7843,0.9405,0.9615,20,0.75,7.60369441455928,ndb1,7.60369441455928,102.7843,1,1.0,0.0,0.0,45.0,100.0,Revisar reglas: un pick NO puede incluir empate o una resolución distinta a clasificación.
0x18160e4c5622d442ae339250c6b613413b1d155e9cfa7445033be3169ee74c83,Will Christian McCaffrey have 10+ rushing touchdowns in the 2026-27 NFL regular season?,Yes,Direccional,1,101.5,0.3314,0.725,20,0.75,7.556040629853707,ndb1,7.556040629853707,101.5,1,1.0,0.0,0.0,45.0,100.0,
0xd78a1775af626bbd38b70bc8223ac9ce059875518093793d81680bacdd535f2b,Will Australia win Group D at the 2027 AFC Asian Cup?,No,Direccional,1,100.0,0.3,0.2,20,0.75,7.5,ndb1,7.5,100.0,1,1.0,0.0,0.0,45.0,100.0,Revisar reglas: un pick NO puede incluir empate o una resolución distinta a clasificación.
0x1c8870fed75e00b9d759b45992a41a25c6ee55864047d9ee2b3dd5dc72585dc0,Chicago Fire FC vs. Vancouver Whitecaps FC: Both Teams to Score,Yes,Direccional,1,262.2375,0.68,0.675,1,1.0,16.193748793901925,swisstony,34.489923257433915,596.9875,2,0.4695211605149497,18.29617446353199,334.74999999999994,44.8,47.0,
0x7beb03b48f520e43ae2e217fefe3a48f6948018d3da07678e22708463789afa0,Exact Score: Chicago Fire FC 3 - 2 Vancouver Whitecaps FC?,No,Marcador exacto / posible cobertura,1,1185.8231,0.9583,0.965,1,1.0,34.43578226205991,swisstony,34.43578226205991,1185.8231,1,1.0,0.0,0.0,44.5,100.0,Revisar reglas: un pick NO puede incluir empate o una resolución distinta a clasificación.
0xc41c5deda6340c89b99d92b441936312850a3d0d9696ad8d67eceef2614a1c86,Chicago Fire FC vs. Vancouver Whitecaps FC: O/U 3.5,Under,Direccional,1,125.44,0.59,0.56,1,1.0,11.2,swisstony,23.034268038201603,265.48990000000003,2,0.486232077417227,11.834268038201603,140.04990000000004,44.3,48.6,
0x2307c8dd123f120f7d8a890646229f3b0211e182534e925e9604942317b7eddd,Exact Score: Chicago Fire FC 3 - 3 Vancouver Whitecaps FC?,No,Marcador exacto / posible cobertura,1,939.9455,0.9739,0.9775,1,1.0,30.658530623629048,swisstony,30.658530623629048,939.9455,1,1.0,0.0,0.0,44.2,100.0,Revisar reglas: un pick NO puede incluir empate o una resolución distinta a clasificación.
0x85d7e77f46e92faec56205028d9f5102bc0fd1ca616bc738e5701ef58b8c9eab,Chicago Fire FC vs. Vancouver Whitecaps FC: O/U 2.5,Under,Direccional,1,312.5667,0.3399,0.345,1,1.0,17.679555989899747,swisstony,40.57428245692704,836.7352000000001,2,0.4357330535338009,22.89472646702729,524.1685,44.0,43.6,
0x841fb7a9055ca17285ff76a882274972b072eda7569d4fe6daef56fa29a8ee6b,Exact Score: Chicago Fire FC 0 - 0 Vancouver Whitecaps FC?,No,Marcador exacto / posible cobertura,1,705.7235,0.9609,0.962,1,1.0,26.5654568942452,swisstony,26.5654568942452,705.7235,1,1.0,0.0,0.0,43.9,100.0,Revisar reglas: un pick NO puede incluir empate o una resolución distinta a clasificación.
0xda9fcfe15a8a3132eb7836193db3cc96ffbf0bdc45943de1e372adee6b0ef214,Exact Score: Chicago Fire FC 0 - 3 Vancouver Whitecaps FC?,No,Marcador exacto / posible cobertura,1,627.9425,0.9699,0.968,1,1.0,25.058780896125015,swisstony,25.058780896125015,627.9425,1,1.0,0.0,0.0,43.7,100.0,Revisar reglas: un pick NO puede incluir empate o una resolución distinta a clasificación.
0x60d0badc8638ae1c41a4506c2205af08e0775b655c83d9abf34ba1a74da9b18c,Exact Score: Chicago Fire FC 1 - 3 Vancouver Whitecaps FC?,No,Marcador exacto / posible cobertura,1,612.1406,0.9467,0.948,1,1.0,24.74147529958551,swisstony,24.74147529958551,612.1406,1,1.0,0.0,0.0,43.7,100.0,Revisar reglas: un pick NO puede incluir empate o una resolución distinta a clasificación.
0x4aa3bbbfcca55802fe284e7f4fd47543832ed089d612311e3f643a6f6f57ff2e,Exact Score: Chicago Fire FC 1 - 1 Vancouver Whitecaps FC?,No,Marcador exacto / posible cobertura,1,587.3437,0.8799,0.895,1,1.0,24.23517484979219,swisstony,24.23517484979219,587.3437,1,1.0,0.0,0.0,43.7,100.0,Revisar reglas: un pick NO puede incluir empate o una resolución distinta a clasificación.
0xbaaebdf982b987694de4f2dbf4605eead94012ada2c5507167a72102484bbedb,Exact Score: Chicago Fire FC 2 - 2 Vancouver Whitecaps FC?,No,Marcador exacto / posible cobertura,1,580.2885,0.91,0.9255,1,1.0,24.089178068169947,swisstony,24.089178068169947,580.2885,1,1.0,0.0,0.0,43.6,100.0,Revisar reglas: un pick NO puede incluir empate o una resolución distinta a clasificación.
0x5097b7d654b8933eb519ee24ac889ba675f7a9eb1c48de22f300bbeb9c127df6,"Shanghai Rolex Masters, Qualification: Kyrian Jacquet vs Rei Sakamoto",Kyrian Jacquet,Direccional,2,2223.6572,0.58155,0.585,2,0.775,53.48829199648121,"RN1, omnibus-076daa",152.42354270074202,15997.4988,5,0.3509188347727652,98.93525070426081,13773.8416,43.1,35.1,
0x16c63b7cc37f012b9f59ee164ec03877914c701d06d48291ae8d6fc08a088b0d,"2026 Balance of Power: D Senate, D House",No,Direccional,1,65463.9294,0.3397,0.345,13,0.75,191.89439879136648,BreakTheBank,550.9948373875899,294713.9294,2,0.3482689596533932,359.1004385962234,229250.00000000003,43.0,34.8,Revisar reglas: un pick NO puede incluir empate o una resolución distinta a clasificación.
0x3ebb3d62e20300aec0695e28d34ace145882b9ccae7af182103a24361f5c5db6,Exact Score: Chicago Fire FC 2 - 1 Vancouver Whitecaps FC?,No,Marcador exacto / posible cobertura,1,286.5975,0.91,0.9275,1,1.0,16.929190766247512,swisstony,16.929190766247512,286.5975,1,1.0,0.0,0.0,42.8,100.0,Revisar reglas: un pick NO puede incluir empate o una resolución distinta a clasificación.
0x10a2832698c756d39ea3e9affbdaa41f5039dc3eb6cf1e0897f4f2cb319450aa,Switzerland vs. North Macedonia: O/U 3.5,Under,Direccional,1,1036.2963,0.5499,0.575,31,0.55,17.705355990490563,omnibus-076daa,27.59159693434784,1647.1572999999999,2,0.6416937748336621,9.886240943857278,610.8609999999999,42.6,64.2,
0xdcba1017e29e34ffa049b112852fa6114d2781118d08d2711f9a9ef0276e7a2f,Spread: Argentina (-3.5),Argentina,Direccional,1,436.945,0.5795,0.7,31,0.55,11.496776178564147,omnibus-076daa,17.27008140607464,547.1303,2,0.6657048052199817,5.773305227510495,110.18530000000004,42.3,66.6,
0x44e44f4440467c1b409bfb6f5b9a7d9a42f8f3854993abb3f06d8b359ca31ad7,Exact Score: Chicago Fire FC 0 - 1 Vancouver Whitecaps FC?,No,Marcador exacto / posible cobertura,1,198.5851,0.9393,0.938,1,1.0,14.092022565976823,swisstony,14.092022565976823,198.5851,1,1.0,0.0,0.0,42.3,100.0,Revisar reglas: un pick NO puede incluir empate o una resolución distinta a clasificación.
0x4346e62314dadfd0f4eebd90919ebfe484ee173e54eb2fafaa4f2cfe71bbe231,Wuning 3: Alibek Kachmazov vs Charles Broom,Charles Broom,Direccional,1,962.1704,0.5024,0.475,31,0.55,17.060379421337615,omnibus-076daa,27.462128553094253,1319.8444,2,0.621232960451471,10.401749131756638,357.674,41.9,62.1,
0x586dec06d8308b7c9812c44a18c92d83c871926899e4cee279a03e145bad0b23,Shanghai Rolex Masters: Hubert Hurkacz vs James Duckworth,James Duckworth,Direccional,1,9003.239,0.3237,0.315,31,0.55,52.18696961407129,omnibus-076daa,99.43928648054884,16384.3347,2,0.5248123901641178,47.25231686647756,7381.0957,41.8,52.5,
0x773b517a79fe8ac48e5185b7b7ef957892c6d4cdadfe74e356e134a424a7eff3,"Shanghai Rolex Masters, Qualification: Coleman Wong vs Lloyd Harris",Coleman Wong,Direccional,3,6456.6057,0.6288333333333332,0.5,31,0.45,59.189127926496624,"CandleHammerDrums, ferrariChampions2026, omnibus-076daa",182.02932689208015,24276.6403,7,0.3251625929572773,122.84019896558353,17820.0346,40.9,32.5,
0x586dec06d8308b7c9812c44a18c92d83c871926899e4cee279a03e145bad0b23,Shanghai Rolex Masters: Hubert Hurkacz vs James Duckworth,Hubert Hurkacz,Direccional,1,7381.0957,0.6994,0.685,31,0.55,47.252316866477564,omnibus-076daa,99.43928648054884,16384.3347,2,0.47518760983588226,52.18696961407128,9003.239,40.1,47.5,
0xd223ca20e627cf9097e40cf8839403a82a924a3b29ff946afe196858123e2c0e,KBO: Hanwha Eagles vs. NC Dinos,Hanwha Eagles,Direccional,1,246.0027,0.3969,0.325,20,0.75,11.76335491048366,ndb1,25.67840791074205,439.6314,2,0.458102969287387,13.91505300025839,193.62869999999998,39.3,45.8,
0xccbb9b961dbe295adfedb8d15dd763f4697ec5f782ec0adbe2d9fd6ed0ba40cb,KBO: NC Dinos vs. Doosan Bears,NC Dinos,Direccional,1,191.4588,0.4,0.39,20,0.75,10.377647854885037,ndb1,22.929329017183576,349.00350000000003,2,0.45259274037665365,12.55168116229854,157.54470000000003,38.9,45.3,
0x35c5d290e71a881abee0627bc4a43f3ddaa74327626921f5f3f5be2e65ae86b5,Villena: Daniil Glinka vs Gauthier Onclin,Gauthier Onclin,Direccional,1,770.9047,0.4494,0.445,31,0.55,15.270843845380648,omnibus-076daa,28.950922765109148,1389.5644000000002,2,0.5274734753458238,13.6800789197285,618.6597000000002,38.8,52.7,
0x7ad403c3508f8e3912940fd1a913f227591145ca0614074208e0b962d5fcc422,Will JD Vance win the 2028 US Presidential Election?,Yes,Direccional,1,472649.7945,0.5,0.2055,42,0.4,274.99812202995133,S-Works,815.7170432746217,2300005.7432,2,0.3371244039795913,540.7189212446704,1827355.9486999998,38.1,33.7,
0xe454e8b9f4eafa7a1ddfc6448965f52f8e81d7dbd3f200b7977d7fc883420c7c,Palermo: Michele Ribecai vs Benito Sanchez Martinez,Michele Ribecai,Direccional,1,491.2088,0.4669,0.475,40,0.4,8.865292324565502,ferrariChampions2026,14.401681039242245,682.7813,2,0.6155734389901442,5.536388714676743,191.5725,37.9,61.6,
0x35c5d290e71a881abee0627bc4a43f3ddaa74327626921f5f3f5be2e65ae86b5,Villena: Daniil Glinka vs Gauthier Onclin,Daniil Glinka,Direccional,1,618.6597,0.5762,0.555,31,0.55,13.680078919728498,omnibus-076daa,28.950922765109148,1389.5644000000002,2,0.47252652465417616,15.27084384538065,770.9047000000002,36.9,47.3,
0xcef078294e608b47efef02ebced5560d9b344e39e1fe4d5d1a25ae6dbeffe760,Antofagasta: Felipe Meligeni Alves vs Juan Pablo Varillas,Juan Pablo Varillas,Direccional,1,143.325,0.5199,0.525,31,0.55,6.584513079947522,omnibus-076daa,12.468209898275266,257.7643,2,0.5281041251044676,5.883696818327744,114.4393,36.8,52.8,
0xd852e0f76587ed40d7092ca1036044ee8a516e17b17ee32e26623ea3c1b21ac7,LoL: HANJIN BRION vs Natus Vincere (BO3) - Demacia Cup Global Invitational Group Stage,HANJIN BRION,Direccional,2,2479.8341,0.5472,0.665,31,0.47500000000000003,32.14420203758309,"ferrariChampions2026, omnibus-076daa",96.4118878194202,13198.83,4,0.33340496451837237,64.26768578183712,10718.9959,36.7,33.3,
0x97954cb222b1b873fb98e88bce8f9f9544dd45c253ea99474ab4a2d1bd4a42b9,KBO: KT Wiz vs. Samsung Lions,Samsung Lions,Direccional,1,307.7475,0.4267,0.251,20,0.75,13.157050153814874,ndb1,36.34607341914453,845.4783,2,0.361993715306938,23.18902326532966,537.7308,36.7,36.2,
0xd73b81755d573d5abb591ab049ef6a5c535833296e8b1d3573558b6d12d686fe,Will Vancouver Whitecaps FC win on 2026-07-16?,No,Direccional,1,303.6575,0.5848,0.575,1,1.0,17.425771145059837,swisstony,94.21150337237167,4460.3946000000005,4,0.18496436763337007,76.78573222731183,4156.7371,36.4,18.5,Revisar reglas: un pick NO puede incluir empate o una resolución distinta a clasificación.
0xbcb3bd9564a81d7fb4bc5c694af73cee0b9a45884c3dc0857aeb294024d1b2ea,Will England win on 2026-10-06?,Yes,Direccional,1,137.6277,0.8599,0.885,31,0.55,6.4523158051973875,omnibus-076daa,12.794853231180777,270.6121,2,0.5042899428868192,6.34253742598339,132.9844,36.0,50.4,
0xbcb3bd9564a81d7fb4bc5c694af73cee0b9a45884c3dc0857aeb294024d1b2ea,Will England win on 2026-10-06?,No,Direccional,1,132.9844,0.1521,0.115,31,0.55,6.34253742598339,omnibus-076daa,12.794853231180777,270.6121,2,0.4957100571131809,6.4523158051973875,137.6277,35.7,49.6,Revisar reglas: un pick NO puede incluir empate o una resolución distinta a clasificación.
0x48627bb5724b27384da0240dd07347e368dd79134230b3a3a7e1c4b5f32b5fd6,KBO: SSG Landers vs. NC Dinos,SSG Landers,Direccional,1,217.6211,0.369,0.4895,40,0.4,5.9007945227740315,ferrariChampions2026,10.74239095370464,364.1277,2,0.5492999229132574,4.841596430930608,146.5066,34.9,54.9,
0xcef078294e608b47efef02ebced5560d9b344e39e1fe4d5d1a25ae6dbeffe760,Antofagasta: Felipe Meligeni Alves vs Juan Pablo Varillas,Felipe Meligeni Alves,Direccional,1,114.4393,0.4752,0.475,31,0.55,5.883696818327743,omnibus-076daa,12.468209898275266,257.7643,2,0.47189587489553236,6.584513079947523,143.325,34.8,47.2,
0xe0aea6dfbd38dcbe571811532c76fef0ed61e11a5eda838cba836e96d4ae0fb0,"Shanghai Rolex Masters, Qualification: Dane Sweeny vs Kimmer Coppejans",Dane Sweeny,Direccional,2,688.7176999999999,0.4643,0.325,31,0.47500000000000003,16.656846469612702,"CandleHammerDrums, omnibus-076daa",54.15793514557161,5436.6956,4,0.30756058968719197,37.501088675958904,4747.9779,34.3,30.8,
0x4346e62314dadfd0f4eebd90919ebfe484ee173e54eb2fafaa4f2cfe71bbe231,Wuning 3: Alibek Kachmazov vs Charles Broom,Alibek Kachmazov,Direccional,1,357.674,0.4929,0.525,31,0.55,10.40174913175664,omnibus-076daa,27.462128553094253,1319.8444,2,0.3787670395485291,17.060379421337615,962.1704,33.4,37.9,
0xc06b31188ed87081f9af3dd5ec63d0b4750042d2b8844399cc2198db1fec2777,England vs. Czechia: O/U 3.5,Under,Direccional,1,989.1812,0.51,0.485,31,0.55,17.29818814211477,omnibus-076daa,52.85891746792994,4053.6145,3,0.32725203183757523,35.560729325815174,3064.4333,33.1,32.7,
0x48627bb5724b27384da0240dd07347e368dd79134230b3a3a7e1c4b5f32b5fd6,KBO: SSG Landers vs. NC Dinos,NC Dinos,Direccional,1,146.5066,0.6026,0.5105,40,0.4,4.841596430930608,ferrariChampions2026,10.74239095370464,364.1277,2,0.45070007708674265,5.9007945227740315,217.6211,31.5,45.1,
0xdcba1017e29e34ffa049b112852fa6114d2781118d08d2711f9a9ef0276e7a2f,Spread: Argentina (-3.5),Benin,Direccional,1,110.1853,0.4562,0.3,31,0.55,5.773305227510495,omnibus-076daa,17.27008140607464,547.1303,2,0.3342951947800183,11.496776178564147,436.94500000000005,30.6,33.4,
0x10a2832698c756d39ea3e9affbdaa41f5039dc3eb6cf1e0897f4f2cb319450aa,Switzerland vs. North Macedonia: O/U 3.5,Over,Direccional,1,610.861,0.4499,0.425,40,0.4,9.886240943857276,ferrariChampions2026,27.59159693434784,1647.1572999999999,2,0.35830622516633787,17.705355990490567,1036.2963,30.5,35.8,
0xe454e8b9f4eafa7a1ddfc6448965f52f8e81d7dbd3f200b7977d7fc883420c7c,Palermo: Michele Ribecai vs Benito Sanchez Martinez,Benito Sanchez Martinez,Direccional,1,191.5725,0.5999,0.525,40,0.4,5.536388714676743,ferrariChampions2026,14.401681039242245,682.7813,2,0.38442656100985584,8.865292324565502,491.2088,29.8,38.4,
0x6710d35b45eb7dfef18e984b51a68e7996985ca6d9d23230bf4a2d1f64ca64cd,Will Scotland win on 2026-10-06?,Yes,Direccional,1,1065.7397,0.5099,0.525,31,0.55,17.955117912450483,omnibus-076daa,98.0244855101779,22259.470699999998,2,0.18316972355428685,80.06936759772742,21193.731,28.9,18.3,
0x36891cde2836169f82258db398a6e6d4c14c56a911e27df102c6edc9d83d9246,Spread: Spain (-1.5),Spain,Direccional,1,6151.1773,0.5299,0.525,40,0.4,31.371776615295477,ferrariChampions2026,178.9111309186474,78111.0486,2,0.17534837801433678,147.5393543033519,71959.8713,27.8,17.5,
0x7373cee1285c3c3ad98d3733d3c0cafed025ecc7b18d867fb159dd27ca5fe943,Spread: EC Juventude (-1.5),EC Juventude,Direccional,1,157.7808,0.4699,0.475,31,0.55,6.908595515732558,omnibus-076daa,34.1227439086182,2606.0778999999998,2,0.20246307079624073,27.21414839288564,2448.2971,27.1,20.2,
0x4fd1e7b3b9cecbfaeab779d5a22499f2a988aed485dda5a67f86d4587aae2d6e,Croatia vs. Spain: O/U 3.5,Under,Direccional,1,209.0962,0.5599,0.555,31,0.55,7.953087482229779,omnibus-076daa,42.47339825719239,7656.9203,2,0.18724867348901175,34.52031077496262,7447.8241,27.0,18.7,
0x05aedc99a5604b028217f3c283ddb6d07865ddbcbaac4b6ad0434e7a2a671749,W50 Burgas: Valeria Garnevska vs Sonja Zhenikhova,Valeria Garnevska,Direccional,1,285.36,0.3407,0.061,40,0.4,6.7570407724091766,ferrariChampions2026,33.44284044189632,4736.1844,2,0.20204745419722575,26.685799669487146,4450.8244,24.8,20.2,
