Ranking,Usuario,Wallet,Mercado,Lado,Cantidad,Precio_Entrada,Precio_Actual,Valor_Inicial_USD,Valor_Actual_USD,PNL_USD,PNL_Porcentaje,Condition_ID,Token_ID,Slug
1,swisstony,0x204f72f35326db932158cba6adff0b9a1da95e14,Exact Score: Chicago Fire FC 0 - 2 Vancouver Whitecaps FC?,No,3761.8945,0.9499,0.948,3573.7962,3566.276,-7.5202,-0.2104,0xdee53c872dfc5f633345aa8e953958961e3d2daf3aabed82a715f8a42ee33875,44892159935390604662345749539919895096711783326777111353814267740858768042973,mls-chi-vwh-2026-07-16-exact-score-0-2
1,swisstony,0x204f72f35326db932158cba6adff0b9a1da95e14,Will Vancouver Whitecaps FC win on 2026-07-16?,Yes,6361.3527,0.3858,0.41,2454.471,2608.1546,153.6835,6.2613,0xd73b81755d573d5abb591ab049ef6a5c535833296e8b1d3573558b6d12d686fe,30026910010903613852930198700590809139774628086528046541216582681733726427412,mls-chi-vwh-2026-07-16-vwh
1,swisstony,0x204f72f35326db932158cba6adff0b9a1da95e14,Exact Score: Chicago Fire FC 1 - 2 Vancouver Whitecaps FC?,No,1982.2736,0.9087,0.916,1801.4224,1815.7626,14.3401,0.796,0xa26b10762096ade1fc322372d963e41ae8d1a128cf7ac430ca269ebda3788335,54188835478345641620686912984480651736444994743116471026762406186612244412668,mls-chi-vwh-2026-07-16-exact-score-1-2
1,swisstony,0x204f72f35326db932158cba6adff0b9a1da95e14,Exact Score: Chicago Fire FC 3 - 2 Vancouver Whitecaps FC?,No,1228.8322,0.9583,0.966,1177.6764,1187.0519,9.3754,0.796,0x7beb03b48f520e43ae2e217fefe3a48f6948018d3da07678e22708463789afa0,31823785877987558366882120266382365509683192489290144977633968960868651268529,mls-chi-vwh-2026-07-16-exact-score-3-2
1,swisstony,0x204f72f35326db932158cba6adff0b9a1da95e14,Exact Score: Chicago Fire FC 3 - 3 Vancouver Whitecaps FC?,No,961.581,0.9739,0.956,936.5797,919.2715,-17.3082,-1.848,0x2307c8dd123f120f7d8a890646229f3b0211e182534e925e9604942317b7eddd,96142280013574719587194373692916296247764630960254745237471348247135958042847,mls-chi-vwh-2026-07-16-exact-score-3-3
1,swisstony,0x204f72f35326db932158cba6adff0b9a1da95e14,KBO: Hanwha Eagles vs. LG Twins,LG Twins,777.1246,0.507,0.91,394.0532,707.1833,313.13,79.4638,0xda7d05262b576bc81ac8efb3b85017c4c2806243f61cb29b4177ba5830f7bb73,111713716984564676848142100383141118583551932364105020376415281497052338057449,kbo-han-lg-2026-07-05
1,swisstony,0x204f72f35326db932158cba6adff0b9a1da95e14,Exact Score: Chicago Fire FC 0 - 0 Vancouver Whitecaps FC?,No,733.6003,0.9609,0.9545,704.9892,700.2215,-4.7677,-0.6762,0x841fb7a9055ca17285ff76a882274972b072eda7569d4fe6daef56fa29a8ee6b,115252616572583490901492229296441638407047485171970693361819749038527016660562,mls-chi-vwh-2026-07-16-exact-score-0-0
1,swisstony,0x204f72f35326db932158cba6adff0b9a1da95e14,Exact Score: Chicago Fire FC 0 - 3 Vancouver Whitecaps FC?,No,648.7009,0.9699,0.9695,629.2393,628.9155,-0.3238,-0.0514,0xda9fcfe15a8a3132eb7836193db3cc96ffbf0bdc45943de1e372adee6b0ef214,45077258805970240869344547140592356040379038260217108962560470718822937506385,mls-chi-vwh-2026-07-16-exact-score-0-3
1,swisstony,0x204f72f35326db932158cba6adff0b9a1da95e14,Exact Score: Chicago Fire FC 1 - 3 Vancouver Whitecaps FC?,No,645.7179,0.9467,0.9505,611.3277,613.7549,2.4271,0.397,0x60d0badc8638ae1c41a4506c2205af08e0775b655c83d9abf34ba1a74da9b18c,83795113220550450686839537595513734621948139272528537135629718644925126574575,mls-chi-vwh-2026-07-16-exact-score-1-3
1,swisstony,0x204f72f35326db932158cba6adff0b9a1da95e14,Exact Score: Chicago Fire FC 1 - 1 Vancouver Whitecaps FC?,No,656.25,0.8799,0.895,577.4995,587.3437,9.8441,1.7046,0x4aa3bbbfcca55802fe284e7f4fd47543832ed089d612311e3f643a6f6f57ff2e,47222085849444125727043222664435336271357321152741640525197755659084554706493,mls-chi-vwh-2026-07-16-exact-score-1-1
1,swisstony,0x204f72f35326db932158cba6adff0b9a1da95e14,Exact Score: Chicago Fire FC 2 - 2 Vancouver Whitecaps FC?,No,627.0,0.91,0.9295,570.57,582.7965,12.2265,2.1428,0xbaaebdf982b987694de4f2dbf4605eead94012ada2c5507167a72102484bbedb,46022453953261238605479519886767600763190650103819717097402098605646327871997,mls-chi-vwh-2026-07-16-exact-score-2-2
1,swisstony,0x204f72f35326db932158cba6adff0b9a1da95e14,Chicago Fire FC vs. Vancouver Whitecaps FC: O/U 2.5,Over,800.2572,0.6595,0.64,527.7776,512.1646,-15.613,-2.9582,0x85d7e77f46e92faec56205028d9f5102bc0fd1ca616bc738e5701ef58b8c9eab,100916926687464594074509466098179758448711633865198428244581974643375880213055,mls-chi-vwh-2026-07-16-total-2pt5
1,swisstony,0x204f72f35326db932158cba6adff0b9a1da95e14,Tokyo Yakult Swallows vs. Hiroshima Carp,Hiroshima Carp,677.3478,0.4599,0.705,311.5793,477.5302,165.9508,53.2611,0x62cbf6438c0aa2064e2fa8ca2fa2db556d08749d4f9db23fae48fffb520b4e48,1095221665943648831291394276486386342375082623062085331445019279821392875752,npb-tok-hir-2026-08-13
1,swisstony,0x204f72f35326db932158cba6adff0b9a1da95e14,SC Braga vs. Gil Vicente FC: Gil Vicente FC 1st Half O/U 0.5,Over,721.1034,0.2899,0.505,209.1187,364.1572,155.0384,74.1389,0x73f318717d91f54e0ca52101d51942f32abfb454b8c80f747b482fed414634fc,51002996880834818991794930489765403440232438687413071566912400404604047076057,por-scb-gil-2026-08-16-first-half-team-total-away-0pt5
1,swisstony,0x204f72f35326db932158cba6adff0b9a1da95e14,KBO: KT Wiz vs. Samsung Lions,KT Wiz,717.9316,0.5299,0.504,380.5016,361.8375,-18.6641,-4.9051,0x97954cb222b1b873fb98e88bce8f9f9544dd45c253ea99474ab4a2d1bd4a42b9,97466808101708128704508257488653793461488498899045972686586214019354737603825,kbo-kt-sam-2026-05-20
1,swisstony,0x204f72f35326db932158cba6adff0b9a1da95e14,Chicago Fire FC vs. Vancouver Whitecaps FC: Both Teams to Score,No,1030.0,0.32,0.35,329.6,360.5,30.9,9.375,0x1c8870fed75e00b9d759b45992a41a25c6ee55864047d9ee2b3dd5dc72585dc0,23260009335375824756017194389788731267266108157329556131462819383438550177143,mls-chi-vwh-2026-07-16-btts
1,swisstony,0x204f72f35326db932158cba6adff0b9a1da95e14,SC Braga vs. Gil Vicente FC: O/U 4.5,Over,842.3333,0.1199,0.41,101.0791,345.3566,244.2774,241.6693,0x2f47764d1e4c7237846cb040b48d8c91eda10ace139802982d76532a6858fcf6,75935853571638298162757422938765074219863162291973806803250569848525482456318,por-scb-gil-2026-08-16-total-4pt5
1,swisstony,0x204f72f35326db932158cba6adff0b9a1da95e14,Chicago Fire FC vs. Vancouver Whitecaps FC: O/U 2.5,Under,905.9905,0.3399,0.36,308.0359,326.1566,18.1206,5.8826,0x85d7e77f46e92faec56205028d9f5102bc0fd1ca616bc738e5701ef58b8c9eab,46714360390002999834227008039784184111983799063298850913685076492712432793631,mls-chi-vwh-2026-07-16-total-2pt5
1,swisstony,0x204f72f35326db932158cba6adff0b9a1da95e14,Will Vancouver Whitecaps FC win on 2026-07-16?,No,528.1,0.5848,0.59,308.8767,311.579,2.7022,0.8748,0xd73b81755d573d5abb591ab049ef6a5c535833296e8b1d3573558b6d12d686fe,67894840173371244267244373748071829546982301321565123531085689195229398550149,mls-chi-vwh-2026-07-16-vwh
1,swisstony,0x204f72f35326db932158cba6adff0b9a1da95e14,Exact Score: Chicago Fire FC 2 - 1 Vancouver Whitecaps FC?,No,309.0,0.91,0.9245,281.19,285.6705,4.4805,1.5934,0x3ebb3d62e20300aec0695e28d34ace145882b9ccae7af182103a24361f5c5db6,69720142495206877069471574382272961041521381759181147669210432805880404432807,mls-chi-vwh-2026-07-16-exact-score-2-1
1,swisstony,0x204f72f35326db932158cba6adff0b9a1da95e14,Will Chicago Fire FC win on 2026-07-16?,No,427.0,0.6447,0.665,275.3099,283.955,8.645,3.14,0x016602d116e9f23e24a554835130f29e68cc7f82a3013f3c50a2ce862a2bdfd6,102459379543377190256516686482214224307677972941635074285940672443381426454344,mls-chi-vwh-2026-07-16-chi
1,swisstony,0x204f72f35326db932158cba6adff0b9a1da95e14,Chicago Fire FC vs. Vancouver Whitecaps FC: Both Teams to Score,Yes,388.5,0.68,0.65,264.18,252.525,-11.655,-4.4117,0x1c8870fed75e00b9d759b45992a41a25c6ee55864047d9ee2b3dd5dc72585dc0,11335566453506692459556639903524343221792408620881942818683756171967707885272,mls-chi-vwh-2026-07-16-btts
1,swisstony,0x204f72f35326db932158cba6adff0b9a1da95e14,Will CDPJuniorFC win on 2026-08-10?,Yes,381.441,0.6978,0.655,266.1809,249.8439,-16.337,-6.1375,0x184552fa63c376082bf85239200338a266708a47875298a17f77f1e98a7a6297,94605300537766568443737279203007143548142384178896745818754900143526974839591,col1-cjf-dep-2026-08-10-cjf
1,swisstony,0x204f72f35326db932158cba6adff0b9a1da95e14,KBO: LG Twins vs. Samsung Lions,LG Twins,313.034,0.5323,0.749,166.6492,234.4624,67.8131,40.6921,0x90ccd5a711854279acb4bfea911c0ef952c54d1d32e7db793047ff11d017295e,73264274384275183970194089567930647186186078748652915800211281519357908699020,kbo-lg-sam-2026-04-17
1,swisstony,0x204f72f35326db932158cba6adff0b9a1da95e14,Boyacá Chicó FC vs. Atlético Nacional: O/U 4.5,Under,247.0,0.88,0.9215,217.36,227.6105,10.2505,4.7159,0xaa3ebdf381b73acd07098633c1e687c9fe7ae4145b7f8a56e165555688f92dd2,101083751736265569891315352761137114013485940043340671299886922056895931230249,col1-bcf-atn-2026-07-25-total-4pt5
1,swisstony,0x204f72f35326db932158cba6adff0b9a1da95e14,Exact Score: Chicago Fire FC 0 - 1 Vancouver Whitecaps FC?,No,211.7112,0.9393,0.9305,198.8653,196.9972,-1.8681,-0.9393,0x44e44f4440467c1b409bfb6f5b9a7d9a42f8f3854993abb3f06d8b359ca31ad7,31212939137902667841131178707455807716430033176841437242354099490303279832188,mls-chi-vwh-2026-07-16-exact-score-0-1
1,swisstony,0x204f72f35326db932158cba6adff0b9a1da95e14,KBO: NC Dinos vs. Doosan Bears,Doosan Bears,258.27,0.5397,0.68,139.3907,175.6236,36.2328,25.9936,0xccbb9b961dbe295adfedb8d15dd763f4697ec5f782ec0adbe2d9fd6ed0ba40cb,2562751250520872063083485313458022924452336753065931643805545970234311072536,kbo-nc-doo-2026-05-20
1,swisstony,0x204f72f35326db932158cba6adff0b9a1da95e14,Will Chicago Fire FC vs. Vancouver Whitecaps FC end in a draw?,No,228.0,0.75,0.755,171.0,172.14,1.14,0.6666,0x3c76ea2c99671e6574bab2ab04328cdb2bcf1ff70fde450e711ed0bb45bf5dd7,10003875510695076266606175733876650839303519270920966194669105648853402090311,mls-chi-vwh-2026-07-16-draw
1,swisstony,0x204f72f35326db932158cba6adff0b9a1da95e14,KBO: Hanwha Eagles vs. NC Dinos,NC Dinos,288.9981,0.4534,0.51,131.0554,147.389,16.3335,12.463,0xd223ca20e627cf9097e40cf8839403a82a924a3b29ff946afe196858123e2c0e,54861245181219611466051315606521615564935559445073676373039477406379554747943,kbo-han-nc-2026-05-26
1,swisstony,0x204f72f35326db932158cba6adff0b9a1da95e14,Chicago Fire FC vs. Vancouver Whitecaps FC: O/U 3.5,Over,318.2954,0.4399,0.425,140.0493,135.2755,-4.7738,-3.4086,0xc41c5deda6340c89b99d92b441936312850a3d0d9696ad8d67eceef2614a1c86,27465595446547496384572650837482589604579046907153579726636520240284709373465,mls-chi-vwh-2026-07-16-total-3pt5
1,swisstony,0x204f72f35326db932158cba6adff0b9a1da95e14,Chicago Fire FC vs. Vancouver Whitecaps FC: O/U 3.5,Under,224.0,0.59,0.575,132.16,128.8,-3.36,-2.5423,0xc41c5deda6340c89b99d92b441936312850a3d0d9696ad8d67eceef2614a1c86,100865320124507984167088663948088492029851128650826873331117605856862989878000,mls-chi-vwh-2026-07-16-total-3pt5
1,swisstony,0x204f72f35326db932158cba6adff0b9a1da95e14,Boyacá Chicó FC vs. Atlético Nacional: O/U 2.5,Under,190.4276,0.5299,0.645,100.926,122.8258,21.8997,21.6987,0xf335030edfd1e414f6b3c18e27e0b61667b5d8da420d13c3db48faddb1695a1a,69644308695410982730013246297891597856116725155913005100395496155783223768192,col1-bcf-atn-2026-07-25-total-2pt5
1,swisstony,0x204f72f35326db932158cba6adff0b9a1da95e14,SC Braga vs. Gil Vicente FC: 1st Half O/U 0.5,Under,239.387,0.3099,0.501,74.2097,119.9329,45.7231,61.6133,0x220392433fe273d20b0d1cd439de7c771efe8d8c64205d6b43dbd1ba59c75fde,7951530981426817276117546829037654683554739974172876670290190145992700711476,por-scb-gil-2026-08-16-first-half-total-0pt5
11,beachboy4,0xc2e7800b5af46e6093872b177b7a5e7f0563be51,Will Donald Trump win the 2028 Republican presidential nomination?,Yes,248651.2632,0.0402,0.0195,10014.6782,4848.6996,-5165.9786,-51.584,0x895e01dbf3e6a33cd9a44ca0f8cdb5df1bd2b0b6ebed5300d28f8da7145145e4,3039641309958397001906153616677074061284510636204155275446291716739429262374,will-donald-trump-win-the-2028-republican-presidential-nomination
14,0x006cc834Cc092684F1B56626E23BEdB3835c16ea-1729683673397,0x006cc834cc092684f1b56626e23bedb3835c16ea,Hantavirus pandemic in 2026?,No,83357.7827,0.9119,0.9735,76017.7084,81148.8015,5131.093,6.7498,0xa4ddc18895cc7b14810283ef8f113939abffd3969c6a0e37f1897110c67e6f73,95212449865986159112377413335252801281670333750637442556685159781445406848396,hantavirus-pandemic-in-2026
15,BreakTheBank,0xf0318c32136c2db7fec88b84869aee6a1106c80c,Will Manchester City win the 2026-27 English Premier League (EPL) Championship?,No,454675.9778,0.7099,0.795,322814.2853,361467.4023,38653.1169,11.9737,0x86e8f678e6cebb9596ffbb5a736b2ff9f36b12905d5b65b1556329c28533c7a1,15595081936246780886940656289399636714509677762753928040257148545998496082698,will-manchester-city-win-the-2026-27-english-premier-league-epl-championship-20260701200428761
15,BreakTheBank,0xf0318c32136c2db7fec88b84869aee6a1106c80c,Will Arsenal win the 2026-27 English Premier League (EPL) Championship?,Yes,400000.0,0.0308,0.605,12347.4084,242000.0,229652.5915,1859.9254,0xf02d8d72bb96d84090d4f7d63e7837afb94f8d061e7a2cca8cf21732150e8815,106464589845250400124249015666766731317110899241411841699938652823328750757436,will-arsenal-win-the-2026-27-english-premier-league-epl-championship-20260701200428750
15,BreakTheBank,0xf0318c32136c2db7fec88b84869aee6a1106c80c,Will Philadelphia 76ers win the 2027 NBA Finals?,No,51152.4933,0.8664,0.8885,44322.8682,45448.9903,1126.122,2.5407,0xf44cf137562b90cf6205e0b81a03aa63001c491e4d8f04c0098bfb9233f9d04f,7390346044733703673979810981713454788217262553112973580159592257689325355057,will-philadelphia-76ers-win-the-2027-nba-finals
15,BreakTheBank,0xf0318c32136c2db7fec88b84869aee6a1106c80c,Will Liverpool win the 2026-27 English Premier League (EPL) Championship?,Yes,444162.99,0.035,0.0705,15569.6514,31313.4907,15743.8392,101.1187,0x849be83aad0311ca155a2ad0c1a86bf5cdf0313672c1de414bfaa902f351030a,103113680967506285415247199316434245544375452747327929231569806258054261426999,will-liverpool-win-the-2026-27-english-premier-league-epl-championship-20260701200428760
15,BreakTheBank,0xf0318c32136c2db7fec88b84869aee6a1106c80c,Will Harry Kane win the 2026 Ballon d'Or?,No,47131.5495,0.464,0.5915,21869.0389,27878.3115,6009.2725,27.4784,0x12dc2b61723b2a54fc1947a307389b5f32038e7a29a0e936ad1fe410b969d06a,77740376296468109233042620775325425521895874827413068707200627224591548200577,will-harry-kane-win-the-2026-ballon-dor
15,BreakTheBank,0xf0318c32136c2db7fec88b84869aee6a1106c80c,Will Lamine Yamal win the 2026 Ballon d'Or?,Yes,53716.3227,0.0701,0.4885,3767.2868,26240.4236,22473.1367,596.5337,0xa34edb6c898232378a9cc08744842df2cd89d278ba45b012bed3ac10c7241c4d,10466835326554416965099784068156829774726248334728156046559014834812912458273,will-lamine-yamal-win-the-2026-ballon-dor
15,BreakTheBank,0xf0318c32136c2db7fec88b84869aee6a1106c80c,Will the Buffalo Bills win the 2027 NFL league championship?,Yes,172286.9437,0.086,0.135,14820.1905,23258.7374,8438.5468,56.9395,0xb02f2ebd5ba67ed1018b634f7ccf88fd46e348f4a53c55cf89a55d02d9ea8611,15005653350202922348701786607519856020257461135905285631675545513297078700601,will-the-buffalo-bills-win-the-2027-nfl-league-championship
15,BreakTheBank,0xf0318c32136c2db7fec88b84869aee6a1106c80c,Will the Chicago Bears win the 2027 NFL league championship?,No,22964.3239,0.931,0.9625,21379.7855,22103.1617,723.3761,3.3834,0x87f0b061076a7309abeb719136246303ce17fe40b4e9c65aca4149bbdbdd3236,58391467081855327160506735992195157760163010112382131578233801495091502400832,will-the-chicago-bears-win-the-2027-nfl-league-championship
15,BreakTheBank,0xf0318c32136c2db7fec88b84869aee6a1106c80c,Will Chelsea win the 2026-27 English Premier League (EPL) Championship?,Yes,333814.1618,0.0339,0.0475,11340.2415,15856.1726,4515.931,39.8221,0x6bac08e7f660a372953c845044e3636bba66b62e6bc01475a64d8c87f9fc43fd,71331397742700941957031238831543083934039786198089976413635532604236046151616,will-chelsea-win-the-2026-27-english-premier-league-epl-championship-20260701200428755
15,BreakTheBank,0xf0318c32136c2db7fec88b84869aee6a1106c80c,Will Manchester United win the 2026-27 English Premier League (EPL) Championship?,Yes,280444.4187,0.0267,0.0155,7501.4091,4346.8884,-3154.5207,-42.0523,0x777c36cb439b5a8cf54d2449c2d355f91fc50d7c076caad4deaf97c749489392,73050236093508473398082398966067213274195424600650056280148681977814431775527,will-manchester-united-win-the-2026-27-english-premier-league-epl-championship-20260701200428762
15,BreakTheBank,0xf0318c32136c2db7fec88b84869aee6a1106c80c,Will Brighton win the 2026-27 English Premier League (EPL) Championship?,Yes,178704.3147,0.0293,0.0205,5247.9953,3663.4384,-1584.5569,-30.1935,0xed75a3b173cd8d0a5b3946d6e13c0c8b90429bfb65e7d55c8bbea0f5e6856f4e,9221383556608449303835174806846320148935846556873035382860978740383478459961,will-brighton-win-the-2026-27-english-premier-league-epl-championship-20260701200428754
15,BreakTheBank,0xf0318c32136c2db7fec88b84869aee6a1106c80c,Will the Jacksonville Jaguars win the 2027 NFL league championship?,Yes,46164.6238,0.0321,0.0415,1485.716,1915.8318,430.1157,28.95,0xdd6df6bc49de64cf38b2059cea20d00b86ef0c01b4c146e8930471d20f599cef,974996339434137274969205706934098681831948949675083560493538609289838899860,will-the-jacksonville-jaguars-win-the-2027-nfl-league-championship
15,BreakTheBank,0xf0318c32136c2db7fec88b84869aee6a1106c80c,Will Brentford win the 2026-27 English Premier League (EPL) Championship?,Yes,200000.0033,0.0308,0.009,6173.7201,1800.0,-4373.7201,-70.8441,0xcd8257e8b53cb20079af16ca5ad4262c9b5b09c7e3e461027b1b0768a14bad64,77148715104272769172722280105773295379821478844848869024067051231521185499856,will-brentford-win-the-2026-27-english-premier-league-epl-championship-20260701200428753
15,BreakTheBank,0xf0318c32136c2db7fec88b84869aee6a1106c80c,Will Alexandria Ocasio-Cortez win the 2028 Democratic presidential nomination?,Yes,10000.0,0.163,0.165,1630.0,1650.0,20.0,1.2269,0xe6bcc2f1dd025ce5e1833190f7c60a71171c94f805df55b9ab0ded695ec93565,107064985435494333113391038470401719113272800530429703182710416066774068907304,will-alexandria-ocasio-cortez-win-the-2028-democratic-presidential-nomination-653
15,BreakTheBank,0xf0318c32136c2db7fec88b84869aee6a1106c80c,Will Aston Villa win the 2026-27 English Premier League (EPL) Championship?,Yes,398956.67,0.0308,0.0035,12315.2025,1396.3483,-10918.8542,-88.6615,0xd1da11849e2aa6cbfbfc1160071f8194681a96643dba032afe3d18f47fa46cf5,95126052608609363478306594089235169822133598679009177544767568245943920599687,will-aston-villa-win-the-2026-27-english-premier-league-epl-championship-20260701200428751
15,BreakTheBank,0xf0318c32136c2db7fec88b84869aee6a1106c80c,Will Kylian Mbappé win the 2026 Ballon d'Or?,Yes,34759.3117,0.0197,0.0385,686.5659,1338.2335,651.6675,94.9169,0x87091dc5932f015d80c40e71e47cb043c3f8b6098484eb5bc3943cf35ee9afc1,95640549996905293510297955529586737178285694064878854803914367446504739764113,will-kylian-mbapp-win-the-2026-ballon-dor
15,BreakTheBank,0xf0318c32136c2db7fec88b84869aee6a1106c80c,Will the Green Bay Packers win the 2027 NFL league championship?,Yes,94869.0,0.023,0.013,2181.987,1233.297,-948.69,-43.4782,0x04816f7f30a810111bd4e3d7e06952889f81f280f23370f2ff59323d9a202cca,35735014075537072843409037792992988369227546626755131549045738083250548567488,will-the-green-bay-packers-win-the-2027-nfl-league-championship
15,BreakTheBank,0xf0318c32136c2db7fec88b84869aee6a1106c80c,Will the Seattle Seahawks win the 2027 NFL league championship?,Yes,12895.4893,0.06,0.075,773.7293,967.1617,193.4323,24.9999,0x8e6d892346600222b7cb8350acd0e97dda1ae616259ba117ea2e9b59bbe038a1,44921620302443755066232904216706419654951291213279649386577553092891642701355,will-the-seattle-seahawks-win-the-2027-nfl-league-championship
15,BreakTheBank,0xf0318c32136c2db7fec88b84869aee6a1106c80c,Will Newcastle United win the 2026-27 English Premier League (EPL) Championship?,Yes,374442.9357,0.0308,0.0025,11558.4996,936.1073,-10622.3923,-91.9011,0x17d55ef9eb4ac01497d29b81cd73a09b5b5cbf899d17ca3c614ddf3ef2f4bc18,70115295607678639389849027942930100443106188440422945198953091431001090853177,will-newcastle-united-win-the-2026-27-english-premier-league-epl-championship-20260701200428763
15,BreakTheBank,0xf0318c32136c2db7fec88b84869aee6a1106c80c,Will Bournemouth win the 2026-27 English Premier League (EPL) Championship?,Yes,581439.44,0.0218,0.0015,12708.8209,872.1591,-11836.6618,-93.1373,0x7bb6a24c932a69a04ea2b88edee11ffe904765e459ff7862ebb6355961ec0b42,91726864593742693140356430310829013967102600293867040357906510030347902441142,will-bournemouth-win-the-2026-27-english-premier-league-epl-championship-20260701200428752
15,BreakTheBank,0xf0318c32136c2db7fec88b84869aee6a1106c80c,Will Rodri win the 2026 Ballon d'Or?,Yes,37386.164,0.0072,0.0215,272.0591,803.8025,531.7433,195.4513,0x30f729ef18553d8956bfd7ae7a1e96dbad07e2476160239b23ec10e6cdc5f01b,78803948342995070838836736012795017072053448960983345349841661545681081452350,will-rodri-win-the-2026-ballon-dor
15,BreakTheBank,0xf0318c32136c2db7fec88b84869aee6a1106c80c,Will Jon Ossoff win the 2028 Democratic presidential nomination?,Yes,4446.76,0.147,0.1495,653.6737,664.7906,11.1168,1.7006,0x74dba1ce1ae9dd535414e85f2d9ab5ea32c0fb1acc9b7130b67e6d91217e24e1,70071592420137476676935286377781779672157004436137616627487590484756055232944,will-jon-ossoff-win-the-2028-democratic-presidential-nomination-885
15,BreakTheBank,0xf0318c32136c2db7fec88b84869aee6a1106c80c,Will Tottenham win the 2026-27 English Premier League (EPL) Championship?,Yes,173676.7371,0.0308,0.0035,5361.1474,607.8685,-4753.2789,-88.6615,0xd8e6438816fca9d87b306eb31c96aba02c5393391f3f7eddc74a0dd3c6173cfc,77697374688933463558435808435207573631234398437151747716737073005939751357574,will-tottenham-win-the-2026-27-english-premier-league-epl-championship-20260701200428765
15,BreakTheBank,0xf0318c32136c2db7fec88b84869aee6a1106c80c,Will Coventry City win the 2026-27 English Premier League (EPL) Championship?,Yes,400000.0,0.0308,0.0015,12347.4084,600.0,-11747.4084,-95.1406,0x7149f6c60e0ab868cfb9d598c74a882ff8b59a994762c2904ce998e40ba94310,10784100828022677663858912622917977215638901416732605478905545794493860458841,will-coventry-city-win-the-2026-27-english-premier-league-epl-championship-20260701200428767
15,BreakTheBank,0xf0318c32136c2db7fec88b84869aee6a1106c80c,Will Fulham win the 2026-27 English Premier League (EPL) Championship?,Yes,400000.0,0.0308,0.0015,12347.4084,600.0,-11747.4084,-95.1406,0x1e1e2cc0da1cd0c90fa834860d8f92ed024f53fabfe9df8d2f6608c684a5c10b,40670748580170120208061318459069689124456381187574341481753537331619244535492,will-fulham-win-the-2026-27-english-premier-league-epl-championship-20260701200428758
15,BreakTheBank,0xf0318c32136c2db7fec88b84869aee6a1106c80c,Will Ipswich Town win the 2026-27 English Premier League (EPL) Championship?,Yes,400000.0,0.0308,0.0015,12347.4084,600.0,-11747.4084,-95.1406,0xc9402a96517ca15f5767ca5ffa133d8371870282d4914b2ee3caf7c3e7fa5bfd,5348126322712501809599521011070859211804814998517334817342155958439551325980,will-ipswich-town-win-the-2026-27-english-premier-league-epl-championship-20260701200428768
15,BreakTheBank,0xf0318c32136c2db7fec88b84869aee6a1106c80c,Will Nottingham Forest win the 2026-27 English Premier League (EPL) Championship?,Yes,400000.0,0.0308,0.0015,12347.4084,600.0,-11747.4084,-95.1406,0x273a7791e26b74a7eae509b1613fe9a388766795d75d8274e04ce5363cb590ea,71402273816533867130174046379312855601204787736023388471372994030309720329642,will-nottingham-forest-win-the-2026-27-english-premier-league-epl-championship-20260701200428764
15,BreakTheBank,0xf0318c32136c2db7fec88b84869aee6a1106c80c,Will Sunderland win the 2026-27 English Premier League (EPL) Championship?,Yes,400000.0,0.0308,0.0015,12347.4084,600.0,-11747.4084,-95.1406,0x8652a1b72d13868775062c003c4513868905d10938cde876b945432e6bf72a3d,99368121462700780151196311832350788198349977216794379898015805289217999809122,will-sunderland-win-the-2026-27-english-premier-league-epl-championship-20260701200428766
15,BreakTheBank,0xf0318c32136c2db7fec88b84869aee6a1106c80c,Will Everton win the 2026-27 English Premier League (EPL) Championship?,Yes,387751.33,0.0308,0.0015,11969.3101,581.6269,-11387.6832,-95.1406,0x968e48b511e76c798aabbafc5c5de292dc15bf4ba8d4aa6d560767eeddd588ad,80367005308757874454920246636237476898466725678692332165499458085317111212451,will-everton-win-the-2026-27-english-premier-league-epl-championship-20260701200428757
15,BreakTheBank,0xf0318c32136c2db7fec88b84869aee6a1106c80c,Will Hull City win the 2026-27 English Premier League (EPL) Championship?,Yes,99251.824,0.0308,0.0055,3063.7648,545.885,-2517.8798,-82.1825,0x6001a45766cc00627798fc4d6fdc251f8e0762c04d92856ceb1878d18debc078,19129084106918074389743466444184546964159320576683957544376689640092328831272,will-hull-city-win-the-2026-27-english-premier-league-epl-championship-20260701200428769
15,BreakTheBank,0xf0318c32136c2db7fec88b84869aee6a1106c80c,Will the Baltimore Ravens win the 2027 NFL league championship?,Yes,4100.01,0.062,0.0785,254.2006,321.8507,67.65,26.6128,0xbd1d0889e5037c451bb1e45163749786fe4acc10af2ab40477e7052766054712,73903998640927437939889487883041380194034214913517653047704709946666153109395,will-the-baltimore-ravens-win-the-2027-nfl-league-championship
19,ndb1,0xfea31bc088000ff909be1dfd8d0e3f2c7ef2d227,Will Manchester City win the 2026-27 English Premier League (EPL) Championship?,No,373914.0092,0.707,0.795,264364.6828,297261.6373,32896.9544,12.4437,0x86e8f678e6cebb9596ffbb5a736b2ff9f36b12905d5b65b1556329c28533c7a1,15595081936246780886940656289399636714509677762753928040257148545998496082698,will-manchester-city-win-the-2026-27-english-premier-league-epl-championship-20260701200428761
19,ndb1,0xfea31bc088000ff909be1dfd8d0e3f2c7ef2d227,Will J.D. Vance win the 2028 Republican presidential nomination?,Yes,450000.0,0.5,0.504,225000.0,226800.0,1800.0,0.8,0x18b1c135d0a40c5894da9412e77311827d9caf16cf4cd6591b247a34730af919,40081275558852222228080198821361202017557872256707631666334039001378518619916,will-jd-vance-win-the-2028-republican-presidential-nomination
19,ndb1,0xfea31bc088000ff909be1dfd8d0e3f2c7ef2d227,Will J.D. Vance win the 2028 Republican presidential nomination?,No,450000.0,0.5,0.496,225000.0,223200.0,-1800.0,-0.8,0x18b1c135d0a40c5894da9412e77311827d9caf16cf4cd6591b247a34730af919,78633590736077251574794513664747155551297291244492840448622550955320930591622,will-jd-vance-win-the-2028-republican-presidential-nomination
19,ndb1,0xfea31bc088000ff909be1dfd8d0e3f2c7ef2d227,Will Barcelona win the 2026-27 UEFA Champions League Championship?,No,252166.5941,0.7842,0.765,197754.3386,192907.4445,-4846.8941,-2.4509,0xa23467e95abf6544819a9dcb90b7719846aacf300b991ea07204e1f1649097cb,34945358399694068879260737230963453183436310658083966074000573983342060858792,will-barcelona-win-the-2026-27-uefa-champions-league-championship-20260701202025560
19,ndb1,0xfea31bc088000ff909be1dfd8d0e3f2c7ef2d227,Will Ousmane Dembélé win the 2026 Ballon d'Or?,No,88343.6124,0.9568,0.9965,84535.2274,88034.4098,3499.1823,4.1393,0x26f410f7518fa199678ef57f02637fc88be9b3b593346b00946d7ea451f4521b,109359154677724641879093510140547924238031773808324195577981722875545957189531,will-ousmane-dembl-win-the-2026-ballon-dor
19,ndb1,0xfea31bc088000ff909be1dfd8d0e3f2c7ef2d227,"Bitcoin all time high by December 31, 2026?",No,90068.559,0.8565,0.928,77150.7954,83583.6227,6432.8272,8.3379,0x18076e7d0f58a52d3d4f311d0456306edf16d1873cf5eef27d3ff044153e9576,28476986359136076319657791569918838578469356102120317109012208839383264384477,bitcoin-all-time-high-by-december-31-2026
19,ndb1,0xfea31bc088000ff909be1dfd8d0e3f2c7ef2d227,"Will Bitcoin hit $150k by December 31, 2026?",No,85633.8312,0.9038,0.976,77398.2431,83578.6192,6180.376,7.9851,0x02deb9538f5c123373adaa4ee6217b01745f1662bc902e46ac92f3fe6f8741e8,55119388124180116303253993098894090042427725500010038140578121972388485050538,will-bitcoin-hit-150k-by-december-31-2026
19,ndb1,0xfea31bc088000ff909be1dfd8d0e3f2c7ef2d227,Clarity Act (H.R.3633) signed into law in 2026?,No,55000.0,0.7627,0.9515,41949.985,52332.5,10382.515,24.7497,0x9cb23d04b2ded06147482076688b69b487a8d982c63ebdda2ab3678cf27cf390,29633826701713552120011280893309822625942861174174976276686142480636225243753,clarity-act-signed-into-law-in-2026
19,ndb1,0xfea31bc088000ff909be1dfd8d0e3f2c7ef2d227,"Will Bitcoin reach $160,000 by December 31, 2026?",No,43049.3752,0.9448,0.9715,40677.0737,41822.468,1145.3942,2.8158,0x472c9035786b390c08e674fc60bddda488957e1b8aecad3f5480cc531a0754b0,76803677654662369423401526996593319593052274118670807871700313758063944314185,will-bitcoin-reach-160000-by-december-31-2026-934-934-164
19,ndb1,0xfea31bc088000ff909be1dfd8d0e3f2c7ef2d227,Will the Democratic Party control the House after the 2026 Midterm elections?,Yes,36250.67,0.86,0.925,31175.5762,33531.8697,2356.2935,7.5581,0xd5d9fc47718bd553592d126b1fa5e87183d27f3936975b0c04cc0f2dec1f1bb4,83247781037352156539108067944461291821683755894607244160607042790356561625563,will-the-democratic-party-control-the-house-after-the-2026-midterm-elections
19,ndb1,0xfea31bc088000ff909be1dfd8d0e3f2c7ef2d227,"Will Bitcoin reach $200,000 by December 31, 2026?",No,30876.6315,0.9656,0.9895,29816.0079,30552.4269,736.4189,2.4698,0xac32e73aa9e0dae801d88d4f81efd2ef3fa0f04b815f3a0e74426f0762e668cd,96993471854400156408670527613150944443359272190785251193551242374636006072800,will-bitcoin-reach-200000-by-december-31-2026-752-232-389
19,ndb1,0xfea31bc088000ff909be1dfd8d0e3f2c7ef2d227,Will there be no change in Fed interest rates after the October 2026 meeting?,Yes,47964.79,0.35,0.635,16787.6765,30457.6416,13669.9651,81.4285,0xdf9bf27ee5757c55b44b8b9826ddc9ec3a8809aa3278634c45edbb7fc8f1a3e3,111061902544814266207267295505639408607400625795891618462682726460921782993748,will-there-be-no-change-in-fed-interest-rates-after-the-october-2026-meeting-20260617190324031
19,ndb1,0xfea31bc088000ff909be1dfd8d0e3f2c7ef2d227,"Will Bitcoin reach $190,000 by December 31, 2026?",No,30000.0038,0.9654,0.9885,28962.3212,29655.0038,692.6825,2.3916,0xe71b9d788ce662d967ff2c90749ff8b26cee290455ef6cb84f33d1393ffae115,53681724624810962802139651760224055124229053661988036877478790017047551358289,will-bitcoin-reach-190000-by-december-31-2026-936-485-627
19,ndb1,0xfea31bc088000ff909be1dfd8d0e3f2c7ef2d227,"Will Bitcoin reach $140,000 by December 31, 2026?",No,30000.0,0.961,0.962,28830.0,28860.0,30.0,0.104,0xf0a4c0bc8a8162f0ac95b5a5af7fa665d20a19ca0db03b9117514dafc695f15e,70543103071492972645151283689391729699226843216132833577173691542490654530110,will-bitcoin-reach-140000-by-december-31-2026-131-829-299
19,ndb1,0xfea31bc088000ff909be1dfd8d0e3f2c7ef2d227,Will the Democrats win the 2028 US Presidential Election?,No,74833.0524,0.318,0.355,23803.7204,26565.7336,2762.0131,11.6032,0xb106a3c9d1c59ed8117493dae6459a3ff79369a8f7cddaf62f4a05828b89195e,1376044590327709616459174469529480611299625159235587466149878628404281805565,will-the-democrats-win-the-2028-us-presidential-election
19,ndb1,0xfea31bc088000ff909be1dfd8d0e3f2c7ef2d227,"Will Bitcoin reach $180,000 by December 31, 2026?",No,25217.6196,0.9663,0.9865,24370.2279,24877.1817,506.9537,2.0802,0x799c35de1e5f3ebd75053643e020e6df9e9a3f477e3d6066eb0a8565f65d547f,100648871187681650041002285233301788584021004206651813214647764762464088008351,will-bitcoin-reach-180000-by-december-31-2026-629-622-598
19,ndb1,0xfea31bc088000ff909be1dfd8d0e3f2c7ef2d227,"Will Bitcoin reach $170,000 by December 31, 2026?",No,19959.6715,0.9519,0.9795,19001.1794,19550.4982,549.3187,2.8909,0x9affeb38bce1e9a6de30e9ecada1ecfaf636574d3961cf3b9177299786214234,14872991750876454687235002820080062781044391778644201094284810713636030060089,will-bitcoin-reach-170000-by-december-31-2026-335-688-943
19,ndb1,0xfea31bc088000ff909be1dfd8d0e3f2c7ef2d227,Will the Fed increase interest rates by 25 bps after the October 2026 meeting?,Yes,47964.79,0.6299,0.355,30217.7697,17027.5004,-13190.2693,-43.6507,0x12aa13b3da17ceae1b0a59b5d5b77121e91bb79b4bb0b52bf6543ed3f8d0953b,55159722761418013044126414276680602270318000841690689684819994448621694923050,will-the-fed-increase-interest-rates-by-25-bps-after-the-october-2026-meeting-20260617190324032
19,ndb1,0xfea31bc088000ff909be1dfd8d0e3f2c7ef2d227,Will the Republican Party control the House after the 2026 Midterm elections?,No,15826.2233,0.85,0.915,13452.2898,14480.9943,1028.7044,7.647,0x4e4f77e7dbf4cab666e9a1943674d7ae66348e862df03ea6f44b11eb95731928,17371217118862125782438074585166210555214661810823929795910191856905580975576,will-the-republican-party-control-the-house-after-the-2026-midterm-elections
19,ndb1,0xfea31bc088000ff909be1dfd8d0e3f2c7ef2d227,"Will Bitcoin reach $250,000 by December 31, 2026?",No,11833.59,0.9803,0.9935,11600.9194,11756.6716,155.7521,1.3425,0x6fefc0438c7598b23531457c8c60541990d0786bd4bd9dfc3eabc8d95c291092,68320692409850091190490975441025843632582876963922128660910974326175304515755,will-bitcoin-reach-250000-by-december-31-2026-579-442
19,ndb1,0xfea31bc088000ff909be1dfd8d0e3f2c7ef2d227,Will Arsenal win the 2026-27 English Premier League (EPL) Championship?,Yes,15151.3296,0.4608,0.605,6982.7023,9166.5544,2183.852,31.2751,0xf02d8d72bb96d84090d4f7d63e7837afb94f8d061e7a2cca8cf21732150e8815,106464589845250400124249015666766731317110899241411841699938652823328750757436,will-arsenal-win-the-2026-27-english-premier-league-epl-championship-20260701200428750
19,ndb1,0xfea31bc088000ff909be1dfd8d0e3f2c7ef2d227,Will the Los Angeles Chargers make the 2027 NFL Playoffs?,No,7427.5877,0.35,0.865,2599.6557,6424.8634,3825.2076,147.1428,0xd9b658991d8acba6c82ab4f2d33ea9de7e9e059ad6b68d0a2e673cab87e2f207,93284422431756623600204363649153652226198559206423012880516322317078221362477,will-the-los-angeles-chargers-make-the-2027-nfl-playoffs
19,ndb1,0xfea31bc088000ff909be1dfd8d0e3f2c7ef2d227,Will Hull City be relegated from the 2026-27 Premier League?,Yes,11030.7414,0.5248,0.505,5789.1905,5570.5244,-218.6661,-3.7771,0x1587b261f0687397f09d8ee54ef4e36abdd77d280fb8e28bad6e60b462b8a786,27639992715410629003045812105123932051610636244989965625582725857560184666378,will-hull-city-be-relegated-from-premier-league-2026-27
19,ndb1,0xfea31bc088000ff909be1dfd8d0e3f2c7ef2d227,Will Anze Kopitar record 100+ points?,No,5187.78,0.9794,0.9965,5081.0873,5169.6227,88.5353,1.7424,0x90921f7e36f80917cab3d09fa846239891930f549df539650b1cd8b7fc207cc3,49183988548627510662646108875659351926571874202029892847417465450553360102531,will-anze-kopitar-record-100-points
19,ndb1,0xfea31bc088000ff909be1dfd8d0e3f2c7ef2d227,Will there be 3+ NFL Scorigamis in the 2026-27 regular season?,Yes,4006.29,0.8666,0.983,3471.9622,3938.183,466.2207,13.4281,0x697752df8d3998c6c9ce4d1fe6abb6f221d09a07a27b684f282e143870980bfb,81454025269808576777320911899461659524367037343502613875579957370492776029908,will-there-be-3-nfl-scorigamis-in-the-2026-27-regular-season
19,ndb1,0xfea31bc088000ff909be1dfd8d0e3f2c7ef2d227,Will the Washington Commanders make the 2027 NFL Playoffs?,No,4806.7315,0.69,0.79,3316.6447,3797.3179,480.6731,14.4927,0xc3bdf4caa937776e894dd0357dc441ed57cd764ebc5f5ca8f2ec1a5edb58c832,91849533645496354757754581927093055254331827774408717350398774673534252594357,will-the-washington-commanders-make-the-2027-nfl-playoffs
19,ndb1,0xfea31bc088000ff909be1dfd8d0e3f2c7ef2d227,Will the Patriots win the season series against the Dolphins during the 2026-27 NFL regular season?,Yes,5000.0,0.64,0.7,3200.0,3500.0,300.0,9.375,0xff8e50c807dd8e414ea7af6f440e7ad67fdccff6aef66c60366ea653242c4c8b,35950546363498443511781677913666978340966472115817717452237864162847519652916,will-the-patriots-win-the-season-series-against-the-dolphins-during-the-2026-27-nfl-regular-season-20260717194023257
19,ndb1,0xfea31bc088000ff909be1dfd8d0e3f2c7ef2d227,Will JJ Wetherholt win the 2026 NL Rookie of the Year award?,No,2000.0,0.5,0.99,1000.0,1980.0,980.0,98.0,0x960f934d7f76dda986cbbb596190c67bbca2f2f20f181667b49dccdefcbf6e3a,65487146582264915484141773156045720925128844407419677655103527416656400411245,will-jj-wetherholt-win-the-2026-nl-rookie-of-the-year-award
19,ndb1,0xfea31bc088000ff909be1dfd8d0e3f2c7ef2d227,Will Inter Milan reach the 2027 UEFA Champions League semifinal?,No,2545.2446,0.74,0.75,1883.481,1908.9334,25.4523,1.3513,0x24e95359dbf49cb1dc89b611d0a41f7576962c3b0e6881aa21a7bb22c7eee32b,30618435940382766099130646399852284076731083601390638846704758324755800253825,will-inter-milan-reach-the-2027-uefa-champions-league-semifinal
19,ndb1,0xfea31bc088000ff909be1dfd8d0e3f2c7ef2d227,Will Trey McBride have 4.5+ receiving touchdowns in the 2026-27 NFL regular season?,Yes,2000.0,0.74,0.85,1480.0,1700.0,220.0,14.8648,0x7dbe1c4b1f1385c805a3e6357c8da80e6feca18ac5a6aa6925d9459b724122f3,105098259890235872826890214686130621862790583443081839195153607574694035494629,trey-mcbride-4pt5-receiving-touchdowns-2026-27
19,ndb1,0xfea31bc088000ff909be1dfd8d0e3f2c7ef2d227,Will Jake Moody finish as a top-12 K in the 2026-27 NFL season?,No,1512.61,0.957,0.9895,1447.6319,1496.7275,49.0955,3.3914,0x4735f3b478a2bcbaa559e16617f6b435c890d60e69e5b63b20ebe2f47bc28674,113380471397772156309519719669193218998852331211904430298219694606583045616376,will-jake-moody-finish-as-a-top-12-k-in-the-2026-27-nfl-season
19,ndb1,0xfea31bc088000ff909be1dfd8d0e3f2c7ef2d227,Will Aaron Judge win the 2026 American League Hank Aaron Award?,No,1481.84,0.6516,0.997,965.6887,1477.3944,511.7056,52.9886,0xb040d3eff979a01b34d6c5952faf1c490e77c7a4f8dff3733e3d826d37525c2d,37880039445502893970278506658133959871460847655201405933125750292562954546467,will-aaron-judge-win-the-2026-american-league-hank-aaron-award
19,ndb1,0xfea31bc088000ff909be1dfd8d0e3f2c7ef2d227,Will Jarrett Stidham finish as a top-5 QB in the 2026-27 NFL season?,No,1475.04,0.9851,0.9925,1453.0951,1463.9772,10.882,0.7488,0x07394e7b57e4c117a53edcd1fb2b7c5c82479a5c4a23a1c033e9189c101e283f,80991656306696165591115520090373500676267223016107928317952342737207561089836,will-jarrett-stidham-finish-as-a-top-5-qb-in-the-2026-27-nfl-season
19,ndb1,0xfea31bc088000ff909be1dfd8d0e3f2c7ef2d227,Will De'Von Achane finish as a top-12 RB in the 2026-27 NFL season?,No,1442.58,0.9798,0.991,1413.4996,1429.5967,16.097,1.1388,0xe85490600bdf817341b66f5bd408424f51e6a510073a92a38b236ca8114f88f3,56220739966575934105169804390537042782511680431330667618634762846391147073988,will-devon-achane-finish-as-a-top-12-rb-in-the-2026-27-nfl-season
19,ndb1,0xfea31bc088000ff909be1dfd8d0e3f2c7ef2d227,Will Anze Kopitar record 80+ points in the 2026-27 regular season?,No,1361.24,0.9723,0.997,1323.6585,1357.1562,33.4976,2.5306,0xc54dfdb629de30d9d799b5a56aeab1fe64f7a9786287fa4e5d83404420316f4a,8554232693976654995098072600774511219355325570972006880127579135444464111374,will-anze-kopitar-record-80-points-in-the-2026-27-regular-season
19,ndb1,0xfea31bc088000ff909be1dfd8d0e3f2c7ef2d227,Will Puka Nacua have 3.5+ receiving touchdowns in the 2026-27 NFL regular season?,Yes,1999.99,0.81,0.655,1619.9919,1309.9934,-309.9985,-19.1358,0x7abe4899d17c95f0ccede03121377a9c800bd2198b32e56335e620cb5810d00b,114450814754037325889008219646051023525514456717219750214633923319922914449838,puka-nacua-3pt5-receiving-touchdowns-2026-27
19,ndb1,0xfea31bc088000ff909be1dfd8d0e3f2c7ef2d227,Will Omonia finish top 8 in UEL league phase?,No,1323.47,0.8935,0.98,1182.5881,1297.0006,114.4124,9.6747,0xa9551106138d1626b06f6886e79543625acb98a5faeb3c9bb54c727323f6b1ea,42901203123507603422169438261271472131032609348138635929160319524684586522191,will-omonia-finish-top-8-in-uel-league-phase
19,ndb1,0xfea31bc088000ff909be1dfd8d0e3f2c7ef2d227,"Will Trevor Lawrence have 3,774.5+ passing yards in the 2026-27 NFL regular season?",No,2000.0,0.5,0.575,1000.0,1150.0,150.0,15.0,0xe1fe6857b37ee6b9bf0bb8ebcb85451f57fa78a61d794565e2a3139387e3f121,79943733614371626503071468030862388813353395472654582821534881483741835568678,trevor-lawrence-3774pt5-passing-yards-2026-27
19,ndb1,0xfea31bc088000ff909be1dfd8d0e3f2c7ef2d227,Will Brian Burns have 15+ sacks in the 2026-27 NFL regular season?,No,1153.02,0.97,0.994,1118.5335,1146.1018,27.5682,2.4646,0x1eb6d94d4fbbbf9984d80734d8105c31f42d60f368c4a5d2f40b99d52a822754,86659839980092709583780760539161334202187114169158658205524307122083340660585,brian-burns-15-sacks-2026-27
19,ndb1,0xfea31bc088000ff909be1dfd8d0e3f2c7ef2d227,Will Josh Allen finish as a top-12 QB in the 2026-27 NFL season?,Yes,1133.69,0.8746,0.9895,991.6363,1121.7862,130.1498,13.1247,0x85312a241131ae54ab97baca55e82927c51d50bfafe53cee83c9445dd95baab9,1559950465711639497471202683376684437815121141135449104716899973948047112379,will-josh-allen-finish-as-a-top-12-qb-in-the-2026-27-nfl-season
19,ndb1,0xfea31bc088000ff909be1dfd8d0e3f2c7ef2d227,Will Philadelphia Phillies win the 2026 National League Championship Series?,No,1182.7225,0.89,0.9015,1052.623,1066.2243,13.6012,1.2921,0x3bcc9fdcb2f0dc0d1682fd1ccb14de4d42026c37b3c80c5276b65cd0299f8e6f,38027572549257929209632917154073648062410860127447574688620201848263020256104,will-philadelphia-phillies-win-the-2026-national-league-championship-series
19,ndb1,0xfea31bc088000ff909be1dfd8d0e3f2c7ef2d227,Will Texas Tech Red Raiders Win the 2026 Big 12 Championship?,Yes,3128.5,0.4109,0.34,1285.754,1063.69,-222.064,-17.2711,0x09342f95b206b85e59e0eebe2c6a78617b69dccc3c95073b0989c98408d1ba5a,43374364587206918954708010822064627227898915899151286000064603275985494037700,will-texas-tech-red-raiders-win-the-2026-big-12-championship-20260731203851995
19,ndb1,0xfea31bc088000ff909be1dfd8d0e3f2c7ef2d227,Will the 49ers win the season series against the Cardinals during the 2026-27 NFL regular season?,Yes,1663.55,0.6375,0.62,1060.6395,1031.401,-29.2385,-2.7566,0xb5d8518e3ac3e89144d5d2a81e8c6d89829eee1f7945180dbc8044f230cd359a,96808527941735680354275247968753953658415509833435577057374126889544207639360,will-the-49ers-win-the-season-series-against-the-cardinals-during-the-2026-27-nfl-regular-season-20260717194043106
19,ndb1,0xfea31bc088000ff909be1dfd8d0e3f2c7ef2d227,Will Casper Ruud win the 2026 Men's US Open?,Yes,2040614.2898,0.4964,0.0005,1013036.3967,1020.3071,-1012016.0896,-99.8992,0xb8d185def93836c113521400fb631c4a907358c28b55874c2e00e2604b9e87a3,17914802278743526457323083251230030169739532324142429937278582208066415654078,will-casper-ruud-win-the-2026-mens-us-open
19,ndb1,0xfea31bc088000ff909be1dfd8d0e3f2c7ef2d227,Will the season series between the Browns and Steelers end in a tie during the 2026-27 NFL regular season?,No,2436.48,0.5222,0.415,1272.3759,1011.1392,-261.2367,-20.5314,0x9208a65d5782c80ee0c212fc31450164f7f4339e1fb84b26f41e9ae2b3533b26,103746679593555165121982710490911483797198874144747544608858120611325013460866,will-the-season-series-between-the-browns-and-steelers-end-in-a-tie-during-the-2026-27-nfl-regular-season-20260717194028482
19,ndb1,0xfea31bc088000ff909be1dfd8d0e3f2c7ef2d227,Will Baltimore Ravens win the 2027 NFL AFC Championship?,Yes,6931.65,0.13,0.145,901.1145,1005.0892,103.9747,11.5384,0xf56c3543401052711ed407ec692c414e3ccde973a1195cf7274f71d1981c9242,25684336608708401260629991966538364610628475550713597463247463311901483269231,will-baltimore-ravens-win-the-2027-nfl-afc-championship-498
19,ndb1,0xfea31bc088000ff909be1dfd8d0e3f2c7ef2d227,Will Zane Gonzalez finish as a top-12 K in the 2026-27 NFL season?,No,996.31,0.976,0.9945,972.4914,990.8302,18.3387,1.8857,0x2347088cd39774dc8ef96e336e86d53bb835e835ac3185adada258c3ff6487e1,79184354878181848056990168176858508567931418063075259392681027396035531491059,will-zane-gonzalez-finish-as-a-top-12-k-in-the-2026-27-nfl-season
19,ndb1,0xfea31bc088000ff909be1dfd8d0e3f2c7ef2d227,Will Oura's market cap be between $10B and $12.5B at market close on IPO day?,No,1000.0,0.979,0.98,979.0,980.0,1.0,0.1021,0xc80aca25d68cf36c84f6df6e1c424b08e547dc3d8bd23029d36470cfe129e42b,68519208523530225563022170029886919827191505343176221019824867151162676436046,will-ouras-market-cap-be-between-10b-and-12pt5b-at-market-close-on-ipo-day
19,ndb1,0xfea31bc088000ff909be1dfd8d0e3f2c7ef2d227,Will Josh Jacobs have 10+ rushing touchdowns in the 2026-27 NFL regular season?,No,1005.88,0.863,0.959,868.1563,964.6389,96.4825,11.1134,0xa073b3bb7683a966b04e74d16b45bd39aa3e48dfbb9200007ec3bb164b73ebfb,30940325271883466725750305671920247335418569529611720422646163394805391821731,josh-jacobs-10-rushing-touchdowns-2026-27
19,ndb1,0xfea31bc088000ff909be1dfd8d0e3f2c7ef2d227,Will Roma reach the 2027 UEFA Champions League semifinal?,No,1000.0,0.87,0.95,870.0,950.0,80.0,9.1954,0xd69ff27359e40f6e75253de2993d1dd785b4b76ea52b4aae66c902fa7c24e9d4,85136644726188144047843653993528498113269226952103352637869606473926239395436,will-roma-reach-the-2027-uefa-champions-league-semifinal
19,ndb1,0xfea31bc088000ff909be1dfd8d0e3f2c7ef2d227,Will the Los Angeles Chargers win more than 10.5 games in the 2026 NFL Regular Season?,U 10.5,960.46,0.9264,0.9675,889.8573,929.245,39.3876,4.4262,0xebbdb14ecacf91fd7d0e77c5420bd1d18fecfea7108476539dce122b2e7b4e65,14296173266238476347522736176761893860944493182271801835830184996852863376024,will-the-los-angeles-chargers-win-more-than-10pt5-games-in-the-2026-nfl-regular-season
19,ndb1,0xfea31bc088000ff909be1dfd8d0e3f2c7ef2d227,Will Lille finish 9th-24th in UCL league phase?,Yes,1481.0526,0.62,0.625,918.2526,925.6578,7.4051,0.8064,0x7c488ef9ff2e19fe93166f2454c9869503095c55cefeedb3072498f76c26cff2,64809202271711678913244411535115345233654510493161636806038999092264737412868,will-lille-finish-9th-24th-in-ucl-league-phase
19,ndb1,0xfea31bc088000ff909be1dfd8d0e3f2c7ef2d227,Will Real Madrid reach the 2027 UEFA Champions League quarterfinal?,No,3537.2036,0.26,0.255,919.6729,901.9869,-17.686,-1.923,0x12b694614a4257dc5ac89d0890bea975332601bda562dfab71e3304926c92640,21109421413772994736231177950190208665654658484372607308003032711887663276874,will-real-madrid-reach-the-2027-uefa-champions-league-quarterfinal
19,ndb1,0xfea31bc088000ff909be1dfd8d0e3f2c7ef2d227,Will Donyell Malen (Roma) be the top goalscorer of the 2026-27 Serie A season?,No,1684.0,0.4199,0.515,707.2294,867.26,160.0305,22.6278,0x6dfd459d0306dac2c0fd5166cdfde2cc913ae6ac59c04d461eaea167bada8d46,35889497215763911343627015205257029246330826725287068886508973386744544436025,will-donyell-malen-roma-be-the-top-goalscorer-of-the-2026-27-serie-a-season
19,ndb1,0xfea31bc088000ff909be1dfd8d0e3f2c7ef2d227,Will Jayden Daniels have 749.5+ rushing yards in the 2026-27 NFL regular season?,No,1000.0,0.73,0.865,730.0,865.0,135.0,18.4931,0xb5d21ac2208de59e6e063489df780baaa47f44070b05a0de5d791967446505b8,32760893799000992968294189727426688606340208111803319966335855488712302355212,jayden-daniels-749pt5-rushing-yards-2026-27
19,ndb1,0xfea31bc088000ff909be1dfd8d0e3f2c7ef2d227,Will the Baltimore Ravens make the 2027 NFL Playoffs?,Yes,1033.42,0.6956,0.805,718.8795,831.9031,113.0235,15.7221,0xc022132e7e7c1ccf5e49ee72493dc4819cd35ae03a92ad88afdc1953558c1f50,115197396365413653989512684607566598426988074976025411118882528746782767843386,will-the-baltimore-ravens-make-the-2027-nfl-playoffs
19,ndb1,0xfea31bc088000ff909be1dfd8d0e3f2c7ef2d227,"Will Luther Burden III be the first WR to 1,000 receiving yards in the 2026-27 NFL regular season?",No,815.37,0.97,0.984,790.9234,802.324,11.4005,1.4414,0xbd2dbee975135feba0ac2eda2d577df6ca5acfd13459ce93dd1853c5d8649059,46051364111205142242952883545129444584448052256438735267926874957636938237741,luther-burden-iii-first-to-1000-receiving-yards-2026-27
19,ndb1,0xfea31bc088000ff909be1dfd8d0e3f2c7ef2d227,"Will Cameron Ward be the first QB to 2,000 passing yards in the 2026-27 NFL regular season?",No,809.27,0.9297,0.982,752.439,794.7031,42.264,5.6169,0xa971f441ff729fa1e75a3eba0c200625608a3e879cbcefe44a36095a71412f2a,96707987811297374513274171519376419733148106163711730866939038771398183062065,cameron-ward-first-to-2000-passing-yards-2026-27
19,ndb1,0xfea31bc088000ff909be1dfd8d0e3f2c7ef2d227,Will the Miami Dolphins have more than 6.5 wins during the 2026 NFL season?,No,820.97,0.9446,0.967,775.5324,793.8779,18.3454,2.3655,0xbd1ad1fd198823d5afdda70faf90cb63b120938e8bf9cc24b187ecddb6ac88b7,105455657520822293455649255974213938923240488207786256066811543389100049094610,will-the-miami-dolphins-have-more-than-6pt5-wins-during-the-2026-nfl-season
19,ndb1,0xfea31bc088000ff909be1dfd8d0e3f2c7ef2d227,Will Alexia Putellas finish in the top 5 of the 2026 Women's Ballon d'Or?,Yes,804.13,0.9668,0.9825,777.5055,790.0577,12.5521,1.6144,0xdc0613b75d774672fec26c078f168ca36ea32be73361710e3486b5250f0db202,102437271910688075502579341867381005358947881458943185422103423187742127303125,will-alexia-putellas-finish-in-the-top-5-of-the-2026-womens-ballon-dor
19,ndb1,0xfea31bc088000ff909be1dfd8d0e3f2c7ef2d227,Will the Tennessee Titans have more than 8.5 wins during the 2026 NFL season?,No,833.19,0.9471,0.943,789.1299,785.6981,-3.4318,-0.4348,0x96307a5d65398262afc4925b9be30d6e2522237a3587c7e88b3945fb9e8900ff,30178606752623715879468269849429789416368054850851275253391436118141473594177,will-the-tennessee-titans-have-more-than-8pt5-wins-during-the-2026-nfl-season
19,ndb1,0xfea31bc088000ff909be1dfd8d0e3f2c7ef2d227,KBO: LG Twins vs. Samsung Lions,LG Twins,1042.1178,0.49,0.749,510.6377,780.5462,269.9084,52.8571,0x90ccd5a711854279acb4bfea911c0ef952c54d1d32e7db793047ff11d017295e,73264274384275183970194089567930647186186078748652915800211281519357908699020,kbo-lg-sam-2026-04-17
19,ndb1,0xfea31bc088000ff909be1dfd8d0e3f2c7ef2d227,Will the San Francisco 49ers have more than 12.5 wins during the 2026 NFL season?,No,1136.76,0.65,0.665,738.894,755.9454,17.0514,2.3076,0xf522900a3ea6c7b1c79ab25f590500b033badff27cca911e78adea5a81e1c5da,23881886990503274106373986444862601785910781286272458840350737218493537485181,will-the-san-francisco-49ers-have-more-than-12pt5-wins-during-the-2026-nfl-season
19,ndb1,0xfea31bc088000ff909be1dfd8d0e3f2c7ef2d227,Will Cincinnati have more than 5.5 wins during the 2026 CFB season?,O 5.5,1058.58,0.3941,0.7,417.2657,741.006,323.7402,77.586,0x0f389f492780201f30fa361679935242e8a73fff6c7baaa2bc8004372afb3d3d,61932414308434777041293375149372473443594285242633057984770641417380275905630,will-cincinnati-have-more-than-5pt5-wins-during-the-2026-cfb-season-20260731193847024
19,ndb1,0xfea31bc088000ff909be1dfd8d0e3f2c7ef2d227,Will AEK Athens finish top 8 in UCL league phase?,No,784.57,0.9353,0.9365,733.8742,734.7498,0.8755,0.1192,0xb4e8b4fd24abad846a9bc457bd883436ff330b345ed8ad0a6b10aedf86f81700,22204772305429832855314397902968183386106265193079231427586846686783744377401,will-aek-athens-finish-top-8-in-ucl-league-phase
19,ndb1,0xfea31bc088000ff909be1dfd8d0e3f2c7ef2d227,Will Courtland Sutton have 10+ receiving touchdowns in the 2026-27 NFL regular season?,No,759.54,0.9199,0.963,698.776,731.437,32.6609,4.674,0x7797d8b255842fa9f490e09ce671fd8828d240797c7973fa67fff904481aeb6b,45844932982498316149757905724654306643129186308743716143255602101930640210591,courtland-sutton-10-receiving-touchdowns-2026-27
19,ndb1,0xfea31bc088000ff909be1dfd8d0e3f2c7ef2d227,"Will Jadarian Price be the first RB to 1,000 rushing yards in the 2026-27 NFL regular season?",No,717.94,0.9445,0.985,678.1016,707.1709,29.0692,4.2868,0x4d2ac31806e84abeb8d7a4acb8694e249c2d22fa70e98a0f86e99fef2d31a216,71366688229503251720274385464797661711551857365776275838118011499760917383303,jadarian-price-first-to-1000-rushing-yards-2026-27
19,ndb1,0xfea31bc088000ff909be1dfd8d0e3f2c7ef2d227,"Will De'Von Achane have 1,000+ rushing yards in the 2026-27 NFL regular season?",No,703.41,0.9024,0.997,634.7684,701.2997,66.5312,10.4811,0x05337743ecd971f2f0f8e18cc4d9af949975c4e85a3cefac83a17d5c5779d3f6,25071065256504007543282734553123991442955316571155356073405165922921452696946,devon-achane-1000-rushing-yards-2026-27
19,ndb1,0xfea31bc088000ff909be1dfd8d0e3f2c7ef2d227,Will Uganda win AFCON 2027?,No,686.0,0.8791,0.983,603.1102,674.338,71.2277,11.81,0x3e527857282180575e391371d632e24e3ab5f6d361d926df4570e0abb56f9104,13419846798240283217743617122039271595933108411409181135787745851256485383297,will-uganda-win-afcon-2027
19,ndb1,0xfea31bc088000ff909be1dfd8d0e3f2c7ef2d227,Will Atlético Madrid reach the 2027 UEFA Champions League Round of 16?,Yes,1169.5026,0.5245,0.57,613.4649,666.6164,53.1514,8.6641,0x25f0be673e8eea29f8201538fd74a0b7cd3cefc43535cf8bb0e087738381e1f3,39212821910203369873915551112626556261614851657625546197020905953534387108573,will-atletico-madrid-reach-the-2027-uefa-champions-league-round-of-16
19,ndb1,0xfea31bc088000ff909be1dfd8d0e3f2c7ef2d227,"Will Bitcoin reach $150,000 by December 31, 2026?",No,689.59,0.95,0.9665,655.1105,666.4887,11.3782,1.7368,0xa7b594ae07d5c1590fa86028fcc2f8705990437237416556c05837a08b2e1cda,51483905306465811734319720696244063650497726569976526242005911027664652328096,will-bitcoin-reach-150000-by-december-31-2026-557-246-971
19,ndb1,0xfea31bc088000ff909be1dfd8d0e3f2c7ef2d227,Will Jordan Love have 24.5+ passing touchdowns in the 2026-27 NFL regular season?,No,1000.0,0.5,0.66,500.0,660.0,160.0,32.0,0x5b3cdb0752f14ae759ebcac108e7668eadd003ecca5469cd4768a5a78c053680,64862711830919239894487383894058751725459090741530199239736764457905152157027,jordan-love-24pt5-passing-touchdowns-2026-27
19,ndb1,0xfea31bc088000ff909be1dfd8d0e3f2c7ef2d227,Will Patrick Mahomes win the 2026 NFL Comeback Player of the Year award for the 2026-27 NFL season?,Yes,946.932,0.6796,0.69,643.5804,653.3831,9.8026,1.5231,0x238c58aa8ea888538a6236251278776e672923aa99fc252ea73b3b4107446fc3,29740359665221711214231303108542270905981730427079405669408445468267262484028,will-patrick-mahomes-win-the-2026-nfl-comeback-player-of-the-year-award-for-the-2026-27-nfl-season-20260716005217471
19,ndb1,0xfea31bc088000ff909be1dfd8d0e3f2c7ef2d227,Will Mike Evans finish as a top-12 WR in the 2026-27 NFL season?,No,717.51,0.798,0.9065,572.6337,650.4228,77.789,13.5844,0x3a4a186c3c326f499f6e6e98f28b5f309902c2947daab3f74093efb16df1cb2d,63782917147685193119950679720335228313352933036791765244559124782773004637919,will-mike-evans-finish-as-a-top-12-wr-in-the-2026-27-nfl-season
19,ndb1,0xfea31bc088000ff909be1dfd8d0e3f2c7ef2d227,"Will Aaron Jones be the first RB to 1,000 rushing yards in the 2026-27 NFL regular season?",No,652.25,0.9585,0.9895,625.1981,645.4013,20.2031,3.2314,0x27ab8e0e3fc0a5e7054b55e9e431220a4a45608fec4beb44c5acc5e9895ac209,91519844200501783121511145045193856650228196456916309846065203053337129125833,aaron-jones-first-to-1000-rushing-yards-2026-27
19,ndb1,0xfea31bc088000ff909be1dfd8d0e3f2c7ef2d227,"Will Emeka Egbuka be the first WR to 1,000 receiving yards in the 2026-27 NFL regular season?",No,638.57,0.9566,0.994,610.9002,634.7385,23.8382,3.9021,0xe97d748bb7adc205377e689306dc8059290f544baeb8115af5b46da2e6b3a0cd,57730405360203131924775275923715755087481482819145318671090418761461626435123,emeka-egbuka-first-to-1000-receiving-yards-2026-27
19,ndb1,0xfea31bc088000ff909be1dfd8d0e3f2c7ef2d227,Will Josh Jacobs finish as a top-5 RB in the 2026-27 NFL season?,No,647.66,0.9529,0.9785,617.1924,633.7353,16.5428,2.6803,0xd24073980ba6352d2b0152be2ba5ab41667db6164a3f8aa28eb845f880671fb7,58655585538920570269076875265136435371485948304444536311051557427878727581697,will-josh-jacobs-finish-as-a-top-5-rb-in-the-2026-27-nfl-season
19,ndb1,0xfea31bc088000ff909be1dfd8d0e3f2c7ef2d227,Will Galatasaray finish top 8 in UCL league phase?,No,660.99,0.9324,0.945,616.3205,624.6355,8.3149,1.3491,0x7e43c297f5cd11002abf76251d175186d20ae71b7b0bcf66090c0d5ba98ed79b,80071055018586328738813231466190525853588888727856736297237956908533460908850,will-galatasaray-finish-top-8-in-ucl-league-phase
19,ndb1,0xfea31bc088000ff909be1dfd8d0e3f2c7ef2d227,Will the Tampa Bay Buccaneers have more than 8.5 wins during the 2026 NFL season?,No,672.1,0.7979,0.915,536.3144,614.9715,78.657,14.6662,0xabaec8ed3087d233d526a870535be0167f67393eaaa5c0e937c044c9216d60d7,86648189035162156720813500235326148667784532227486730451142645182967485808454,will-the-tampa-bay-buccaneers-have-more-than-8pt5-wins-during-the-2026-nfl-season
19,ndb1,0xfea31bc088000ff909be1dfd8d0e3f2c7ef2d227,KBO: KT Wiz vs. Samsung Lions,Samsung Lions,1226.0857,0.4267,0.496,523.2333,608.1385,84.9051,16.227,0x97954cb222b1b873fb98e88bce8f9f9544dd45c253ea99474ab4a2d1bd4a42b9,111217977181486665157102976447163297064435744517178989224285087244508092652258,kbo-kt-sam-2026-05-20
19,ndb1,0xfea31bc088000ff909be1dfd8d0e3f2c7ef2d227,Will Ipswich Town be relegated from the 2026-27 Premier League?,No,1007.5692,0.5454,0.6,549.6248,604.5415,54.9166,9.9916,0x3727847db4f85c58e618b9ca64b382d791716a9f8a84546c6338ba8a85637e0f,50844604241188977719909214015265524385926139295102655526727760041211050424247,will-ipswich-town-be-relegated-from-premier-league-2026-27
19,ndb1,0xfea31bc088000ff909be1dfd8d0e3f2c7ef2d227,Will Jackson Merrill win a 2026 NL Gold Glove Award?,No,620.0,0.93,0.971,576.6,602.02,25.42,4.4086,0xedc3a0e94af5ed7b79dde2d22c0364617f3474e2f9df8efeec815c44ebefa7ba,18473336327750839858228725949818207256027970578849828479679172225137345249172,will-jackson-merrill-win-a-2026-nl-gold-glove-award
19,ndb1,0xfea31bc088000ff909be1dfd8d0e3f2c7ef2d227,Will De'Von Achane have 10+ receiving touchdowns in the 2026-27 NFL regular season?,No,601.4,0.9589,0.998,576.6859,600.1972,23.5112,4.0769,0xe2a3d2b7f25ca730ec4549e9848f9b477db411321f31633fc58b37a85af2e797,86739324431107066744076029901943864327691306814764425062981686258588254482655,devon-achane-10-receiving-touchdowns-2026-27
19,ndb1,0xfea31bc088000ff909be1dfd8d0e3f2c7ef2d227,Will Blake Grupe finish as a top-5 K in the 2026-27 NFL season?,No,588.45,0.9618,0.994,565.9829,584.9193,18.9363,3.3457,0x309635264860a40b18a233f3fbe6092016365b328daf036d0bfec1ff78679a26,100347016433747765352265901414862002332103248910376032023302434844867846107435,will-blake-grupe-finish-as-a-top-5-k-in-the-2026-27-nfl-season
19,ndb1,0xfea31bc088000ff909be1dfd8d0e3f2c7ef2d227,Will Tua Tagovailoa finish as a top-5 QB in the 2026-27 NFL season?,No,585.55,0.9559,0.99,559.7476,579.6945,19.9468,3.5635,0x82ec4ce644d78c506e2ca3099e5f79dc24fda27689d0fa775d64081e2f85588d,4737526424836783812353976317309209874790961834146644111894219152032461465693,will-tua-tagovailoa-finish-as-a-top-5-qb-in-the-2026-27-nfl-season
19,ndb1,0xfea31bc088000ff909be1dfd8d0e3f2c7ef2d227,"Will Omarion Hampton have 1,149.5+ rushing yards in the 2026-27 NFL regular season?",No,819.0,0.64,0.695,524.16,569.205,45.045,8.5937,0x05919e4459cd8bf9da0f2d66b35cb5dd68858f7f1ae07dc5c4eddf8efc535d55,48187818343218362130360114202551720350697417173667935395924201728137735109580,omarion-hampton-1149pt5-rushing-yards-2026-27
19,ndb1,0xfea31bc088000ff909be1dfd8d0e3f2c7ef2d227,"Will Bucky Irving be the first RB to 1,000 rushing yards in the 2026-27 NFL regular season?",No,565.4,0.9347,0.9935,528.4829,561.7249,33.2419,6.29,0x29038d87f39c466cf1d822b18510f9653091fb18024f8c54d11fb04a93ce5131,92655908752310599283466220905896377203203379957162666016646020587962253086421,bucky-irving-first-to-1000-rushing-yards-2026-27
19,ndb1,0xfea31bc088000ff909be1dfd8d0e3f2c7ef2d227,"Will Garrett Wilson be the first WR to 1,000 receiving yards in the 2026-27 NFL regular season?",No,616.11,0.7377,0.904,454.5297,556.9634,102.4336,22.5361,0x551fa17da158a4d29c10641a148de6a16610906f27a8854adb6226aaed03df65,21674972713721891412220365453821142716308322534203863004021535547661242747416,garrett-wilson-first-to-1000-receiving-yards-2026-27
19,ndb1,0xfea31bc088000ff909be1dfd8d0e3f2c7ef2d227,Will Wan'Dale Robinson finish as a top-5 WR in the 2026-27 NFL season?,No,562.52,0.8837,0.971,497.1289,546.2069,49.0779,9.8722,0xca1354651c1635c7ae6867f3f13582e5b291b237d1cfff53fa7f0df81a8a4423,60187073966060344822088801545693927864717876268692745980432038673843742328930,will-wandale-robinson-finish-as-a-top-5-wr-in-the-2026-27-nfl-season
19,ndb1,0xfea31bc088000ff909be1dfd8d0e3f2c7ef2d227,"Will Jaxson Dart have 3,500+ passing yards in the 2026-27 NFL regular season?",No,532.39,0.9344,0.9945,497.4864,529.4618,31.9753,6.4273,0x94db1afac3a30430f18333a57741b5deb69188fc7b4e39a7b31c9ddf3d79ab55,22753451841542181079913025363437449266538231194131509052230080945354854731411,jaxson-dart-3500-passing-yards-2026-27
19,ndb1,0xfea31bc088000ff909be1dfd8d0e3f2c7ef2d227,Will A.J. Brown finish as a top-12 FLEX in the 2026-27 NFL season?,No,494.82,0.9267,0.9945,458.5655,492.0984,33.5328,7.3125,0x0de5c099f391be077d5043d961f9105060917a9742216d51e87018c5785dfcc7,62008533036005160258974248726552724232423609202637980777711285830507770781443,will-aptjpt-brown-finish-as-a-top-12-flex-in-the-2026-27-nfl-season
19,ndb1,0xfea31bc088000ff909be1dfd8d0e3f2c7ef2d227,Will Jaxson Dart have 3.5+ rushing touchdowns in the 2026-27 NFL regular season?,No,500.0,0.24,0.9725,120.0,486.25,366.25,305.2083,0xfe2f55c134d0ae9dee1adad13046b9c64dcc05df628757f95c13f79835e43a53,104062368132016093238106438533238733599056122416165265472484487044565899462943,jaxson-dart-3pt5-rushing-touchdowns-2026-27
19,ndb1,0xfea31bc088000ff909be1dfd8d0e3f2c7ef2d227,Will Tony Pollard finish as a top-5 RB in the 2026-27 NFL season?,No,486.2,0.9498,0.994,461.8355,483.2828,21.4472,4.6439,0x0db862c5fad100a0218de0cfea7ab8c7f23251069bd4bd2fe5f5f834ede6568a,3957493566095642138855940092824154536653384562679571750468124278194712645661,will-tony-pollard-finish-as-a-top-5-rb-in-the-2026-27-nfl-season
19,ndb1,0xfea31bc088000ff909be1dfd8d0e3f2c7ef2d227,Will Jaxson Dart have a 400+ passing yard game in the 2026-27 NFL regular season?,No,467.52,0.9761,0.989,456.3591,462.3772,6.018,1.3186,0xf233b0b98d8dcd587e8e2be84b1af2c2cdaab5a695e19966910c5c89e72ae9fd,14978024334889679108711952247672243196450838879481402770012264442342195510223,jaxson-dart-400-passing-yards-game-2026-27
19,ndb1,0xfea31bc088000ff909be1dfd8d0e3f2c7ef2d227,"Will Sam Darnold be the first QB to 2,000 passing yards in the 2026-27 NFL regular season?",No,453.13,0.9577,0.9915,433.9818,449.2783,15.2964,3.5246,0xa65931dd5778816da912ba85ed4cf1ef479887ac516558cf96294642535b93e3,15965857506994156401786082611757769245029086068455979559248170689459882675655,sam-darnold-first-to-2000-passing-yards-2026-27
19,ndb1,0xfea31bc088000ff909be1dfd8d0e3f2c7ef2d227,Will Tyson Bagent finish as a top-5 QB in the 2026-27 NFL season?,No,445.18,0.932,0.98,414.9092,436.2764,21.3671,5.1498,0xbb025ba0f346d8faed89d076a71691c0bbceda6e515a4727b42d7638b6ed6f71,73791367119677471567899641655818431651348155319968518838833740196370828329391,will-tyson-bagent-finish-as-a-top-5-qb-in-the-2026-27-nfl-season
19,ndb1,0xfea31bc088000ff909be1dfd8d0e3f2c7ef2d227,Will Dustin Hopkins finish as a top-5 K in the 2026-27 NFL season?,No,430.11,0.982,0.994,422.3889,427.5293,5.1403,1.2169,0x5a129fee722e8e4565a3f44368a901fa3f7ef3d42969aaa89b4c98431f329539,88212397709416291062282389263534409584395381519852402474109243015564451140816,will-dustin-hopkins-finish-as-a-top-5-k-in-the-2026-27-nfl-season
19,ndb1,0xfea31bc088000ff909be1dfd8d0e3f2c7ef2d227,"Will Daniel Jones be the first QB to 2,000 passing yards in the 2026-27 NFL regular season?",No,432.69,0.9447,0.978,408.7948,423.1708,14.3759,3.5166,0x99a6bfc570baf720c704dba395d8c667c39becd425c0420adcad6b81a06bbbdc,89659713664835603456187334150365786018033406236582309878894879649789884441659,daniel-jones-first-to-2000-passing-yards-2026-27
19,ndb1,0xfea31bc088000ff909be1dfd8d0e3f2c7ef2d227,"Will Omarion Hampton be the first RB to 1,000 rushing yards in the 2026-27 NFL regular season?",No,421.5,0.9577,0.9925,403.6928,418.3387,14.6458,3.6279,0xca3b6f924e57eb4601a34f3f8d1668278aa3ecbdc09851d7d303b06f9bd748c8,8605931489903138371381120158267429780528137269993848594888932185600668310265,omarion-hampton-first-to-1000-rushing-yards-2026-27
19,ndb1,0xfea31bc088000ff909be1dfd8d0e3f2c7ef2d227,Will Jeremiyah Love win the 2026 NFL Offensive Rookie of the Year award for the 2026-27 NFL season?,No,678.3375,0.7138,0.615,484.2118,417.1775,-67.0343,-13.844,0xa54653f4ede768fbea4e54f86825998b73f63b92f67349a147dccbbcca2fbc55,91402613180863507995591918658119103278458326559304621503941101749808379492303,will-jeremiyah-love-win-the-2026-nfl-offensive-rookie-of-the-year-award-for-the-2026-27-nfl-season-20260716005217961
19,ndb1,0xfea31bc088000ff909be1dfd8d0e3f2c7ef2d227,Will Miami (FL) have an undefeated CFB regular season?,No,558.1881,0.7719,0.735,430.8766,410.2683,-20.6083,-4.7828,0x939a714f56a0b848f570878a5bace1d6058abe849cc4f22044010f19dee45977,67048970844937625452251523072455679339306650011193932635170187355424392950710,will-miami-fl-have-an-undefeated-cfb-regular-season-20260804202438629
19,ndb1,0xfea31bc088000ff909be1dfd8d0e3f2c7ef2d227,Will Graham Gano finish as a top-12 K in the 2026-27 NFL season?,No,413.67,0.9629,0.98,398.3297,405.3966,7.0668,1.7741,0xdfd1262e588d751c56ae44d85f106ef740491cd6f95e01aa752775c0ab7907f7,71605744913276469939098847710198459416548066686235037870887100040101727456572,will-graham-gano-finish-as-a-top-12-k-in-the-2026-27-nfl-season
19,ndb1,0xfea31bc088000ff909be1dfd8d0e3f2c7ef2d227,Will Andrei Vasilevskiy record 4+ shutouts?,Yes,628.8,0.0799,0.64,50.3033,402.432,352.1286,700.0098,0x0fdf6f74117cb248f8bc13913b626e994005c6903be8895a188cde17a594f58e,100023644978849864736394777772111322511715272426033838407304443930625613159386,will-andrei-vasilevskiy-record-4-shutouts
19,ndb1,0xfea31bc088000ff909be1dfd8d0e3f2c7ef2d227,Will Ararat-Armenia finish top 8 in UEL league phase?,No,409.7,0.8885,0.978,364.0327,400.6866,36.6538,10.0688,0xa02ac3b32b55b08eadfe7055444419d9f8b8c39cd7280bef3da2338654f53e66,23882974700867079568357107306668823009891998808703245019037514204665367456641,will-ararat-armenia-finish-top-8-in-uel-league-phase
19,ndb1,0xfea31bc088000ff909be1dfd8d0e3f2c7ef2d227,Will Justin Fields finish as a top-5 QB in the 2026-27 NFL season?,No,403.47,0.9748,0.991,393.3054,399.8387,6.5332,1.6611,0x6863d0458d056bfbf97efe6e76937e7813244645c9dd502fe912709d509f6cb1,31956809990918193537241150965527422992271122910631584283485416897051694276480,will-justin-fields-finish-as-a-top-5-qb-in-the-2026-27-nfl-season
19,ndb1,0xfea31bc088000ff909be1dfd8d0e3f2c7ef2d227,"Will Mike Evans be the first WR to 1,000 receiving yards in the 2026-27 NFL regular season?",No,403.62,0.9428,0.9835,380.5707,396.9602,16.3894,4.3065,0x5cd2104457085d42e411fd493adf350c39147c8ea7663b8c060da580459a5f34,65456602170922850178646281655988632063593419469086936623390001162361244031728,mike-evans-first-to-1000-receiving-yards-2026-27
19,ndb1,0xfea31bc088000ff909be1dfd8d0e3f2c7ef2d227,"Will Trevor Lawrence be the first QB to 2,000 passing yards in the 2026-27 NFL regular season?",No,407.5,0.9309,0.969,379.3748,394.8675,15.4926,4.0837,0x95eeb5a6b75b0e8e3a1592fbf231482f8ca08636d6e1ba8b1feb23a526911e8c,14556202274023307081271586303708646658266160927517671498347207918997066872048,trevor-lawrence-first-to-2000-passing-yards-2026-27
19,ndb1,0xfea31bc088000ff909be1dfd8d0e3f2c7ef2d227,"Will Ladd McConkey be the first WR to 1,000 receiving yards in the 2026-27 NFL regular season?",No,399.5,0.9439,0.9825,377.0897,392.5087,15.4189,4.0889,0xf811be53af16b4e8d3c1690b3f5d39b22d95fdf03995d0422cd1ed42e748cb28,30562829471920950535126443114504645203170295704850282522057103734910535401229,ladd-mcconkey-first-to-1000-receiving-yards-2026-27
19,ndb1,0xfea31bc088000ff909be1dfd8d0e3f2c7ef2d227,Will CeeDee Lamb finish as a top-12 WR in the 2026-27 NFL season?,Yes,500.0,0.84,0.78,420.0,390.0,-30.0,-7.1428,0x7302537453463354987a2a87d6191d43dbda8f45daf846705cbf6ea88aa1a4b6,27787997098794978254996657233194370003230783285160528896619757138564449288290,will-ceedee-lamb-finish-as-a-top-12-wr-in-the-2026-27-nfl-season
19,ndb1,0xfea31bc088000ff909be1dfd8d0e3f2c7ef2d227,Will Cameroon win AFCON 2027 qualifying Group G?,Yes,438.76,0.61,0.88,267.6436,386.1088,118.4652,44.2622,0x540c529ff1c58ce47b54c2e6023bca145a27c6f0ed20e1c9eccca1d2211699af,42356536138227199751261692147897962598039111769585623552995154768152353216596,will-cameroon-win-afcon-2027-qualifying-group-g
19,ndb1,0xfea31bc088000ff909be1dfd8d0e3f2c7ef2d227,Will Omarion Hampton have 949.5+ rushing yards in the 2026-27 NFL regular season?,No,1000.0,0.5,0.385,500.0,385.0,-115.0,-23.0,0xc0134655834be167d957dc6b1b9ebe75bef070fdf88fe2c98db68ed5552131b6,62266047660681896870759828728174838076148633518295655455394047226972856067904,omarion-hampton-949pt5-rushing-yards-2026-27
19,ndb1,0xfea31bc088000ff909be1dfd8d0e3f2c7ef2d227,"Will Kirk Cousins be the first QB to 2,000 passing yards in the 2026-27 NFL regular season?",No,409.8,0.8558,0.932,350.7356,381.9336,31.198,8.895,0x5642906b2f0b26f9759a766a66c7eeabc778539e2910b078afae18fd3ab335f8,57243230376811285021834650868289297379682372498136290963794824811861684345657,kirk-cousins-first-to-2000-passing-yards-2026-27
19,ndb1,0xfea31bc088000ff909be1dfd8d0e3f2c7ef2d227,Will Kenny Gainwell finish as a top-5 RB in the 2026-27 NFL season?,No,390.48,0.9443,0.9725,368.7458,379.7418,10.9959,2.9819,0x06e98f6d4af407476ed49995d2effbe238c8d21f278373f8023f9770a5adfd36,103188395086707204065593331921106559842388319143013534348285283508554584203129,will-kenny-gainwell-finish-as-a-top-5-rb-in-the-2026-27-nfl-season
19,ndb1,0xfea31bc088000ff909be1dfd8d0e3f2c7ef2d227,"Will DK Metcalf be the first WR to 1,000 receiving yards in the 2026-27 NFL regular season?",No,383.23,0.953,0.9895,365.232,379.206,13.9739,3.826,0xa95a404ca4ee5dddb6f8a80ff3ddfd76ffac7040391de89384ebc08b17c309f2,99549296449024260983583744497412929247101666927885893886822745596835801270018,dk-metcalf-first-to-1000-receiving-yards-2026-27
19,ndb1,0xfea31bc088000ff909be1dfd8d0e3f2c7ef2d227,"Will David Montgomery be the first RB to 1,000 rushing yards in the 2026-27 NFL regular season?",No,382.63,0.9674,0.9865,370.1695,377.4644,7.2948,1.9706,0x43159a95107289679205d5e2fbaccbc1838517358cc07b3e6a04e2e782d901d3,20079331268060469257682144696970404484683642486084766502472292579339368847158,david-montgomery-first-to-1000-rushing-yards-2026-27
19,ndb1,0xfea31bc088000ff909be1dfd8d0e3f2c7ef2d227,"Will Tony Pollard be the first RB to 1,000 rushing yards in the 2026-27 NFL regular season?",No,381.1,0.9415,0.989,358.8256,376.9079,18.0822,5.0392,0xd03de8207801cc8a0376107df0f6a83ccb3cd311576372039f40f899e17292e7,105069971166074756685948265058756414777263726135785654283626535596641631160950,tony-pollard-first-to-1000-rushing-yards-2026-27
19,ndb1,0xfea31bc088000ff909be1dfd8d0e3f2c7ef2d227,"Will Breece Hall be the first RB to 1,000 rushing yards in the 2026-27 NFL regular season?",No,387.64,0.9589,0.965,371.7285,374.0726,2.344,0.6305,0x10322c786afeeed1af96f254d15865f3f63c74d11ed26e5c52eb395f5a1673ce,5410508968315456132454264940449320333848846148907489004139244159535980247862,breece-hall-first-to-1000-rushing-yards-2026-27
19,ndb1,0xfea31bc088000ff909be1dfd8d0e3f2c7ef2d227,Will Carson Beck finish as a top-12 QB in the 2026-27 NFL season?,No,382.49,0.9326,0.976,356.7106,373.3102,16.5995,4.6534,0xd2f0a86ec35a5c634ffbb9c73e4094ce5ec63be81c287c919e466414c00a53ff,33468157973161746498726675440060936302850699361244277890388096326725066289948,will-carson-beck-finish-as-a-top-12-qb-in-the-2026-27-nfl-season
19,ndb1,0xfea31bc088000ff909be1dfd8d0e3f2c7ef2d227,"Will Ashton Jeanty be the first RB to 1,000 rushing yards in the 2026-27 NFL regular season?",No,382.0,0.9232,0.976,352.6998,372.832,20.1321,5.7079,0x74e554b2d807df3ef0007376c2f57bc3a31ed2deb040dcde8cc1d44e9d863524,112720318726136754690929497678466643770993345588231803979995558611900935164463,ashton-jeanty-first-to-1000-rushing-yards-2026-27
19,ndb1,0xfea31bc088000ff909be1dfd8d0e3f2c7ef2d227,KBO: Hanwha Eagles vs. NC Dinos,Hanwha Eagles,756.9315,0.3969,0.49,300.4687,370.8964,70.4276,23.4392,0xd223ca20e627cf9097e40cf8839403a82a924a3b29ff946afe196858123e2c0e,4447427858715790960222856041829867421647683691911930067337837706379286932273,kbo-han-nc-2026-05-26
19,ndb1,0xfea31bc088000ff909be1dfd8d0e3f2c7ef2d227,Will the Republican Party win the IL-16 House seat?,Yes,390.0,0.951,0.951,370.9195,370.89,-0.0295,-0.0079,0x1330f38f1a4bd3c3391a78b6274db4975be339a08bfb5dede08a5f87a599718f,101157075147511097853940742010795157466595622255474293929156218032196347777187,will-the-republican-party-win-the-il-16-house-seat
19,ndb1,0xfea31bc088000ff909be1dfd8d0e3f2c7ef2d227,"Will Josh Downs be the first WR to 1,000 receiving yards in the 2026-27 NFL regular season?",No,374.82,0.9532,0.9885,357.31,370.5095,13.1994,3.6941,0x5b8d066c01641b8a3cd8fe11c5cb73db5afbdfbbbe582fb94c3807befd60b73f,82128089466243527048009561249653882225921324894796343384280800634143947966467,josh-downs-first-to-1000-receiving-yards-2026-27
19,ndb1,0xfea31bc088000ff909be1dfd8d0e3f2c7ef2d227,Will Joe Flacco finish as a top-5 QB in the 2026-27 NFL season?,No,373.07,0.9819,0.9925,366.343,370.2719,3.9288,1.0724,0x706661ca24cf53fdd9bf73128af45f00b487bf2a9ed56e5aa87f57224bdccd23,59217154996254713254503813189613824953699925079627909553293981829111405435235,will-joe-flacco-finish-as-a-top-5-qb-in-the-2026-27-nfl-season
19,ndb1,0xfea31bc088000ff909be1dfd8d0e3f2c7ef2d227,Will the Golden State Warriors make the 2027 NBA Playoffs?,Yes,747.63,0.4839,0.49,361.8222,366.3387,4.5164,1.2482,0x05a291e83bd22cd3271b46fd8b90de55d55620393a6a4d95302e67c102365571,64972463308051287616882973691144367270410536316692257389415151705782148275969,will-the-golden-state-warriors-make-the-2027-nba-playoffs-20260708210742382
19,ndb1,0xfea31bc088000ff909be1dfd8d0e3f2c7ef2d227,"Will Drake Maye be the first QB to 2,000 passing yards in the 2026-27 NFL regular season?",No,379.3,0.9431,0.963,357.7277,365.2659,7.5381,2.1072,0x6a7bbdb6fc33a2e473bf9278fca3396d30c43854d180d4bbd0f7b49ca2148e23,12064281794323092755125287251771135799450234709294937651220485124875974978743,drake-maye-first-to-2000-passing-yards-2026-27
19,ndb1,0xfea31bc088000ff909be1dfd8d0e3f2c7ef2d227,"Will Rashee Rice be the first WR to 1,000 receiving yards in the 2026-27 NFL regular season?",No,367.0,0.9527,0.989,349.6497,362.963,13.3132,3.8075,0xb4776f185664fea7ad60897542bf83f6a9520ac477a4df3006ec33b35251d65d,81331135856935102801554367802876566433619455660757483258543853558212275877382,rashee-rice-first-to-1000-receiving-yards-2026-27
19,ndb1,0xfea31bc088000ff909be1dfd8d0e3f2c7ef2d227,Will T.J. Watt win the 2026 NFL Defensive Player of the Year award for the 2026-27 NFL season?,No,383.6608,0.921,0.9445,353.3516,362.3677,9.016,2.5515,0x554323f46317345eb70c001e3a74012eda58c512a0557161f5b4185ff60d0936,111874705551156071919029080540259613866582319816669485026870126168616302261457,will-tptjpt-watt-win-the-2026-nfl-defensive-player-of-the-year-award-for-the-2026-27-nfl-season-20260716005216698
19,ndb1,0xfea31bc088000ff909be1dfd8d0e3f2c7ef2d227,"Will C.J. Stroud be the first QB to 2,000 passing yards in the 2026-27 NFL regular season?",No,360.0,0.9144,0.9835,329.1999,354.06,24.86,7.5516,0xc1d422c1e395d8b4c445cd08dee5aba8e0ee67889808d272f1696fd8bd968af7,114306139900049942047304004582475688153627860181944726086201996846075374697534,cj-stroud-first-to-2000-passing-yards-2026-27
19,ndb1,0xfea31bc088000ff909be1dfd8d0e3f2c7ef2d227,Will Celta Vigo finish top 8 in UEL league phase?,Yes,1043.44,0.2134,0.33,222.7187,344.3352,121.6164,54.6053,0x2f5dd6e71247146afd17022af9c9b739fef58fa71da6025d4a6733d54a9a6151,13579465840953741522451157794000749099243322938482504583894754536037097602841,will-celta-vigo-finish-top-8-in-uel-league-phase
19,ndb1,0xfea31bc088000ff909be1dfd8d0e3f2c7ef2d227,"Will Saquon Barkley be the first RB to 1,000 rushing yards in the 2026-27 NFL regular season?",No,350.22,0.9606,0.98,336.4413,343.2156,6.7742,2.0134,0x62835c4f97de29003658289bd4235ced95ea89a7361b88aea0f36ce040247211,5045433391266266683710130807275161760018718762793928329230150040548472815794,saquon-barkley-first-to-1000-rushing-yards-2026-27
19,ndb1,0xfea31bc088000ff909be1dfd8d0e3f2c7ef2d227,Will Sporting CP reach the 2027 UEFA Champions League Round of 16?,No,777.6274,0.49,0.435,381.0374,338.2679,-42.7695,-11.2244,0xd7c3288540c0cd944880812d0a2da1c307378381cb57daa3a1109658d6686f54,421955863730673204745572601444929545936477470766661934544189033838768927331,will-sporting-cp-reach-the-2027-uefa-champions-league-round-of-16
19,ndb1,0xfea31bc088000ff909be1dfd8d0e3f2c7ef2d227,Will Graham Gano finish as a top-5 K in the 2026-27 NFL season?,No,341.21,0.963,0.9835,328.6015,335.58,6.9784,2.1236,0xc718f3a80ee46500ab3bc09ddd5c2d27ddf9300b061cc09286c330f553d9c042,28654331325846693202548799910415271651948049346224355089737038571299861696462,will-graham-gano-finish-as-a-top-5-k-in-the-2026-27-nfl-season
19,ndb1,0xfea31bc088000ff909be1dfd8d0e3f2c7ef2d227,Will Justin Fields finish as a top-12 QB in the 2026-27 NFL season?,No,343.5,0.9521,0.967,327.0599,332.1645,5.1045,1.5607,0x8c53a52f2494501487187a0bcd120402f6780aab0f016d63a0f84e72f5227569,18886054651036504671087391225108461495794059914342561706816957514026022059856,will-justin-fields-finish-as-a-top-12-qb-in-the-2026-27-nfl-season
19,ndb1,0xfea31bc088000ff909be1dfd8d0e3f2c7ef2d227,Will Brett Maher finish as a top-5 K in the 2026-27 NFL season?,No,339.25,0.9629,0.979,326.6901,332.1257,5.4355,1.6638,0xc8c455b33c4e2c1e009df4f268694b2266653394cece52cd4667f018b4c978c0,2433009105361665388892133508234100381999662481935665615942311098168137668226,will-brett-maher-finish-as-a-top-5-k-in-the-2026-27-nfl-season
19,ndb1,0xfea31bc088000ff909be1dfd8d0e3f2c7ef2d227,"Will Nico Collins be the first WR to 1,000 receiving yards in the 2026-27 NFL regular season?",No,343.34,0.896,0.967,307.6418,332.0097,24.3678,7.9208,0x5a49876df4b97e2c52e94da3bfeba4ea4ba63b8e5ec79825bee7482743f9f694,11142342724151583620278344815392602691494940212973996156108364718698820243252,nico-collins-first-to-1000-receiving-yards-2026-27
19,ndb1,0xfea31bc088000ff909be1dfd8d0e3f2c7ef2d227,"Will D'Andre Swift be the first RB to 1,000 rushing yards in the 2026-27 NFL regular season?",No,336.08,0.9649,0.979,324.2855,329.0223,4.7367,1.4606,0x497d6d6e2374fd966fb7563647d0975e5b2fdc643b31318916e34db5f0aa35fc,88351630994250639443406618362520470335574397645434945248592785445912928662925,dandre-swift-first-to-1000-rushing-yards-2026-27
19,ndb1,0xfea31bc088000ff909be1dfd8d0e3f2c7ef2d227,Will Cameron Ward have 12.5+ passing touchdowns in the 2026-27 NFL regular season?,Yes,389.0,0.8,0.825,311.2,320.925,9.725,3.125,0xe74f08ca4e9e538420e6fc76aa37cfd5b347385f3e5aef003d977b9dfc46ab11,41227285874580900717130281743778458019650932488309851643781475509897397606368,cameron-ward-12pt5-passing-touchdowns-2026-27
19,ndb1,0xfea31bc088000ff909be1dfd8d0e3f2c7ef2d227,"Will Kenneth Gainwell be the first RB to 1,000 rushing yards in the 2026-27 NFL regular season?",No,322.52,0.9589,0.99,309.2662,319.2948,10.0285,3.2426,0xa47a487b57adb21bbfabd009a83aaaccf6f5a164a41f85747cda8e9da5b48950,46500740376874612987469365434474476432043898498635141365579749543364140720666,kenneth-gainwell-first-to-1000-rushing-yards-2026-27
19,ndb1,0xfea31bc088000ff909be1dfd8d0e3f2c7ef2d227,"Will Jameson Williams be the first WR to 1,000 receiving yards in the 2026-27 NFL regular season?",No,322.1,0.9474,0.989,305.1657,318.5569,13.3911,4.3881,0x0fdda61436787cb3ce03c104cc069b7c2df26b7b087e6e1711ca246b376c2536,48066262012022699888801772959555668703042013143141204458708228072897909012462,jameson-williams-first-to-1000-receiving-yards-2026-27
19,ndb1,0xfea31bc088000ff909be1dfd8d0e3f2c7ef2d227,"Will Rome Odunze be the first WR to 1,000 receiving yards in the 2026-27 NFL regular season?",No,320.17,0.9177,0.9945,293.8248,318.409,24.5841,8.3669,0x732c5035bb3bf14bef2675ee27ad950c643a7f3b52830c4958b5a7869bc384c4,24063075376071454955068304423406590029559521055022482614311382331204888458319,rome-odunze-first-to-1000-receiving-yards-2026-27
19,ndb1,0xfea31bc088000ff909be1dfd8d0e3f2c7ef2d227,Will Saquon Barkley have 699.5+ rushing yards in the 2026-27 NFL regular season?,Yes,400.0,0.77,0.795,308.0,318.0,10.0,3.2467,0x21388940c78e6c02c1700608a8bb1eb5f2b424626dece16df6521adde963d4a5,102481561557854016292987213860127118700950454522132409079086837707014439922485,saquon-barkley-699pt5-rushing-yards-2026-27
19,ndb1,0xfea31bc088000ff909be1dfd8d0e3f2c7ef2d227,"Will Chuba Hubbard be the first RB to 1,000 rushing yards in the 2026-27 NFL regular season?",No,321.58,0.9515,0.979,306.0139,314.8268,8.8128,2.8798,0xd0b220f9341b03d911cff9d16d2fd3d20f3443747b50077fba8238ce05f22aff,4123344412995486137138906175005834201215612908212346326876787725035315469732,chuba-hubbard-first-to-1000-rushing-yards-2026-27
19,ndb1,0xfea31bc088000ff909be1dfd8d0e3f2c7ef2d227,Will Real Betis reach the 2027 UEFA Champions League Round of 16?,No,603.7945,0.53,0.515,320.0111,310.9542,-9.0569,-2.8301,0x7bc431489100b03c214ee444a61b11669ff2e4e9ce29ebb3f7383548745bea37,9486702168021744367347507464407314245224859985510404133674670956196047503418,will-real-betis-reach-the-2027-uefa-champions-league-round-of-16
19,ndb1,0xfea31bc088000ff909be1dfd8d0e3f2c7ef2d227,Will the Browns win the season series against the Ravens during the 2026-27 NFL regular season?,No,315.99,0.8584,0.9815,271.2771,310.1441,38.8669,14.3273,0xcccc124dacaec50212e6ee517c48edb469716d84b6d5fb3481f6fbd0609151fc,86809355848596507599577674246155685261647880596381995323617447673995430101416,will-the-browns-win-the-season-series-against-the-ravens-during-the-2026-27-nfl-regular-season-20260717194026109
19,ndb1,0xfea31bc088000ff909be1dfd8d0e3f2c7ef2d227,KBO: LG Twins vs. NC Dinos,LG Twins,585.99,0.5,0.515,292.995,301.7848,8.7898,2.9999,0x9ba67df80d30089545d01dc7b5d393c44d9a8569a39e6e1b57a6164d22bdeb32,74976443312161872685034435340784481928085151264349676805333732469233089502708,kbo-lg-nc-2026-04-09
19,ndb1,0xfea31bc088000ff909be1dfd8d0e3f2c7ef2d227,Will Courtland Sutton have 374.5+ receiving yards in the 2026-27 NFL regular season?,No,1000.0,0.19,0.3,190.0,300.0,110.0,57.8947,0x6be5415ecc67093f4eb628926b23befd66ff38e68b07636b19f95e42108afbac,11127763849869609009723263641416039688304238038477886474476459986511357885536,courtland-sutton-374pt5-receiving-yards-2026-27
19,ndb1,0xfea31bc088000ff909be1dfd8d0e3f2c7ef2d227,"Will Jakobi Meyers be the first WR to 1,000 receiving yards in the 2026-27 NFL regular season?",No,301.4,0.9479,0.9895,285.7058,298.2353,12.5294,4.3854,0x01a7a546758bc718b283ccaa52dbac7af9dff8b57db0a2cc46d542abfdff27e6,62209933183244531679114060286982459193568131313322096805230404121097569535816,jakobi-meyers-first-to-1000-receiving-yards-2026-27
19,ndb1,0xfea31bc088000ff909be1dfd8d0e3f2c7ef2d227,Will Ashton Jeanty have 5.5+ rushing touchdowns in the 2026-27 NFL regular season?,Yes,500.0,0.6,0.595,300.0,297.5,-2.5,-0.8333,0xe27170023ddba48a2933eef91fee91a4ef9966c208ffdfbeeda923d31a9fdaf9,9406921433696524012437693052295332734910542809481782898551199691509875187708,ashton-jeanty-5pt5-rushing-touchdowns-2026-27
19,ndb1,0xfea31bc088000ff909be1dfd8d0e3f2c7ef2d227,Will Tyson Bagent finish as a top-12 QB in the 2026-27 NFL season?,No,302.3,0.928,0.98,280.5417,296.254,15.7122,5.6006,0x6e9ab6d8ea829e61db9dd0bca5dcad315c9009e4ccb2b83d7e28a293bc256a36,67702440965692334543861596250202300438063561840505196181044949979295542183018,will-tyson-bagent-finish-as-a-top-12-qb-in-the-2026-27-nfl-season
19,ndb1,0xfea31bc088000ff909be1dfd8d0e3f2c7ef2d227,Will Omarion Hampton have 7.5+ rushing touchdowns in the 2026-27 NFL regular season?,No,1000.0,0.48,0.295,480.0,295.0,-185.0,-38.5416,0x2d3b02f2b534f409e3e2e565cec96e287e6999163e27be35781fbc879f37af82,2485324658248714967470793531553150694892161263520614846349161373134339635177,omarion-hampton-7pt5-rushing-touchdowns-2026-27
19,ndb1,0xfea31bc088000ff909be1dfd8d0e3f2c7ef2d227,Will Jaylen Waddle have 674.5+ receiving yards in the 2026-27 NFL regular season?,No,999.98,0.28,0.295,279.9944,294.9941,14.9997,5.3571,0x14fe0ae074a3b9c17b9357cac3c1e7041fc546fd2e456bb39142321cba440715,50525464885722728594643252499744970585306600834680801011996492314196324797044,jaylen-waddle-674pt5-receiving-yards-2026-27
19,ndb1,0xfea31bc088000ff909be1dfd8d0e3f2c7ef2d227,Will Tank Bigsby finish as a top-5 RB in the 2026-27 NFL season?,No,298.86,0.9614,0.9775,287.3423,292.1356,4.7932,1.6681,0x9a1f3a147b780678511502990e302509b67a6f2590abcc70697c9af196f8abb6,51085266013450156903225639499556773687551177501648028511015120671217572750375,will-tank-bigsby-finish-as-a-top-5-rb-in-the-2026-27-nfl-season
19,ndb1,0xfea31bc088000ff909be1dfd8d0e3f2c7ef2d227,Will Tommy DeVito finish as a top-12 QB in the 2026-27 NFL season?,No,295.8,0.9478,0.9835,280.3679,290.9193,10.5513,3.7633,0x62e1bd7331b18c896ebe446f33d71e31ad40afa709976c91d1510bbb7fba8e1d,10068253706892060573747771471694745664395436424974179598844053074350024967449,will-tommy-devito-finish-as-a-top-12-qb-in-the-2026-27-nfl-season
19,ndb1,0xfea31bc088000ff909be1dfd8d0e3f2c7ef2d227,Will Zay Flowers have 774.5+ receiving yards in the 2026-27 NFL regular season?,No,999.98,0.27,0.29,269.9946,289.9942,19.9996,7.4074,0xbe0e7f23c0b6f9f1b86ede1344a22452d27859870da6abc0b9c9f0b184edc1fb,41266356616244958759216981891575678226927147516501301251409628667000137483223,zay-flowers-774pt5-receiving-yards-2026-27
19,ndb1,0xfea31bc088000ff909be1dfd8d0e3f2c7ef2d227,"Will Travis Etienne Jr. be the first RB to 1,000 rushing yards in the 2026-27 NFL regular season?",No,291.5,0.9628,0.9925,280.6718,289.3137,8.6418,3.0789,0x4dd185d5092d5a2417f9af0b021f9b54ee3e1ebab60a4de163547f90fbaef696,39794960919110895406570027066642157037698042097604395929005711051614214315296,travis-etienne-jr-first-to-1000-rushing-yards-2026-27
19,ndb1,0xfea31bc088000ff909be1dfd8d0e3f2c7ef2d227,Will the Senate pass the Clarity Act by October 9?,No,293.59,0.957,0.9835,280.9656,288.7457,7.78,2.769,0x870f7ad78708c052d81b16059af694e1a1cfc94b328dfd8703e62f922e7efca3,2230894616971076141428757768312885361580942746088989036185102234622024334391,will-the-senate-pass-the-clarity-act-by-october-9
19,ndb1,0xfea31bc088000ff909be1dfd8d0e3f2c7ef2d227,"Will Jeremiyah Love be the first RB to 1,000 rushing yards in the 2026-27 NFL regular season?",No,296.03,0.9624,0.9735,284.91,288.1852,3.2751,1.1495,0x8b00501d7da7734ec3f459ad83e2167aa3a91a1bd354d2d05a0a1efc1d9bd77c,22629340493513499942888750830393192009059154056971817921449436609425040009400,jeremiyah-love-first-to-1000-rushing-yards-2026-27
19,ndb1,0xfea31bc088000ff909be1dfd8d0e3f2c7ef2d227,"Will Kyren Williams be the first RB to 1,000 rushing yards in the 2026-27 NFL regular season?",No,311.0,0.8806,0.925,273.8798,287.675,13.7951,5.0369,0x4c4600384bacfb73f4ef77f07b4886f28a20c736ade992752f871875a8bdd9fd,17338379198317998264342533431547078483256404892955275140437422724053198737790,kyren-williams-first-to-1000-rushing-yards-2026-27
19,ndb1,0xfea31bc088000ff909be1dfd8d0e3f2c7ef2d227,Will Justin Herbert have 27.5+ passing touchdowns in the 2026-27 NFL regular season?,No,500.0,0.62,0.575,310.0,287.5,-22.5,-7.258,0x928de7af6980f2a5da34a0b0437e8e2b064a361d56cbd61d2a2a349b26b28e64,86161275677362146523884729285254087194269406720346597621561776557698327854096,justin-herbert-27pt5-passing-touchdowns-2026-27
19,ndb1,0xfea31bc088000ff909be1dfd8d0e3f2c7ef2d227,Will A.J. Brown finish as a top-5 FLEX in the 2026-27 NFL season?,No,286.9,0.9599,0.994,275.4237,285.1786,9.7548,3.5417,0x3bf922264135c522aa25bdcb2fd0aaea4f59b747a05f63d17b9a993ae7616ebb,5845232177755563821368027078616991297202661539950624987889871900130375460264,will-aptjpt-brown-finish-as-a-top-5-flex-in-the-2026-27-nfl-season
19,ndb1,0xfea31bc088000ff909be1dfd8d0e3f2c7ef2d227,Will the Fed Hike–Pause–Pause in the next three decisions (Sep–Oct–Dec)?,Yes,1722.88,0.17,0.165,292.8896,284.2752,-8.6144,-2.9411,0x0803a58234321c233638a03d046447ed6915a5b94ca2e5ff01b215fd2ada868b,9720646829681455297823220431941113273278912758358369078729260586520528831479,will-the-fed-hikepausepause-in-the-next-three-decisions-sepoctdec
19,ndb1,0xfea31bc088000ff909be1dfd8d0e3f2c7ef2d227,"Will Michael Penix Jr. be the first QB to 2,000 passing yards in the 2026-27 NFL regular season?",No,288.35,0.9493,0.985,273.754,284.0247,10.2706,3.7517,0x27aadb693e0b2136057b7a24748348c6b63b4c64fbc0e649a4445535f723832e,78915383108348498420440804137167588565048572842568719434759711718487149414019,michael-penix-jr-first-to-2000-passing-yards-2026-27
19,ndb1,0xfea31bc088000ff909be1dfd8d0e3f2c7ef2d227,Will Matt Prater finish as a top-12 K in the 2026-27 NFL season?,No,298.46,0.9557,0.9475,285.2429,282.7908,-2.4521,-0.8596,0xf0d357bcccc92513cb3e9a5212097c9d74f21802f24cd208c4ea77fe36f272c6,78008901674071689163635240970011646780788208766841493260044800048666561631327,will-matt-prater-finish-as-a-top-12-k-in-the-2026-27-nfl-season
19,ndb1,0xfea31bc088000ff909be1dfd8d0e3f2c7ef2d227,"Will Chase Brown be the first RB to 1,000 rushing yards in the 2026-27 NFL regular season?",No,293.0,0.882,0.955,258.4397,279.815,21.3752,8.2708,0x02484888759884c6736d56fd633c4ad37870c0ee907ac55480486eb50229cbd1,88390534448961748056425140682449368408525857776809811777232295317558618392604,chase-brown-first-to-1000-rushing-yards-2026-27
19,ndb1,0xfea31bc088000ff909be1dfd8d0e3f2c7ef2d227,Will Zane Gonzalez finish as a top-5 K in the 2026-27 NFL season?,No,285.74,0.9517,0.977,271.9629,279.1679,7.2049,2.6492,0xc981c76f74307ff2bea2589ec2054f38ea1bbb9b9178a8e5895a974662b57f5c,103499977755475925133193467210678219581015143579346463814146000836539066368102,will-zane-gonzalez-finish-as-a-top-5-k-in-the-2026-27-nfl-season
19,ndb1,0xfea31bc088000ff909be1dfd8d0e3f2c7ef2d227,"Will Michael Wilson be the first WR to 1,000 receiving yards in the 2026-27 NFL regular season?",No,276.6,0.9469,0.993,261.9359,274.6638,12.7278,4.8591,0xfd4c3c4e6ee09a4ba6d50d723199b573f44616218224a2bfbc61e425feaf41ea,69210895560452538802417545457787048307312995541149544490313686106800915661787,michael-wilson-first-to-1000-receiving-yards-2026-27
19,ndb1,0xfea31bc088000ff909be1dfd8d0e3f2c7ef2d227,Will Aston Villa finish in the top 6 of the 2026-27 English Premier League season?,No,346.84,0.7599,0.79,263.598,274.0036,10.4055,3.9474,0xd0ee7c69ad14eee3d75632734939cfc549f73eab9404e01fc4bdd01b09f8b5ed,51059059284574723131468826197241725485051704923428159324066273203760234358703,will-aston-villa-finish-in-the-top-6-of-the-2026-27-english-premier-league-season
19,ndb1,0xfea31bc088000ff909be1dfd8d0e3f2c7ef2d227,Will the season series between the Cardinals and Seahawks end in a tie during the 2026-27 NFL regular season?,Yes,519.72,0.2498,0.527,129.8775,273.8924,144.0148,110.885,0xc5a9c248a721daf4388601614c1ea888a2fdba613153538658ec33becd2d4dce,104360496204393276382230204836965913456953897304899630554044300421778727868048,will-the-season-series-between-the-cardinals-and-seahawks-end-in-a-tie-during-the-2026-27-nfl-regular-season-20260717194043478
19,ndb1,0xfea31bc088000ff909be1dfd8d0e3f2c7ef2d227,"Will Joe Burrow be the first QB to 2,000 passing yards in the 2026-27 NFL regular season?",No,281.0,0.9243,0.9705,259.7399,272.7105,12.9705,4.9936,0xe7d85db0bbd554f7ae589ad1d257008c30814beead61cb659610a7c0a1db1817,82241834814848971227680321116918031213705655620417746526064568120813887880707,joe-burrow-first-to-2000-passing-yards-2026-27
19,ndb1,0xfea31bc088000ff909be1dfd8d0e3f2c7ef2d227,Will Kyren Williams have 10+ receiving touchdowns in the 2026-27 NFL regular season?,No,272.0,0.94,0.998,255.68,271.456,15.776,6.1702,0xe9925d5fc2e0e48414c5a26ff69dd483726494984ee38884e1ca57f8cd872f23,35625928067391962599865117567500985788728548017830903421766375319211399733743,kyren-williams-10-receiving-touchdowns-2026-27
19,ndb1,0xfea31bc088000ff909be1dfd8d0e3f2c7ef2d227,Will Woody Marks finish as a top-5 RB in the 2026-27 NFL season?,No,271.0,0.9462,0.989,256.4399,268.019,11.579,4.5152,0x9ec75d77522af79ad10e1137081af484156f04a47c74a9c9b409247c88449cbc,32073796909165974695994628596654419702062875138748520361555938503082292294249,will-woody-marks-finish-as-a-top-5-rb-in-the-2026-27-nfl-season
19,ndb1,0xfea31bc088000ff909be1dfd8d0e3f2c7ef2d227,Will Jalen Hurts have 599.5+ rushing yards in the 2026-27 NFL regular season?,No,375.0,0.6589,0.7,247.1096,262.5,15.3903,6.2281,0x746914b62b087f111f5008aec941262db6c1ea04e9b6e502292ce046de4a3980,77761888553293114069660102957845756332903722819520856855552373166005553733269,jalen-hurts-599pt5-rushing-yards-2026-27
19,ndb1,0xfea31bc088000ff909be1dfd8d0e3f2c7ef2d227,Will Morocco win AFCON 2027?,No,403.94,0.5788,0.645,233.8124,260.5413,26.7288,11.4317,0x96257fcb6274a5e604a1bd353b59d6d375ac3084a46f303bda44582905739e54,85650931355366522662238473696281914691473195953224685947667311190554904862398,will-morocco-win-afcon-2027
19,ndb1,0xfea31bc088000ff909be1dfd8d0e3f2c7ef2d227,Will Miami Hurricanes Win the 2026 ACC Championship?,No,895.76,0.3816,0.29,341.8264,259.7704,-82.056,-24.0051,0x2cb48aabfbe7aa4a5316c3dc42b668a9814c4e82318fc9bba5612200b5b9a442,30245493360106022417976206303415650785026255844148699519865739981204105518017,will-miami-hurricanes-win-the-2026-acc-championship-20260731203241261
19,ndb1,0xfea31bc088000ff909be1dfd8d0e3f2c7ef2d227,"Will Christian Watson be the first WR to 1,000 receiving yards in the 2026-27 NFL regular season?",No,268.99,0.9239,0.962,248.5203,258.7683,10.2479,4.1235,0xa55cc4466bf3df976fb07f6260e4c6e1a35658d2e71f5959d060bda55100d6a8,40217484395396432056997037970925032814776261474349929895817192906874046696750,christian-watson-first-to-1000-receiving-yards-2026-27
19,ndb1,0xfea31bc088000ff909be1dfd8d0e3f2c7ef2d227,"Will Jordan Love be the first QB to 2,000 passing yards in the 2026-27 NFL regular season?",No,277.59,0.8835,0.93,245.2509,258.1587,12.9077,5.263,0x7f752aeeffbbf782b931f41ea8d573d2f3640b6588b21ca5b9c9d0a94c564430,80755219722143312439065318652113892548782157551366084238477318304213840877158,jordan-love-first-to-2000-passing-yards-2026-27
19,ndb1,0xfea31bc088000ff909be1dfd8d0e3f2c7ef2d227,"Will Javonte Williams be the first RB to 1,000 rushing yards in the 2026-27 NFL regular season?",No,263.42,0.959,0.9765,252.6454,257.2296,4.5841,1.8144,0xf3fbae976a51d7adfbf1b6d62373ca4c53bcc180e572a9611fb132b66f17878c,86484377436836394603282284487646336660357104513456107309851130066758512336788,javonte-williams-first-to-1000-rushing-yards-2026-27
19,ndb1,0xfea31bc088000ff909be1dfd8d0e3f2c7ef2d227,"Will Justin Herbert be the first QB to 2,000 passing yards in the 2026-27 NFL regular season?",No,253.6,0.95,0.9805,240.92,248.6548,7.7348,3.2105,0x14679ec7e5621554ee155811c3c8a3e7cf0d057d3c53139806ab18cb4f81dec7,29528507690589784702473566078677715631842892681966682361815793706441328636705,justin-herbert-first-to-2000-passing-yards-2026-27
19,ndb1,0xfea31bc088000ff909be1dfd8d0e3f2c7ef2d227,Republican House odds dip to 5% by October 31?,No,290.0,0.53,0.855,153.7,247.95,94.25,61.3207,0x13a3e12dd8cbecd31882d2a0841e3ab3670e5162841c4076d22288491654a4de,52613249174138921046514494349977996622384507292069626635741741376456794792618,republican-house-odds-dip-to-5-by-october-31
19,ndb1,0xfea31bc088000ff909be1dfd8d0e3f2c7ef2d227,Will Myles Garrett win the 2026 NFL Defensive Player of the Year award for the 2026-27 NFL season?,No,254.7362,0.78,0.9685,198.6942,246.712,48.0177,24.1666,0xdafad48f243342b1e9c04c670edd430f07fdb500f8d5b6a04d82cdfd06f4f54a,10083168894348588570686418977850705382685249568759937492727193424910263685440,will-myles-garrett-win-the-2026-nfl-defensive-player-of-the-year-award-for-the-2026-27-nfl-season-20260716005216694
19,ndb1,0xfea31bc088000ff909be1dfd8d0e3f2c7ef2d227,Will Michael Badgley finish as a top-5 K in the 2026-27 NFL season?,No,246.9,0.9667,0.994,238.6827,245.4186,6.7358,2.822,0xdecb3a67dfa49af218035a4032cb73f16345b4efee1af9ad6dd7fdf6d49dfd1d,81321265501354661918433007543356326119438307839549430883703291421524412366492,will-michael-badgley-finish-as-a-top-5-k-in-the-2026-27-nfl-season
19,ndb1,0xfea31bc088000ff909be1dfd8d0e3f2c7ef2d227,Will Shohei Ohtani win the 2026 National League Hank Aaron Award?,No,244.33,0.7636,0.9965,186.5857,243.4748,56.889,30.4894,0x127422dfe382bb2c4a4fbca3ca9ec1278fc1948e8874928508a54c94b00f14ac,73449341709170499371235376676254937987305429315329272392431201970261003885607,will-shohei-ohtani-win-the-2026-national-league-hank-aaron-award
19,ndb1,0xfea31bc088000ff909be1dfd8d0e3f2c7ef2d227,Will Ashton Jeanty have 7.5+ rushing touchdowns in the 2026-27 NFL regular season?,Yes,450.2553,0.45,0.53,202.6148,238.6353,36.0204,17.7777,0x7c2c16259da0c975d08c82b6f0e9573ad08d836b0ad76d6d6919a858ca8cea05,60922106435328024935825528874312839706887086191300842150649497636091649719505,ashton-jeanty-7pt5-rushing-touchdowns-2026-27
19,ndb1,0xfea31bc088000ff909be1dfd8d0e3f2c7ef2d227,"Will Jordan Love have 3,049.5+ passing yards in the 2026-27 NFL regular season?",Yes,278.0,0.76,0.855,211.28,237.69,26.41,12.5,0x79ba8bc1a3e2d30126f096980fa6491ed753ce51fa04c8cb025d9dc1dd908578,6729240843974384692390756226893058994856934002174750683122530644254047057133,jordan-love-3049pt5-passing-yards-2026-27
19,ndb1,0xfea31bc088000ff909be1dfd8d0e3f2c7ef2d227,Will Mac Jones finish as a top-5 QB in the 2026-27 NFL season?,No,239.1,0.9772,0.982,233.6583,234.7962,1.1378,0.4869,0x7f1dc6fe0dd73aa78c68d60f978ba0dd9b964d821021dbaea61147badda85aa5,83974173853814588537472945977985564339191316633742043760060001045880832260703,will-mac-jones-finish-as-a-top-5-qb-in-the-2026-27-nfl-season
19,ndb1,0xfea31bc088000ff909be1dfd8d0e3f2c7ef2d227,"Will Deshaun Watson be the first QB to 2,000 passing yards in the 2026-27 NFL regular season?",No,237.51,0.9323,0.979,221.4425,232.5222,11.0796,5.0033,0x25fceeba0a9b093ac2d73a6d9247d6b92c7360a3ca46055873328fbe8fb2589b,22263597094728367406362101070246211790672729314385506641740825975761258191687,deshaun-watson-first-to-2000-passing-yards-2026-27
19,ndb1,0xfea31bc088000ff909be1dfd8d0e3f2c7ef2d227,Will Jadarian Price have 549.5+ rushing yards in the 2026-27 NFL regular season?,No,470.0,0.33,0.485,155.1,227.95,72.85,46.9696,0x3b9a76f71d86b613273fefdceaffb6382dc36f7bf829145b28d18df92e3510eb,35814563491254426271311633243824531048461903234707570902026169796215637020087,jadarian-price-549pt5-rushing-yards-2026-27
19,ndb1,0xfea31bc088000ff909be1dfd8d0e3f2c7ef2d227,"Will Sam Darnold have 3,449.5+ passing yards in the 2026-27 NFL regular season?",No,500.0,0.57,0.45,285.0,225.0,-60.0,-21.0526,0x07bcc93c93c9f45d78da175dcea56b55d45018ada265dda6c32547eb9ca475f3,99244727513711299675064099500159956771443812635210607848431452108185075844013,sam-darnold-3449pt5-passing-yards-2026-27
19,ndb1,0xfea31bc088000ff909be1dfd8d0e3f2c7ef2d227,"Will Jayden Daniels be the first QB to 2,000 passing yards in the 2026-27 NFL regular season?",No,227.33,0.9574,0.9855,217.6554,224.0337,6.3782,2.9304,0x4e7f94e91daf67a8274577d7fea8b37d5a9ae2965b85f8f4cfc8b44a0a185501,26075074933680070250916610728694538962318461295230967563134823509477799214210,jayden-daniels-first-to-2000-passing-yards-2026-27
19,ndb1,0xfea31bc088000ff909be1dfd8d0e3f2c7ef2d227,Will Anders Carlson finish as a top-5 K in the 2026-27 NFL season?,No,224.65,0.9674,0.9945,217.3325,223.4144,6.0818,2.7983,0x55ba9cafeb3165a57748f65fcac10e60c3692102288c7f35ddba548c9c286aaa,104825900937011433385741504431460043235802967202750810641535719814251308009915,will-anders-carlson-finish-as-a-top-5-k-in-the-2026-27-nfl-season
19,ndb1,0xfea31bc088000ff909be1dfd8d0e3f2c7ef2d227,Will Celta Vigo reach the 2027 UEFA Europa League Round of 16?,Yes,500.0,0.66,0.44,330.0,220.0,-110.0,-33.3333,0x4803de6c427b842d57e1764659442ff19cefd11af619e52aabda24732ea7142e,100791977932763595994610701271631630835897351592503505825909723972704933916638,will-celta-vigo-reach-the-2027-uefa-europa-league-round-of-16
19,ndb1,0xfea31bc088000ff909be1dfd8d0e3f2c7ef2d227,Scorigami in Week 10 of the 2026-27 NFL season?,No,240.0,0.6333,0.91,151.9999,218.4,66.4001,43.6843,0xb93e7b8be80744e1e61dce0b654ca115b53a65db6d3e471837fe44086431d04a,6956746670410022268775390146181344874730682832417796734405386537666509618059,scorigami-in-week-10-of-the-2026-27-nfl-season
19,ndb1,0xfea31bc088000ff909be1dfd8d0e3f2c7ef2d227,Will Ashton Jeanty have 774.5+ rushing yards in the 2026-27 NFL regular season?,Yes,300.0,0.57,0.725,171.0,217.5,46.5,27.1929,0x3d4cc1d7ad824b5def8af598971c4044a5c45073199dc6c1870fce04914e5167,47286632208126496737508233341787421441867759006181968463118127214722825886082,ashton-jeanty-774pt5-rushing-yards-2026-27
19,ndb1,0xfea31bc088000ff909be1dfd8d0e3f2c7ef2d227,"Will Kyler Murray be the first QB to 2,000 passing yards in the 2026-27 NFL regular season?",No,216.79,0.9797,0.992,212.4002,215.0556,2.6553,1.2501,0x7dad12670c445467ff28abea47b22519ab455f112dd683e6a01375c66a422b42,16336634173390345283177901791703650266936096305588852655978434141079187670367,kyler-murray-first-to-2000-passing-yards-2026-27
19,ndb1,0xfea31bc088000ff909be1dfd8d0e3f2c7ef2d227,Will the New England Patriots make the 2027 NFL Playoffs?,No,399.1217,0.3533,0.536,141.0316,213.9292,72.8975,51.6887,0xfeaf50793f1d125964b36cad5c33127f779972a5b4e581c80332fe775df40f66,69253728610005282173733096448540583160797683009422891617423881679000391820191,will-the-new-england-patriots-make-the-2027-nfl-playoffs
19,ndb1,0xfea31bc088000ff909be1dfd8d0e3f2c7ef2d227,Will Manchester United reach the 2027 UEFA Champions League Round of 16?,Yes,362.1097,0.601,0.585,217.6493,211.8342,-5.8151,-2.6717,0x7e4ca95f5c116508bfbf87a3ce79d2032abeaa20ee8252da5e5b53a21a1a3c29,115044219346901523578356555990579087821523455465652386425034576061512662310285,will-manchester-united-reach-the-2027-uefa-champions-league-round-of-16
19,ndb1,0xfea31bc088000ff909be1dfd8d0e3f2c7ef2d227,Will Justin Tucker finish as a top-12 K in the 2026-27 NFL season?,No,218.46,0.959,0.969,209.5091,211.6877,2.1785,1.0398,0xc360888e1f2a65f03cbc8741f5f17cd828c8a87ce0c93b92ab3bdd3d336e4744,63204232983494470451854846783473462263217638090787971070660004745923839101791,will-justin-tucker-finish-as-a-top-12-k-in-the-2026-27-nfl-season
19,ndb1,0xfea31bc088000ff909be1dfd8d0e3f2c7ef2d227,Will the season series between the Bears and Lions end in a tie during the 2026-27 NFL regular season?,Yes,370.1562,0.452,0.565,167.3382,209.1382,41.7999,24.9792,0x362a2abf5ba2d2ebbab7cf382780e0d708578f20bc81fb44a6aff0f18d2075ce,19298910945505233735859501797163173978541099326282682911184573598058852615949,will-the-season-series-between-the-bears-and-lions-end-in-a-tie-during-the-2026-27-nfl-regular-season-20260717194037437
19,ndb1,0xfea31bc088000ff909be1dfd8d0e3f2c7ef2d227,"Will Bo Nix be the first QB to 2,000 passing yards in the 2026-27 NFL regular season?",No,220.0,0.8654,0.946,190.3998,208.12,17.7201,9.3067,0x26ad9fc4b0e4a748104b2ed2ff4f2f1f0877cff113d27617bce991aa85ed2294,102407446204727524145786132055851113832328603232476960096748082261258984929332,bo-nix-first-to-2000-passing-yards-2026-27
19,ndb1,0xfea31bc088000ff909be1dfd8d0e3f2c7ef2d227,Will De'Von Achane have 7.5+ rushing touchdowns in the 2026-27 NFL regular season?,No,214.3995,0.77,0.948,165.0876,203.2507,38.163,23.1168,0x6b69929223da41a3ae97b11fd7251202f9632455eee13bbd9449b699d5f60cd0,56045482850414839542721937514563886254607890308907895054584238448693759065496,devon-achane-7pt5-rushing-touchdowns-2026-27
19,ndb1,0xfea31bc088000ff909be1dfd8d0e3f2c7ef2d227,Will the San Francisco 49ers make the 2027 NFL Playoffs?,Yes,247.47,0.55,0.82,136.1085,202.9254,66.8169,49.0909,0xb331b9017ac0a9c144f7f05e544a36a84537df33b2699d6d385dee96578b9639,88337482970510237331360972686910791720925149051770668420414604809401162400530,will-the-san-francisco-49ers-make-the-2027-nfl-playoffs
19,ndb1,0xfea31bc088000ff909be1dfd8d0e3f2c7ef2d227,Will Jayden Daniels have 549.5+ rushing yards in the 2026-27 NFL regular season?,No,519.8315,0.48,0.39,249.5191,202.7342,-46.7849,-18.75,0xeff550403fcf062979c85ee9b9d9bd299334cc840a72611053723fdf160a6b4c,34228500991589163089215675546551963045174790530870499142002675155693097478659,jayden-daniels-549pt5-rushing-yards-2026-27
19,ndb1,0xfea31bc088000ff909be1dfd8d0e3f2c7ef2d227,Will Jalen Hurts have 399.5+ rushing yards in the 2026-27 NFL regular season?,No,500.0,0.43,0.405,215.0,202.5,-12.5,-5.8139,0xa8512ce3b61c6f3a11d95bad920a52fca71c34cfa7b201eeba016ed87d86828e,86397448903664151467725450051974287131570805395020132565205894461822539194494,jalen-hurts-399pt5-rushing-yards-2026-27
19,ndb1,0xfea31bc088000ff909be1dfd8d0e3f2c7ef2d227,Will the Colts win the season series against the Texans during the 2026-27 NFL regular season?,Yes,349.4,0.2212,0.5795,77.2915,202.4773,125.1857,161.9656,0x1bde28bedde2967d44398aee6e1d46af28f5070539690d0a5d87b60166d1d5e8,56791572929533221545389746829633493051437033850607934908077657548643670381911,will-the-colts-win-the-season-series-against-the-texans-during-the-2026-27-nfl-regular-season-20260717194028895
19,ndb1,0xfea31bc088000ff909be1dfd8d0e3f2c7ef2d227,"Will Michael Pittman Jr. be the first WR to 1,000 receiving yards in the 2026-27 NFL regular season?",No,203.1,0.9509,0.993,193.1449,201.6783,8.5333,4.418,0x1308dc71193a7d98d955062e014c3db01ce8b95a05b2c8a9f2db28a422357b3b,81725519182183221807940318880396700365718765646165592302086761802162880612019,michael-pittman-jr-first-to-1000-receiving-yards-2026-27
19,ndb1,0xfea31bc088000ff909be1dfd8d0e3f2c7ef2d227,Will Jordan Addison have 474.5+ receiving yards in the 2026-27 NFL regular season?,No,1000.0,0.24,0.2,240.0,200.0,-40.0,-16.6666,0x700101b4e5f971e8fd7c040cfb29e62629f36d6a3947c747f56675a78fbfdc9f,114108479691139801841985147193443941799082887849611265635965541953631761308303,jordan-addison-474pt5-receiving-yards-2026-27
19,ndb1,0xfea31bc088000ff909be1dfd8d0e3f2c7ef2d227,Will Drake Maye have 5.5+ rushing touchdowns in the 2026-27 NFL regular season?,No,238.98,0.71,0.825,169.6758,197.1585,27.4827,16.1971,0xb0a3b381701cf42566d0e1ce6fe4be5d383305cd7bf36134c6b838a7124afb5c,2531316979554505931889103680501334741872242255276998127525119006908840198897,drake-maye-5pt5-rushing-touchdowns-2026-27
19,ndb1,0xfea31bc088000ff909be1dfd8d0e3f2c7ef2d227,Will LSU Tigers Win the 2026 SEC Championship?,No,216.13,0.83,0.905,179.3879,195.5976,16.2097,9.0361,0xb6c2a24a1f58d79045ae84e64aa47ca9620b19f000f35e398cb56e1991cd0c93,68975095544840855135634282828490113336283876435013277961094153828520282529894,will-lsu-tigers-win-the-2026-sec-championship-20260731205008165
19,ndb1,0xfea31bc088000ff909be1dfd8d0e3f2c7ef2d227,"Will Geno Smith be the first QB to 2,000 passing yards in the 2026-27 NFL regular season?",No,202.0,0.94,0.966,189.88,195.132,5.252,2.7659,0x2a0a9dce7d8a3621994c143f1c7d9dcd16460db0335036175857d07820a5d491,16805744974186676434662833153050038027332326536277319128388982056396746419504,geno-smith-first-to-2000-passing-yards-2026-27
19,ndb1,0xfea31bc088000ff909be1dfd8d0e3f2c7ef2d227,"Will Tetairoa McMillan be the first WR to 1,000 receiving yards in the 2026-27 NFL regular season?",No,195.4,0.9738,0.993,190.2918,194.0322,3.7403,1.9655,0xc8666c052d32e5bf5ec2e2ae995bce14ea240818922ac54ca996a4970ee493f1,23899506666450615753397615176464953756109003774540333444286797352529157785289,tetairoa-mcmillan-first-to-1000-receiving-yards-2026-27
19,ndb1,0xfea31bc088000ff909be1dfd8d0e3f2c7ef2d227,"Will DeVonta Smith be the first WR to 1,000 receiving yards in the 2026-27 NFL regular season?",No,195.28,0.8897,0.988,173.7508,192.9366,19.1857,11.042,0xed285663782abc3b3697f96a431f2ed52f23e9835bcbc921f9b3bae9d8203d93,16907402369041230682176143537513703498693164662292526927393183089290965472325,devonta-smith-first-to-1000-receiving-yards-2026-27
19,ndb1,0xfea31bc088000ff909be1dfd8d0e3f2c7ef2d227,Will Jaxson Dart have 30+ passing touchdowns in the 2026-27 NFL regular season?,No,195.19,0.9212,0.9845,179.818,192.1645,12.3464,6.866,0xdf31418db4c773a471566d61365291ef5d29b5fb7145548d3e4526669f7caf7e,88223556316238922273531971178166242286682996800459194559588195454817878057443,jaxson-dart-30-passing-touchdowns-2026-27
19,ndb1,0xfea31bc088000ff909be1dfd8d0e3f2c7ef2d227,Will the Giants win the season series against the Eagles during the 2026-27 NFL regular season?,No,221.0,0.7344,0.86,162.3217,190.06,27.7382,17.0884,0x037f9f5bf66e90879d9e3c0324b9d0f5eb35d55856f7758a1eac7790bcc73e72,2292897625315037103281883241519482123520733616231683510663721963487675258827,will-the-giants-win-the-season-series-against-the-eagles-during-the-2026-27-nfl-regular-season-20260717194035938
19,ndb1,0xfea31bc088000ff909be1dfd8d0e3f2c7ef2d227,Will Cameron Ward have 18.5+ passing touchdowns in the 2026-27 NFL regular season?,No,346.1428,0.44,0.545,152.3028,188.6478,36.3449,23.8635,0x2711d23d939ff0e0a6a5f5dc7d999883c92c793987db33ac6dfaa513443ba689,114694854922662554404190056452338047258112461255921855579111834706400221693123,cameron-ward-18pt5-passing-touchdowns-2026-27
19,ndb1,0xfea31bc088000ff909be1dfd8d0e3f2c7ef2d227,Will Jadarian Price have 949.5+ rushing yards in the 2026-27 NFL regular season?,No,206.6066,0.76,0.91,157.021,188.012,30.9909,19.7367,0xffd429684bbb4e4942d8758bfcb5ab3b21b359eafaf0b2cfbe7477cca984d235,7741277369250826740294909793641671242301784999061538291776201725977813471038,jadarian-price-949pt5-rushing-yards-2026-27
19,ndb1,0xfea31bc088000ff909be1dfd8d0e3f2c7ef2d227,Will Michigan State have more than 4.5 wins during the 2026 CFB season?,U 4.5,300.1543,0.59,0.625,177.091,187.5964,10.5053,5.9321,0xfaa81b1bb157ce9961b2abbe706763dfff8bb721c7e66b55db308f2f59d0fde4,24757727008387424314076157069370484708121950883063635612500201601937315814550,will-michigan-state-have-more-than-4pt5-wins-during-the-2026-cfb-season-20260731193847047
19,ndb1,0xfea31bc088000ff909be1dfd8d0e3f2c7ef2d227,Will LSU have more than 8.5 wins during the 2026 CFB season?,Yes,294.3,0.4987,0.635,146.7794,186.8805,40.101,27.3205,0x0a662dc1413e9292e9fa4c2a63494deda93341f00c5eb4b358ca9d419fc82f1f,25433579088328632505516080853568634222317248298928000151254293627819177708096,will-lsu-have-more-than-8pt5-wins-during-the-2026-cfb-season-20260810194022886
19,ndb1,0xfea31bc088000ff909be1dfd8d0e3f2c7ef2d227,Will the Utah Jazz make the 2027 NBA Playoffs?,No,305.0,0.61,0.605,186.05,184.525,-1.525,-0.8196,0xa4081529861e09369aa61d622d488d7376a0cf14250deb90d5cc1dc3a5faeb94,15237823915011992778165073814876030474806782491222254739798977363335881364096,will-the-utah-jazz-make-the-2027-nba-playoffs-20260708210742401
19,ndb1,0xfea31bc088000ff909be1dfd8d0e3f2c7ef2d227,Will the Green Bay Packers have more than 12.5 wins during the 2026 NFL season?,No,186.22,0.9577,0.98,178.3611,182.4956,4.1344,2.3179,0x854585305372d1db2f443235afc52888863ab145ae915f3c8185914d80df08b0,19817151111506150506669355215076155379720660126718778236918451576965612511752,will-the-green-bay-packers-have-more-than-12pt5-wins-during-the-2026-nfl-season
19,ndb1,0xfea31bc088000ff909be1dfd8d0e3f2c7ef2d227,Will Matt Prater finish as a top-5 K in the 2026-27 NFL season?,No,186.69,0.9667,0.977,180.4791,182.3961,1.9169,1.0621,0x1936e314d951cc38f82a351e5b37e6d671acf2953e911e3a8b94436d70409579,105532792269243367543504149030793271368492109532356270739280072127307711039189,will-matt-prater-finish-as-a-top-5-k-in-the-2026-27-nfl-season
19,ndb1,0xfea31bc088000ff909be1dfd8d0e3f2c7ef2d227,"Will Zay Flowers be the first WR to 1,000 receiving yards in the 2026-27 NFL regular season?",No,188.1,0.962,0.966,180.9569,181.7046,0.7476,0.4131,0x73c31314edb86142e93fbbf7aaa47f45de8eeeba2e53a29f3c77306ebada9645,68848391175908786893561810357555973368923017697619003836441044042221509450512,zay-flowers-first-to-1000-receiving-yards-2026-27
19,ndb1,0xfea31bc088000ff909be1dfd8d0e3f2c7ef2d227,Will Benfica finish first in UEL league phase?,No,200.9,0.8415,0.885,169.0724,177.7965,8.724,5.1599,0xd4196c903a48cf840cc9e5b2e193a8e089f924a9e2227a584dba4234728a0183,2646370804771179847028515078347638631531797573874193647968652007554706480030,will-benfica-finish-first-in-uel-league-phase
19,ndb1,0xfea31bc088000ff909be1dfd8d0e3f2c7ef2d227,Will Fernando Mendoza finish as a top-12 QB in the 2026-27 NFL season?,No,182.89,0.8525,0.967,155.9142,176.8546,20.9403,13.4306,0x0d7a0549aecc0e9396b5b90f8b1e6516ef3938ef0ec7fbc9bfaa1e97324b08fe,83044045140443690439135443379048166833861489810987761255642111324180860288091,will-fernando-mendoza-finish-as-a-top-12-qb-in-the-2026-27-nfl-season
19,ndb1,0xfea31bc088000ff909be1dfd8d0e3f2c7ef2d227,Will the Eagles win the season series against the Commanders during the 2026-27 NFL regular season?,Yes,223.0,0.4522,0.79,100.8499,176.17,75.32,74.6851,0x638d19f3c66a68c8b0d03a23659229b5f75bb5f5166b2a959a4099e3ee93aaa5,12612972397857320099603861340722253099875328868044690545294997320894954857096,will-the-eagles-win-the-season-series-against-the-commanders-during-the-2026-27-nfl-regular-season-20260717194036441
19,ndb1,0xfea31bc088000ff909be1dfd8d0e3f2c7ef2d227,"Will Jared Goff be the first QB to 2,000 passing yards in the 2026-27 NFL regular season?",No,196.59,0.8816,0.895,173.3309,175.948,2.617,1.5098,0xc6f2527338f2efcaf953dcda61b8852ea4e0e9706370fd3fd0f730a027ffd167,27636566218720917549053054063016669268019730564560686639383221731215307066304,jared-goff-first-to-2000-passing-yards-2026-27
19,ndb1,0xfea31bc088000ff909be1dfd8d0e3f2c7ef2d227,Will Norway win 2026-27 Nations League Group A4?,Yes,1000.0,0.29,0.175,290.0,175.0,-115.0,-39.6551,0x7dc16bb253aae92da5856e0bba84919818f7d564644c3804701caeff07bcd63d,98753701549397947762412481122617517549992049581701888734186090219575984996750,will-norway-win-2026-27-nations-league-group-a4
19,ndb1,0xfea31bc088000ff909be1dfd8d0e3f2c7ef2d227,Will the season series between the Cowboys and Eagles end in a tie during the 2026-27 NFL regular season?,Yes,485.53,0.4599,0.355,223.3068,172.3631,-50.9437,-22.8133,0xfd0a5c318419442a89570d2ccd8b5638f9d336d1a31936df5a02da529823d732,102851831683609806906980038313739874316000684747270668659660871327046543126278,will-the-season-series-between-the-cowboys-and-eagles-end-in-a-tie-during-the-2026-27-nfl-regular-season-20260717194034840
19,ndb1,0xfea31bc088000ff909be1dfd8d0e3f2c7ef2d227,Will Jaxson Dart have 5.5+ rushing touchdowns in the 2026-27 NFL regular season?,No,175.9,0.45,0.976,79.155,171.6784,92.5234,116.8888,0x9e794c16e3b4255742ebf81a5af601f47fc2caabaad2baf49193963a27ae5a2e,39804374894765463015667746550810238119806936171259392577103176323031030675861,jaxson-dart-5pt5-rushing-touchdowns-2026-27
19,ndb1,0xfea31bc088000ff909be1dfd8d0e3f2c7ef2d227,"Will Marvin Harrison Jr. be the first WR to 1,000 receiving yards in the 2026-27 NFL regular season?",No,171.39,0.9499,0.994,162.8203,170.3616,7.5412,4.6316,0x8045b224c4d7e982c84d6c469f68fe024aa4cad1d6cc6b4f399d968b07803422,107420473647723117119294637902633470470107132754947587992947001083683656360503,marvin-harrison-jr-first-to-1000-receiving-yards-2026-27
19,ndb1,0xfea31bc088000ff909be1dfd8d0e3f2c7ef2d227,Will Tre Tucker have 574.5+ receiving yards in the 2026-27 NFL regular season?,No,500.0,0.48,0.34,240.0,170.0,-70.0,-29.1666,0x99dfacf78b9f3d2db7016192fbc6d8ea958e47d8dde64e4260fbf61148186a27,51444741719071624622200860479728669178069323402853208999648317879486485031969,tre-tucker-574pt5-receiving-yards-2026-27
19,ndb1,0xfea31bc088000ff909be1dfd8d0e3f2c7ef2d227,"Will Terry McLaurin be the first WR to 1,000 receiving yards in the 2026-27 NFL regular season?",No,172.0,0.9471,0.9655,162.9112,166.066,3.1547,1.9364,0xdf19750410a97b50c46e02fc7917586298cbd06ac8e69f3a080e84ccbbc84d13,106970621589961568464527508368387983625897345826248196416935057155590667254859,terry-mclaurin-first-to-1000-receiving-yards-2026-27
19,ndb1,0xfea31bc088000ff909be1dfd8d0e3f2c7ef2d227,Will Sam Howell finish as a top-5 QB in the 2026-27 NFL season?,No,164.6,0.9463,0.9885,155.7699,162.7071,6.9371,4.4534,0x57877029035fd05460f1cc548c6696d3427899669bc6f64ef1c77ceb84bd7ea0,106387562728378087283939443638646583492329230549842049924623288884609215760240,will-sam-howell-finish-as-a-top-5-qb-in-the-2026-27-nfl-season
19,ndb1,0xfea31bc088000ff909be1dfd8d0e3f2c7ef2d227,"Will Jonathan Taylor be the first RB to 1,000 rushing yards in the 2026-27 NFL regular season?",No,169.2,0.9344,0.955,158.1098,161.586,3.4761,2.1985,0xe2164ff5e5c361c6a5d7c6ded7d1cc199d9d59000aad499af16ff16750649378,99016987701077658016448930221081075521183092253676643812017353027221228437019,jonathan-taylor-first-to-1000-rushing-yards-2026-27
19,ndb1,0xfea31bc088000ff909be1dfd8d0e3f2c7ef2d227,Will the Seahawks win the season series against the Cardinals during the 2026-27 NFL regular season?,Yes,233.29,0.6767,0.69,157.8787,160.9701,3.0913,1.958,0x810eabcd02791caa839f280e82224399e47a0785cecadb00ae71fd3348f8479b,24012504681846203633261795526125882651993522762932102709859799140163424654729,will-the-seahawks-win-the-season-series-against-the-cardinals-during-the-2026-27-nfl-regular-season-20260717194043477
19,ndb1,0xfea31bc088000ff909be1dfd8d0e3f2c7ef2d227,KBO: NC Dinos vs. Doosan Bears,NC Dinos,490.92,0.4,0.32,196.368,157.0944,-39.2736,-20.0,0xccbb9b961dbe295adfedb8d15dd763f4697ec5f782ec0adbe2d9fd6ed0ba40cb,54692175015202375891680719233572880511977522869590206366564835204762026697129,kbo-nc-doo-2026-05-20
19,ndb1,0xfea31bc088000ff909be1dfd8d0e3f2c7ef2d227,"Will Tee Higgins be the first WR to 1,000 receiving yards in the 2026-27 NFL regular season?",No,160.99,0.9099,0.9705,146.5007,156.2407,9.7399,6.6483,0xc7dd01d6536c2246cde3305fd9ec6134a6256fc437ed5a15fd3eb52d5c0c2cb3,114730481901475451879848886075744345985766562792020062775881040048538418531207,tee-higgins-first-to-1000-receiving-yards-2026-27
19,ndb1,0xfea31bc088000ff909be1dfd8d0e3f2c7ef2d227,KBO: LG Twins vs. Kia Tigers,Kia Tigers,312.9948,0.42,0.495,131.4578,154.9324,23.4745,17.857,0xf0ae667d3e820614c232e1b707512237d00b76c1b91df545b2b1b48dedbd55f0,410078010700365998034277231637210364026774376470140772591323122200366415299,kbo-lg-kia-2026-05-20
19,ndb1,0xfea31bc088000ff909be1dfd8d0e3f2c7ef2d227,Will the Chiefs win the season series against the Chargers during the 2026-27 NFL regular season?,No,309.0,0.6468,0.5,199.8798,154.5,-45.3798,-22.7035,0x2ecfa908dabf8700e28f7f8bc99c68d7b830e4cfe5e7a1d60530f3c1754aa00e,22075643132625484725613935166380905496969149810258040292838438309126823052238,will-the-chiefs-win-the-season-series-against-the-chargers-during-the-2026-27-nfl-regular-season-20260717194034083
19,ndb1,0xfea31bc088000ff909be1dfd8d0e3f2c7ef2d227,"Will DJ Moore be the first WR to 1,000 receiving yards in the 2026-27 NFL regular season?",No,160.8,0.8838,0.948,142.1219,152.4384,10.3164,7.2588,0x9865a458d22e45354c21298827edf0233b9697ef8fbeaa0e3bfa7c9ffb8ed4cb,16851376275477201824791344568331710050437257185521467342745636459871793878295,dj-moore-first-to-1000-receiving-yards-2026-27
19,ndb1,0xfea31bc088000ff909be1dfd8d0e3f2c7ef2d227,Will the Carolina Hurricanes be named the 2026-27 NHL Stanley Cup Champion?,Yes,1583.3882,0.09,0.095,142.5049,150.4218,7.9168,5.5554,0x289c1823ed88a95d06330388d45ecc15997e942d273ab78aa91641fb58a81034,48664334366250755164783539973896690108199470876714198017870348234565467836230,will-the-carolina-hurricanes-be-named-the-2026-27-nhl-stanley-cup-champion-20260612185657077
19,ndb1,0xfea31bc088000ff909be1dfd8d0e3f2c7ef2d227,Will Jacory Croskey-Merritt have 574.5+ rushing yards in the 2026-27 NFL regular season?,No,766.49,0.5375,0.195,411.9883,149.4655,-262.5228,-63.7209,0x1274d235531e9e167ac68fa92e089f6ced068741308676bc8d740bfca84e4d7e,96310413912759507704264843622863848163414508183534661117995938520039972471540,jacory-croskey-merritt-574pt5-rushing-yards-2026-27
19,ndb1,0xfea31bc088000ff909be1dfd8d0e3f2c7ef2d227,Will the Phoenix Suns make the 2027 NBA Playoffs?,Yes,310.05,0.49,0.48,151.9245,148.824,-3.1005,-2.0408,0xcadc5659b9c7aadb8a9d688e2ddae935713446d19dbb01a76872617f618ad9fe,46236767152074074269552351866019064514079651905530972139614550710586718976212,will-the-phoenix-suns-make-the-2027-nba-playoffs-20260708210742396
19,ndb1,0xfea31bc088000ff909be1dfd8d0e3f2c7ef2d227,Will CeeDee Lamb have 9.5+ receiving touchdowns in the 2026-27 NFL regular season?,Yes,300.0,0.31,0.495,93.0,148.5,55.5,59.6774,0xa6a7b22321e0bd1585829838e4e61972e49c1bbf33c7b316c5440044c2ee7769,88713026398486736922177047304078471516937977061518517535908809683099630733436,ceedee-lamb-9pt5-receiving-touchdowns-2026-27
19,ndb1,0xfea31bc088000ff909be1dfd8d0e3f2c7ef2d227,"Will George Pickens be the first WR to 1,000 receiving yards in the 2026-27 NFL regular season?",No,149.3,0.9631,0.9835,143.8008,146.8365,3.0356,2.1109,0x5e5b3b481d679a90e9d583bba1dff7a1b6a6c239e815925a5a162cd61cd673bd,105034197652335493290989791599972572183382649698706268415329547487367914454249,george-pickens-first-to-1000-receiving-yards-2026-27
19,ndb1,0xfea31bc088000ff909be1dfd8d0e3f2c7ef2d227,Will Josh Allen have 18.5+ passing touchdowns in the 2026-27 NFL regular season?,Yes,165.99,0.87,0.875,144.4113,145.2412,0.8299,0.5746,0x9f9fed8357169756be5a1261813e15d338795ce715272ef915a6b741e7e8dd72,8609861750318514269186629715080757037406606919972328803950304448034516498411,josh-allen-18pt5-passing-touchdowns-2026-27
19,ndb1,0xfea31bc088000ff909be1dfd8d0e3f2c7ef2d227,Will Chris Godwin have 4.5+ receiving touchdowns in the 2026-27 NFL regular season?,No,365.99,0.5196,0.395,190.1708,144.566,-45.6048,-23.9809,0x0475e0532d0c718f391f62c00c668604172cc478eb5f8c26546a438e06f9c346,60901110937284003451266310036214111830957336393402393010528670471012759760189,chris-godwin-4pt5-receiving-touchdowns-2026-27
19,ndb1,0xfea31bc088000ff909be1dfd8d0e3f2c7ef2d227,Will the Jaguars win the season series against the Colts during the 2026-27 NFL regular season?,No,182.9241,0.6306,0.79,115.3661,144.51,29.1438,25.2619,0x0a60629730a311a6077a212c2aafb9e44347ba793cec5510ebe03496812c284c,32130522396113297188978923732971061840126236437633022927891396513588484429846,will-the-jaguars-win-the-season-series-against-the-colts-during-the-2026-27-nfl-regular-season-20260717194030691
19,ndb1,0xfea31bc088000ff909be1dfd8d0e3f2c7ef2d227,Will the Chiefs win the season series against the Raiders during the 2026-27 NFL regular season?,No,286.655,0.4475,0.495,128.2783,141.8942,13.6158,10.6142,0xf8cff7fefaf5f26db4d4653c6e7f781ddbe4865deaa4e344e639035ce9018722,114989924273495716237250376539387555015597265690559981030389712501647748139698,will-the-chiefs-win-the-season-series-against-the-raiders-during-the-2026-27-nfl-regular-season-20260717194033670
19,ndb1,0xfea31bc088000ff909be1dfd8d0e3f2c7ef2d227,Will the season series between the Cowboys and Commanders end in a tie during the 2026-27 NFL regular season?,No,235.41,0.51,0.585,120.0591,137.7148,17.6557,14.7058,0xdd21a5b6d05c0420cc343cacd7f81bfb5eb64c3d8fe809bde91ea20a9096d12a,80035545533851796526378382196531479921121976662273187795440142161144474430135,will-the-season-series-between-the-cowboys-and-commanders-end-in-a-tie-during-the-2026-27-nfl-regular-season-20260717194035575
19,ndb1,0xfea31bc088000ff909be1dfd8d0e3f2c7ef2d227,Will Sunderland be relegated from the 2026-27 Premier League?,No,157.36,0.77,0.845,121.1672,132.9692,11.802,9.7402,0xdc052ce201d6c4de214f8b78eca517f9af15bff80bf8eef53b46dc58d89ca9a4,28067268133492072958967186383799630963620956756973060591911285831565699862983,will-sunderland-be-relegated-from-premier-league-2026-27
19,ndb1,0xfea31bc088000ff909be1dfd8d0e3f2c7ef2d227,Will SC Freiburg qualify for the 2027-28 UEFA Champions League?,No,180.61,0.7394,0.735,133.5513,132.7483,-0.803,-0.6012,0x8c99e43f6e72be0661df6439de534ce32881dccb8482e4522bee719a030df426,35079773040512340473902779401306275896953701276576011921765729516945260906350,will-sc-freiburg-qualify-for-the-2027-28-uefa-champions-league
19,ndb1,0xfea31bc088000ff909be1dfd8d0e3f2c7ef2d227,Will Greg Zuerlein finish as a top-5 K in the 2026-27 NFL season?,No,133.0,0.9466,0.998,125.8999,132.734,6.834,5.4281,0x958b856182942b51c6da9d00c31fc209d3590f03fc674ac7654a4d50a9841e58,62813596361274476329414827425677483421457264465074454570250988830495511709144,will-greg-zuerlein-finish-as-a-top-5-k-in-the-2026-27-nfl-season
19,ndb1,0xfea31bc088000ff909be1dfd8d0e3f2c7ef2d227,Will the Eagles win the season series against the Giants during the 2026-27 NFL regular season?,Yes,242.6993,0.38,0.535,92.2257,129.8441,37.6183,40.7893,0x38b2e62386ac4a466438b903460cedb3dec595b354bf0e526f58a1db3e7a1d74,108165010972909125854645691346207419405246351751868488163216946124912648650602,will-the-eagles-win-the-season-series-against-the-giants-during-the-2026-27-nfl-regular-season-20260717194035937
19,ndb1,0xfea31bc088000ff909be1dfd8d0e3f2c7ef2d227,"Will Josh Allen be the first QB to 2,000 passing yards in the 2026-27 NFL regular season?",No,131.0,0.9438,0.989,123.6399,129.559,5.919,4.7872,0x8f7f69efcfe0f8b407efa4abbd3777b0f28b4d058930fd61b6a90fff040f53ad,40927468222580565811246260775659614254868714899716166524826745624737425458709,josh-allen-first-to-2000-passing-yards-2026-27
19,ndb1,0xfea31bc088000ff909be1dfd8d0e3f2c7ef2d227,Will Tommy DeVito finish as a top-5 QB in the 2026-27 NFL season?,No,130.0,0.94,0.993,122.2,129.09,6.89,5.6382,0xb5aea1f67f3c162ecb106e7b01b0c89f96f590a1f5b53238668e1d831f8a8c98,53422057883284591382329906698713624802600791246245182479556568129222360842725,will-tommy-devito-finish-as-a-top-5-qb-in-the-2026-27-nfl-season
19,ndb1,0xfea31bc088000ff909be1dfd8d0e3f2c7ef2d227,Will the season series between the Chiefs and Chargers end in a tie during the 2026-27 NFL regular season?,Yes,289.6289,0.4675,0.445,135.4182,128.8848,-6.5334,-4.8246,0x238c799cfb60eb003e13fc3d1a1f6578923c14a7f0eadd0b35a4b5e682c9106c,76212315234539077617320611173066769088504440184282114671504393461732073912629,will-the-season-series-between-the-chiefs-and-chargers-end-in-a-tie-during-the-2026-27-nfl-regular-season-20260717194034085
19,ndb1,0xfea31bc088000ff909be1dfd8d0e3f2c7ef2d227,Will Matthew Golden have 449.5+ receiving yards in the 2026-27 NFL regular season?,Yes,140.01,0.7,0.89,98.007,124.6089,26.6019,27.1428,0x90d760d8b7446ec861ea263f6833b228d054df9684f9cdb290821ce019f3b876,54032051056575650303161424775667004388444607068382990522364697232020444206878,matthew-golden-449pt5-receiving-yards-2026-27
19,ndb1,0xfea31bc088000ff909be1dfd8d0e3f2c7ef2d227,"Will Parker Washington be the first WR to 1,000 receiving yards in the 2026-27 NFL regular season?",No,125.5,0.9319,0.976,116.9599,122.488,5.528,4.7264,0x6bf036a55e08dc9cec917dcd676c57fdabb5fe73ff780b616ed7dfee2ec54210,54520188193107802158630931622810970272996840591247005519902855909254198382017,parker-washington-first-to-1000-receiving-yards-2026-27
19,ndb1,0xfea31bc088000ff909be1dfd8d0e3f2c7ef2d227,Scorigami in Week 15 of the 2026-27 NFL season?,No,168.69,0.5439,0.725,91.7619,122.3002,30.5382,33.2798,0x16925c3a97acb649f79c8397125b910de7ed236aa92a9a70766372a9fdd8772a,92153281935559261606199320057863899457865250319807216321436629844403804201349,scorigami-in-week-15-of-the-2026-27-nfl-season
19,ndb1,0xfea31bc088000ff909be1dfd8d0e3f2c7ef2d227,Will Fernando Mendoza have 30+ passing touchdowns in the 2026-27 NFL regular season?,No,124.08,0.9563,0.978,118.6594,121.3502,2.6907,2.2675,0xed62c35dc0901c6efdab36c5c6ce9b0d183b2a9305b7561bd9704bc6ad35d98f,3908598234273727595153197096876254501440599826235741062351650707437103169076,fernando-mendoza-30-passing-touchdowns-2026-27
19,ndb1,0xfea31bc088000ff909be1dfd8d0e3f2c7ef2d227,Will the season series between the Ravens and Bengals end in a tie during the 2026-27 NFL regular season?,Yes,170.7534,0.3011,0.7,51.4303,119.5274,68.097,132.4062,0x5d9a8fca2dc1741336a1c8159ffb8e64b5226c686909cad2848a5e463fdecbc7,107897714627551407619823402772362126026091305951691734637085215075180444858968,will-the-season-series-between-the-ravens-and-bengals-end-in-a-tie-during-the-2026-27-nfl-regular-season-20260717194025246
19,ndb1,0xfea31bc088000ff909be1dfd8d0e3f2c7ef2d227,"Will Courtland Sutton be the first WR to 1,000 receiving yards in the 2026-27 NFL regular season?",No,121.0,0.9499,0.984,114.9498,119.064,4.1141,3.579,0x4754d90e8fd8087d29946a16e1225f553cb8e98b4a58d4673f38d606804e0f9d,52339430517401616754928554879264083603552386284818283205930553235374248303770,courtland-sutton-first-to-1000-receiving-yards-2026-27
19,ndb1,0xfea31bc088000ff909be1dfd8d0e3f2c7ef2d227,Will the season series between the Rams and 49ers end in a tie during the 2026-27 NFL regular season?,No,296.0,0.4342,0.4,128.5296,118.4,-10.1296,-7.8811,0x4b4113a53b47103ffd407781768a9b8657d5ae8e63e4778dc1fb45237f59822c,78302588953450417650998624329748589922784620838263134917480035637188642313140,will-the-season-series-between-the-rams-and-49ers-end-in-a-tie-during-the-2026-27-nfl-regular-season-20260717194043887
19,ndb1,0xfea31bc088000ff909be1dfd8d0e3f2c7ef2d227,Will Tua Tagovailoa finish as a top-12 QB in the 2026-27 NFL season?,No,120.0,0.77,0.9845,92.4,118.14,25.74,27.8571,0xf404203100780d5fab6155afdfa53d842051044ff98c820170ff5afb9e3081e0,34588958477414473622709345082307653219981864933714589518484150411946976460232,will-tua-tagovailoa-finish-as-a-top-12-qb-in-the-2026-27-nfl-season
19,ndb1,0xfea31bc088000ff909be1dfd8d0e3f2c7ef2d227,Will Chuba Hubbard have 624.5+ rushing yards in the 2026-27 NFL regular season?,No,500.0,0.39,0.235,195.0,117.5,-77.5,-39.7435,0x0fa6cd52ebaad3def7b41f8bee883bb385c2eba77429602a7fb4054f430fb6d0,30962895196761222692372591107716519120504781001651843963145210495186209199221,chuba-hubbard-624pt5-rushing-yards-2026-27
19,ndb1,0xfea31bc088000ff909be1dfd8d0e3f2c7ef2d227,"Will Jaylen Waddle be the first WR to 1,000 receiving yards in the 2026-27 NFL regular season?",No,120.59,0.9099,0.951,109.7367,114.681,4.9442,4.5055,0x8d387712b862fd8d62a959de3a867939d8d8f19e11e0331f955f652f82e85958,77458416395846689527982820326937560484730261569014872554038603901357373657432,jaylen-waddle-first-to-1000-receiving-yards-2026-27
19,ndb1,0xfea31bc088000ff909be1dfd8d0e3f2c7ef2d227,Will the Jaguars win the season series against the Titans during the 2026-27 NFL regular season?,Yes,222.6587,0.5203,0.515,115.8651,114.6692,-1.1959,-1.0321,0x867e5da408f19e44a253f7e9dc1fa65d263add57710a9f6d95d79271b5a8d4de,67345668147291233862820897376681120915698040277415033362169654046965154857296,will-the-jaguars-win-the-season-series-against-the-titans-during-the-2026-27-nfl-regular-season-20260717194031566
19,ndb1,0xfea31bc088000ff909be1dfd8d0e3f2c7ef2d227,Will the Miami Dolphins be the last winless team of the 2026-27 NFL regular season?,No,200.0,0.7,0.57,140.0,114.0,-26.0,-18.5714,0xa0d5993c240c9410caf22d64d074c45ea2fcb37aeacc61be07d44644fe14ad59,108966112508260022318503291870846400298614331150740553301029380279970902207596,will-the-miami-dolphins-be-the-last-winless-team-of-the-2026-27-nfl-regular-season
19,ndb1,0xfea31bc088000ff909be1dfd8d0e3f2c7ef2d227,Will the Winnipeg Jets record 90+ points?,No,218.1727,0.57,0.515,124.3584,112.3589,-11.9995,-9.6491,0x747086d10879ffb0c17404e1d59e0cb0fef52c29205f960e9aedc5b0f999fc7c,46186309809137359357952103863739516328503112846791257830341524267193668903438,will-the-winnipeg-jets-record-90-points
19,ndb1,0xfea31bc088000ff909be1dfd8d0e3f2c7ef2d227,Will Dallas Wings advance to the Semifinals in the 2026 WNBA Playoffs?,Yes,376.73,0.0799,0.285,30.1383,107.368,77.2296,256.2498,0x2766a8ca49d885d11d226635ea48ba7bbad82b38267545076636f5d71ddf9733,56602929061358316668345711493566531776222091131739966164715964011882986150230,will-dallas-wings-advance-to-the-semifinals-in-the-2026-wnba-playoffs
19,ndb1,0xfea31bc088000ff909be1dfd8d0e3f2c7ef2d227,Will Jeremy Swayman record 4+ shutouts?,Yes,170.0,0.09,0.62,15.3,105.4,90.1,588.8888,0xac149f7d858707dbf5f09dd0d27e36a932288e0ffde407885eb6fbaf57eddd2f,33031140858121196297163508164268012567890468118726376526785119839307626821098,will-jeremy-swayman-record-4-shutouts
19,ndb1,0xfea31bc088000ff909be1dfd8d0e3f2c7ef2d227,Will Auston Matthews record 40+ goals in the 2026-27 regular season?,No,278.9,0.2184,0.375,60.9269,104.5875,43.6605,71.6604,0x7c8dd72c54c20bf98d733c4b2c6ab1c64e5b332851b13dba176187af275053d2,24614110240976743730031126735450596744435622895048828998940020082888568450529,will-auston-matthews-record-40-goals-in-the-2026-27-regular-season
19,ndb1,0xfea31bc088000ff909be1dfd8d0e3f2c7ef2d227,"Will Dak Prescott be the first QB to 2,000 passing yards in the 2026-27 NFL regular season?",No,106.9,0.9405,0.9555,100.5449,102.1429,1.5979,1.5892,0xa8364542a0e062da43b61e25c073d7c8d105da174a2a7c1128adee0e9e200ac8,11771865816879914223703703958308535305347458547626190006853165468294781270674,dak-prescott-first-to-2000-passing-yards-2026-27
19,ndb1,0xfea31bc088000ff909be1dfd8d0e3f2c7ef2d227,Will the Chicago Bears make the 2027 NFL Playoffs?,Yes,196.21,0.4698,0.52,92.1794,102.0292,9.8497,10.6853,0xe1a2ad6d39ed8d61812f1a67f94699f503f68d31639bc601aed980778c5868ff,18637376226883120985026140885598242622573596201249039138781132605581459048978,will-the-chicago-bears-make-the-2027-nfl-playoffs
19,ndb1,0xfea31bc088000ff909be1dfd8d0e3f2c7ef2d227,Will Celta Vigo reach the 2027 UEFA Europa League quarterfinal?,Yes,300.0,0.44,0.335,132.0,100.5,-31.5,-23.8636,0xbab8cbb42367cb7aa51b4eeaae9eb356a41c7b36112763d180c4798ec8a6a594,63017953669087623587903353111830062963530609790863564028838028552231281252506,will-celta-vigo-reach-the-2027-uefa-europa-league-quarterfinal
19,ndb1,0xfea31bc088000ff909be1dfd8d0e3f2c7ef2d227,Will Australia win Group D at the 2027 AFC Asian Cup?,No,500.0,0.3,0.2,150.0,100.0,-50.0,-33.3333,0xd78a1775af626bbd38b70bc8223ac9ce059875518093793d81680bacdd535f2b,13453854570119117049222724463174064277129700217163366811850059886134872621593,will-australia-win-group-d-at-the-2027-afc-asian-cup
19,ndb1,0xfea31bc088000ff909be1dfd8d0e3f2c7ef2d227,Will Atalanta finish 9th-24th in UECL league phase?,Yes,500.0,0.22,0.2,110.0,100.0,-10.0,-9.0909,0x790363e6e3d241087a17e08c0a94754e6a8751e03dae3c0ffb5515c9d3ba79ff,82386046706958641048036873679526566557695374118565120483617171654351916606638,will-atalanta-finish-9th-24th-in-uecl-league-phase
2,RN1,0x2005d16a84ceefa912d4e380cd32e7ff827875ea,Japan Open Tennis Championships: Alejandro Davidovich Fokina vs Matteo Berrettini,Matteo Berrettini,31533.0211,0.7218,0.9345,22762.5843,29467.6083,6705.0239,29.4563,0x0f648bb2d7cc7b2e352034badac0426ebf9431273319c288165b90bf7f8408ba,64365068040398058160791036986338416008905649601734152503852862347134683074643,atp-fokina-berrett-2026-09-29
2,RN1,0x2005d16a84ceefa912d4e380cd32e7ff827875ea,Japan Open Tennis Championships: Adolfo Vallejo vs Rafael Jodar,Adolfo Vallejo,29092.5935,0.4903,0.9995,14266.5133,29078.0472,14811.5338,103.8202,0x1b933b0bcaead2eccb4a93d49a350ca06ee80b44cb71f32d7374eec542449d44,108553296642379646337244237709319228026828843258900877411121078572066741163887,atp-vallejo-jodar-2026-09-30
2,RN1,0x2005d16a84ceefa912d4e380cd32e7ff827875ea,China Open: Harriet Dart vs Yihan Qu,Harriet Dart,24894.6366,0.7726,0.9995,19235.4367,24882.1893,5646.7525,29.3559,0x438048a54b6cb38dd8aad6a51973c1ca60bdf9ad85b49f2e46972c8beabd4be0,21604508743550320499554760123946187296837312703396751917554300156414797631658,wta-dart-qu-2026-09-30
2,RN1,0x2005d16a84ceefa912d4e380cd32e7ff827875ea,Adana: Lois Boisson vs Anna Blinkova,Lois Boisson,15682.0,0.805,0.9995,12624.01,15674.159,3050.149,24.1614,0x4ed442775033e05dc3ce0b4e3b46f88b44ad8b5607bcb1c35910ecde87df815e,102112717955066993172567477639716668998888804634581613504966835399529067531721,wta-boisson-blinkov-2026-10-01
2,RN1,0x2005d16a84ceefa912d4e380cd32e7ff827875ea,China Open: Lanlana Tararudee vs Camila Osorio,Camila Osorio,18731.2492,0.4772,0.62,8938.7561,11613.3745,2674.6183,29.9215,0xf17a2fff26a8cf860bfc282303f19dd38fca0b72b3a40e2c812784f17829aade,26310563464567392112795925736176330028313659221872321178540951207953220254654,wta-tararud-osorio-2026-09-29
2,RN1,0x2005d16a84ceefa912d4e380cd32e7ff827875ea,Counter-Strike: B8 vs Luminosity - Map 2 Winner,B8,17962.1553,0.6291,0.56,11300.9032,10058.8069,-1242.0963,-10.9911,0x2d993f9e241427ca5238e67d3894af92b858dcb604bfe8ee70b5644af7a63d4e,91431979677585345065046891826627320001210363661514943807066718273010947342935,cs2-b8-lg6-2026-10-01-game2
2,RN1,0x2005d16a84ceefa912d4e380cd32e7ff827875ea,China Open: Tallon Griekspoor vs Andrey Rublev,Andrey Rublev,17639.0611,0.6557,0.555,11566.585,9789.6789,-1776.9061,-15.3624,0x4eebd88cccc89a552f88ae48002d1ad235a379f9508a698bb49b8d43c83a19a2,97451264791693344899052002027507277437984700717099565200211878960651518779102,atp-grieksp-rublev-2026-09-29
2,RN1,0x2005d16a84ceefa912d4e380cd32e7ff827875ea,China Open: Tallon Griekspoor vs Andrey Rublev,Tallon Griekspoor,16848.4537,0.394,0.445,6639.369,7497.5619,858.1928,12.9258,0x4eebd88cccc89a552f88ae48002d1ad235a379f9508a698bb49b8d43c83a19a2,74171589685363863742723080115929715360146078361373184689230747203079053758588,atp-grieksp-rublev-2026-09-29
2,RN1,0x2005d16a84ceefa912d4e380cd32e7ff827875ea,China Open: Eva Lys vs Xinran Sun,Xinran Sun,6499.0889,0.5486,0.96,3565.6345,6239.1254,2673.4908,74.9793,0xa8b5a3ae5f2e431a096bbbe61d85fc6be77f4f066356f0021f5b11677eb38d61,64224374825389027352146042127263142130815456134484771637577268516328971585393,wta-lys-su-2026-09-29
2,RN1,0x2005d16a84ceefa912d4e380cd32e7ff827875ea,Counter-Strike: B8 vs Luminosity (BO3) - Stake Ranked Episode 4 Playoffs,B8,17089.4352,0.3865,0.335,6605.8382,5724.9607,-880.8775,-13.3348,0xdd9f58a518ef8c4867b817594245caffa177886840f2d2b55cc72e648541838a,2287233469446857164468496332003580286830467153427518315322481360100534578514,cs2-b8-lg6-2026-10-01
2,RN1,0x2005d16a84ceefa912d4e380cd32e7ff827875ea,China Open: Lanlana Tararudee vs Camila Osorio,Lanlana Tararudee,11296.9042,0.3011,0.38,3401.8706,4292.8235,890.9528,26.19,0xf17a2fff26a8cf860bfc282303f19dd38fca0b72b3a40e2c812784f17829aade,40285198887360862085985303145460256719152838025144430947429347635280165575875,wta-tararud-osorio-2026-09-29
2,RN1,0x2005d16a84ceefa912d4e380cd32e7ff827875ea,Jingshan: Alex Bolt vs Evan Zhu,Alex Bolt,5137.1457,0.55,0.665,2825.8411,3416.2019,590.3607,20.8915,0xb21933431837d8cba64c38340a6478301910433cd6b0afb1e5711cd1e4d1fc73,9975910158046705341966234163189257343093806083768955481272636368314096225187,atp-bolt-zh-2026-09-30
2,RN1,0x2005d16a84ceefa912d4e380cd32e7ff827875ea,Jingshan: Yuta Shimizu vs Bernard Tomic,Yuta Shimizu,4472.6819,0.38,0.67,1699.6191,2996.6968,1297.0776,76.3157,0x104da8504024d06a2c9a73d1b3587a685304d659dc91cae6126e4c1a42ea30f0,91982935136510384393667753464923153886492548922868576966199199892131259117596,atp-shimizu-tomic-2026-09-30
2,RN1,0x2005d16a84ceefa912d4e380cd32e7ff827875ea,Counter-Strike: UPGRADE vs Krytiepacani - Map 2 Winner,UPGRADE,2850.4591,0.627,0.945,1787.4106,2693.6839,906.2732,50.7031,0x76ab79762b0ec2312ae133f348d3eb28f60dc198fadc625da4b67e3fcdafb1a2,59557464044552431325205584475614715426184050438917059108238324160651551881938,cs2-upgrad-kry1-2026-10-01-game2
2,RN1,0x2005d16a84ceefa912d4e380cd32e7ff827875ea,Map Handicap: UP (-1.5) vs Krytiepacani (+1.5),Krytiepacani,5602.3262,0.5744,0.44,3218.1878,2465.0235,-753.1643,-23.4033,0xc593686da55c400772da10204b715fcc44900a33ef9e06c0e46e4abcb6c4a759,12515834168311468778729944745651255348346857872655252287022482333813125806967,cs2-upgrad-kry1-2026-10-01-map-handicap-away-1pt5
2,RN1,0x2005d16a84ceefa912d4e380cd32e7ff827875ea,Counter-Strike: B8 vs Luminosity (BO3) - Stake Ranked Episode 4 Playoffs,Luminosity,3696.0058,0.434,0.665,1604.34,2457.8439,853.5038,53.1996,0xdd9f58a518ef8c4867b817594245caffa177886840f2d2b55cc72e648541838a,113847478812568329791464598145968420760507739454417245361585742048721929398568,cs2-b8-lg6-2026-10-01
2,RN1,0x2005d16a84ceefa912d4e380cd32e7ff827875ea,Counter-Strike: B8 vs Luminosity - Map 2 Winner,Luminosity,5266.8303,0.4738,0.44,2495.5844,2317.4053,-178.1791,-7.1397,0x2d993f9e241427ca5238e67d3894af92b858dcb604bfe8ee70b5644af7a63d4e,50670577204202247797149649322307431401089722839445349968127152994312913641725,cs2-b8-lg6-2026-10-01-game2
2,RN1,0x2005d16a84ceefa912d4e380cd32e7ff827875ea,Levante UD vs. Athletic Club: O/U 4.5,Under,3048.0,0.85,0.75,2590.8,2286.0,-304.8,-11.7647,0x8f9a4ff725d4f23ac1eea6c611a21193a629de0a6af74f8a28c08fef37908183,106303579050700731714894400603418603157104662696199244842033279494982479647251,lal-lev-bil-2026-09-16-total-4pt5
2,RN1,0x2005d16a84ceefa912d4e380cd32e7ff827875ea,Games Total: O/U 2.5,Under,2034.31,0.5187,0.94,1055.3723,1912.2514,856.879,81.1921,0x821fabbe089cf92c7a744b7201e9745c0ebcb6ffea997fc194af329915c64174,41035097318595905036496119798977650269884752185929395821506909344782230997690,cs2-upgrad-kry1-2026-10-01-total-games-2pt5
2,RN1,0x2005d16a84ceefa912d4e380cd32e7ff827875ea,Athletic Club leading at halftime?,No,2069.9979,0.6595,0.795,1365.3458,1645.6484,280.3025,20.5297,0x6d447780b411db6c9cf92db9c916eef4474df7c5c970243d9ef1f277640f1314,54552300310612910354546670590583432290921105033284599463374446697830077652397,lal-lev-bil-2026-09-16-halftime-result-away
2,RN1,0x2005d16a84ceefa912d4e380cd32e7ff827875ea,Jingshan: Elias Ymer vs Federico Cina,Elias Ymer,5197.3333,0.25,0.29,1299.3333,1507.2266,207.8932,15.9999,0x335318b0199109cc88c1618c411eae99e8a3011721cedd5043bde0b0d21182a4,8215891296804792559110208739299638251195291751430599733846338223582779160547,atp-ymer-cina-2026-10-01
2,RN1,0x2005d16a84ceefa912d4e380cd32e7ff827875ea,Japan Open Tennis Championships: Alejandro Davidovich Fokina vs Matteo Berrettini,Alejandro Davidovich Fokina,18722.7872,0.554,0.0655,10373.0045,1226.3425,-9146.662,-88.1775,0x0f648bb2d7cc7b2e352034badac0426ebf9431273319c288165b90bf7f8408ba,14655830048586305806996257553030269567291393222009328980597394517665378447422,atp-fokina-berrett-2026-09-29
2,RN1,0x2005d16a84ceefa912d4e380cd32e7ff827875ea,Counter-Strike: UPGRADE vs Krytiepacani - Map 1 Winner,UPGRADE,1044.843,0.6239,0.9995,651.9674,1044.3206,392.3531,60.1798,0x6de4c4f2dbf5df2e627890950b2ad245291cd7e9953c789d17af62ca5f86a7f2,50824831551275417615898820011008586732840578111222320923492233657645666839707,cs2-upgrad-kry1-2026-10-01-game1
2,RN1,0x2005d16a84ceefa912d4e380cd32e7ff827875ea,Games Total: O/U 2.5,Under,2344.1047,0.3956,0.44,927.5064,1031.406,103.8995,11.202,0x0c940efa86544624f99467b06f1d350186ab7e4026693ab920bb5b84354a354f,17957138494324641666666253952112686828623861298019874912576481375030896040169,cs2-b8-lg6-2026-10-01-total-games-2pt5
2,RN1,0x2005d16a84ceefa912d4e380cd32e7ff827875ea,Jingshan: Alex Bolt vs Evan Zhu,Evan Zhu,2591.2138,0.4722,0.335,1223.7603,868.0566,-355.7037,-29.0664,0xb21933431837d8cba64c38340a6478301910433cd6b0afb1e5711cd1e4d1fc73,13729484645452311744378336067941688453386842697826882066819693564756862182532,atp-bolt-zh-2026-09-30
2,RN1,0x2005d16a84ceefa912d4e380cd32e7ff827875ea,KBO: LG Twins vs. Lotte Giants,Lotte Giants,1199.6666,0.3865,0.69,463.7419,827.77,364.028,78.4979,0xc133482d19ef3092d91c90c6e9261e8ffd141870608a3549bbffe31c6ac506f8,108714110056974836675909256534953657631352251904232524269051225276693831435989,kbo-lg-lot-2026-08-28
2,RN1,0x2005d16a84ceefa912d4e380cd32e7ff827875ea,China Open: Learner Tien vs Hubert Hurkacz,Hubert Hurkacz,1628.6641,0.38,0.485,618.8923,789.9021,171.0097,27.6315,0x2ae7702fee68275f49d3a0daec399bc625e125d8798b9fe1d16249e940f1e7a6,96745061272831644407495458252931317334899900596826219062965675717462868518102,atp-tien-hurkacz-2026-09-29
2,RN1,0x2005d16a84ceefa912d4e380cd32e7ff827875ea,Counter-Strike: UPGRADE vs Krytiepacani (BO3) - CIS LAN Championship Playoffs,UPGRADE,850.1871,0.7826,0.925,665.432,786.423,120.9909,18.1823,0x26c186457d4049eae3a7e353303fc254ac4c476e8b50ebd3fd865c04f02ffb82,50411378732505141369277880627103382220086329348532157050713563166651453227443,cs2-upgrad-kry1-2026-10-01
2,RN1,0x2005d16a84ceefa912d4e380cd32e7ff827875ea,Counter-Strike: UPGRADE vs Krytiepacani (BO3) - CIS LAN Championship Playoffs,Krytiepacani,7214.9652,0.4004,0.075,2889.2848,541.1223,-2348.1625,-81.2714,0x26c186457d4049eae3a7e353303fc254ac4c476e8b50ebd3fd865c04f02ffb82,72339450159495292187867860432481390696666201552534267205623234545475086945423,cs2-upgrad-kry1-2026-10-01
2,RN1,0x2005d16a84ceefa912d4e380cd32e7ff827875ea,Map Handicap: B8 (-1.5) vs Luminosity (+1.5),Luminosity,530.9837,0.6702,0.9995,355.8791,530.7182,174.839,49.1287,0x642cc88e5cbf2d067f1ccb40b8f7488507d71c27d9cf2239a24c78b7ab10f592,7944390990171390681437881895036197602026340053713370788172467470981464120268,cs2-b8-lg6-2026-10-01-map-handicap-away-1pt5
2,RN1,0x2005d16a84ceefa912d4e380cd32e7ff827875ea,Porto 2: Inaki Montes vs Jacob Fearnley,Inaki Montes,2049.1236,0.24,0.255,491.7896,522.5265,30.7368,6.2499,0x63a523b738981de9b22aef2b1c8fac320ebe90b3a841e0a83cf960aa0ed001db,82356041848722469273731305163182650680619898037231380403668820621734800812025,atp-montes-fearnle-2026-10-01
2,RN1,0x2005d16a84ceefa912d4e380cd32e7ff827875ea,China Open: Eva Lys vs Xinran Sun,Eva Lys,12806.9795,0.4034,0.04,5166.3355,512.2791,-4654.0564,-90.0842,0xa8b5a3ae5f2e431a096bbbe61d85fc6be77f4f066356f0021f5b11677eb38d61,75066724430659103085655857855584650542118338535500250010088761342160340280798,wta-lys-su-2026-09-29
2,RN1,0x2005d16a84ceefa912d4e380cd32e7ff827875ea,Will Athletic Club win on 2026-09-16?,Yes,690.8521,0.42,0.425,290.1578,293.6121,3.4542,1.1904,0x46991c8a2b6494ac93efb82d0a98096746eb822213d9489b6c5bf75358687f68,3068227102579122382947733713157536171421887447079707106440524622158036236691,lal-lev-bil-2026-09-16-bil
2,RN1,0x2005d16a84ceefa912d4e380cd32e7ff827875ea,Counter-Strike: UPGRADE vs Krytiepacani - Map 2 Winner,Krytiepacani,4787.2845,0.316,0.055,1512.8538,263.3006,-1249.5532,-82.5957,0x76ab79762b0ec2312ae133f348d3eb28f60dc198fadc625da4b67e3fcdafb1a2,64142471912210238442264595048034091877412562768161769022557380261801868492304,cs2-upgrad-kry1-2026-10-01-game2
2,RN1,0x2005d16a84ceefa912d4e380cd32e7ff827875ea,KBO: KT Wiz vs. Samsung Lions,KT Wiz,316.136,0.39,0.695,123.293,219.7145,96.4214,78.205,0xf86f9a8ad4b369cff24916bffca34067519ee75df40665f795915dca45723227,37514025345105958898681018927905923020905083708542680405232617796578003367817,kbo-kt-sam-2026-08-28
2,RN1,0x2005d16a84ceefa912d4e380cd32e7ff827875ea,KBO: LG Twins vs. Lotte Giants,LG Twins,314.02,0.6712,0.52,210.7931,163.2904,-47.5027,-22.5352,0x6d00d9b9535bbef87ee5f4a410756ef5e67cdc46db90be3c143b3e8af01fea23,48399181138928774439771800259349310305745717468181362367378628916317194593422,kbo-lg-lot-2026-08-30
2,RN1,0x2005d16a84ceefa912d4e380cd32e7ff827875ea,KBO: SSG Landers vs. Kia Tigers,SSG Landers,412.9,0.25,0.3715,103.225,153.3923,50.1673,48.5999,0x2a34443a75f390096ef5f57be03574c54b878b250e2facd56ab6d192035a8350,23142318723821594722719088645738017001575357528795258030979522539248388419740,kbo-ssg-kia-2026-08-28
2,RN1,0x2005d16a84ceefa912d4e380cd32e7ff827875ea,Map Handicap: UP (-1.5) vs Krytiepacani (+1.5),UPGRADE,216.9938,0.6582,0.56,142.8355,121.5165,-21.319,-14.9255,0xc593686da55c400772da10204b715fcc44900a33ef9e06c0e46e4abcb6c4a759,2400918609485815213346578431530006579991895073175337719652118666112516505062,cs2-upgrad-kry1-2026-10-01-map-handicap-away-1pt5
26,0x2c335066FE58fe9237c3d3Dc7b275C2a034a0563-1759935795465,0x2c335066fe58fe9237c3d3dc7b275c2a034a0563,Spread: Browns (-3.5),Steelers,99999.9965,0.71,0.705,70999.9975,70499.9975,-500.0,-0.7042,0x796f2890dc2357defe44145bb35c902d6a87e96b399df549f6c044bcf13c8012,63526233192295193776401731932223650091638563718159313276038639817420438232246,nfl-pit-cle-2026-10-02-spread-home-3pt5
26,0x2c335066FE58fe9237c3d3Dc7b275C2a034a0563-1759935795465,0x2c335066fe58fe9237c3d3dc7b275c2a034a0563,Philadelphia Phillies vs. Atlanta Braves,Atlanta Braves,74039.36,0.4999,0.505,37016.9327,37389.8768,372.944,1.0074,0x56843c39ee842fae25c33d55a160628192506e5a4d3df922ebd7f1faee8114dc,38483503806063795439135524943230451704108442716387421367040526416619456752509,mlb-phi-atl-2026-10-01
26,0x2c335066FE58fe9237c3d3Dc7b275C2a034a0563-1759935795465,0x2c335066fe58fe9237c3d3dc7b275c2a034a0563,"Will Bitcoin dip to $35,000 by December 31, 2026?",No,19995.73,0.8499,0.9745,16996.3505,19485.8388,2489.4882,14.6471,0x2745c38ff0617cb345c1d2df19b4f74ea777508e07411e88eeb6ab3affcda2a2,106725919441008051918080506395399719013818419425017982342714970506626839446049,will-bitcoin-dip-to-35000-by-december-31-2026-744-877-748-219-467-465-646-211-122-947-537-552-555-361-972-954-635-887-657-996-643
26,0x2c335066FE58fe9237c3d3Dc7b275C2a034a0563-1759935795465,0x2c335066fe58fe9237c3d3dc7b275c2a034a0563,China Open: Tallon Griekspoor vs Andrey Rublev,Tallon Griekspoor,20901.7492,0.44,0.445,9196.7696,9301.2784,104.5087,1.1363,0x4eebd88cccc89a552f88ae48002d1ad235a379f9508a698bb49b8d43c83a19a2,74171589685363863742723080115929715360146078361373184689230747203079053758588,atp-grieksp-rublev-2026-09-29
26,0x2c335066FE58fe9237c3d3Dc7b275C2a034a0563-1759935795465,0x2c335066fe58fe9237c3d3dc7b275c2a034a0563,"Dana White's Contender Series: Ilias Bulaid vs. Erick Visconde (Featherweight, Main Card)",Ilias Bulaid,13037.02,0.5499,0.525,7170.3479,6844.4355,-325.9124,-4.5452,0xea1e918e792ea3759a3f5a3d3c486b61383837d4cd8091b06ad029b44c9612af,4807785747331786681076957214462972813913833149248814842865892288162935816432,ufc-ilibul-erivis-2026-09-29
26,0x2c335066FE58fe9237c3d3Dc7b275C2a034a0563-1759935795465,0x2c335066fe58fe9237c3d3dc7b275c2a034a0563,China Open: Tallon Griekspoor vs Andrey Rublev,Andrey Rublev,9401.6959,0.6716,0.555,6315.0439,5217.9412,-1097.1027,-17.3728,0x4eebd88cccc89a552f88ae48002d1ad235a379f9508a698bb49b8d43c83a19a2,97451264791693344899052002027507277437984700717099565200211878960651518779102,atp-grieksp-rublev-2026-09-29
26,0x2c335066FE58fe9237c3d3Dc7b275C2a034a0563-1759935795465,0x2c335066fe58fe9237c3d3dc7b275c2a034a0563,China Open: Lanlana Tararudee vs Camila Osorio,Camila Osorio,7744.755,0.68,0.62,5266.4334,4801.7481,-464.6853,-8.8235,0xf17a2fff26a8cf860bfc282303f19dd38fca0b72b3a40e2c812784f17829aade,26310563464567392112795925736176330028313659221872321178540951207953220254654,wta-tararud-osorio-2026-09-29
26,0x2c335066FE58fe9237c3d3Dc7b275C2a034a0563-1759935795465,0x2c335066fe58fe9237c3d3dc7b275c2a034a0563,Will Philadelphia 76ers win the 2027 NBA Finals?,No,5155.9209,0.8604,0.8885,4436.6048,4581.0357,144.4308,3.2554,0xf44cf137562b90cf6205e0b81a03aa63001c491e4d8f04c0098bfb9233f9d04f,7390346044733703673979810981713454788217262553112973580159592257689325355057,will-philadelphia-76ers-win-the-2027-nba-finals
26,0x2c335066FE58fe9237c3d3Dc7b275C2a034a0563-1759935795465,0x2c335066fe58fe9237c3d3dc7b275c2a034a0563,Will FC Cincinnati win on 2026-09-05?,Yes,6041.35,0.5723,0.56,3458.0145,3383.156,-74.8585,-2.1647,0xd41e70b42d2326b8007a170887b69f84f815ae7d2bd03e1eadbcd0487870a988,104485202983245728772121096907878772676602182687297303574148561717520483291258,mls-fcc-dcu-2026-09-05-fcc
26,0x2c335066FE58fe9237c3d3Dc7b275C2a034a0563-1759935795465,0x2c335066fe58fe9237c3d3dc7b275c2a034a0563,Counter-Strike: FURIA vs FUT Esports (BO3) - Esports World Cup Playoffs,FUT Esports,3333.32,0.9989,1.0,3329.9866,3333.32,3.3333,0.1,0xaea50c46b138456d358138b2c1737f22cc692ac199e2cfa0c1e86e2babf9e37b,88961346776698275312099091219289790569712776124493130520065587087692396485070,cs2-furia-fut-2026-08-22
26,0x2c335066FE58fe9237c3d3Dc7b275C2a034a0563-1759935795465,0x2c335066fe58fe9237c3d3dc7b275c2a034a0563,"Will Bitcoin dip to $25,000 by December 31, 2026?",No,2971.13,0.92,0.9885,2733.4396,2936.962,203.5224,7.4456,0xe326d1abf5fb59b82ecfdff3348e75f90561eace327ba1bdc8d38d045ddbe775,44020894143429291435765313920570636537547227867267163638960074550696342100042,will-bitcoin-dip-to-25000-by-december-31-2026-948-243-253-666-115-787-981-282-573-719-186-417-762-754-486-851-278-145-417-178-244
26,0x2c335066FE58fe9237c3d3Dc7b275C2a034a0563-1759935795465,0x2c335066fe58fe9237c3d3dc7b275c2a034a0563,Seahawks vs. Chiefs,Chiefs,5561.28,0.3599,0.5,2002.0552,2780.64,778.5847,38.8892,0x17285349676c731d183f73a24a735e834fada4594dfa623a87eb68d1b1d8c8e0,39948839931580413541399544470147144586169529640583473693880993092305363765187,nfl-sea-kc-2026-08-29
26,0x2c335066FE58fe9237c3d3Dc7b275C2a034a0563-1759935795465,0x2c335066fe58fe9237c3d3dc7b275c2a034a0563,Will Athletic Club win on 2026-09-16?,Yes,3933.12,0.38,0.425,1494.7294,1671.576,176.8465,11.8313,0x46991c8a2b6494ac93efb82d0a98096746eb822213d9489b6c5bf75358687f68,3068227102579122382947733713157536171421887447079707106440524622158036236691,lal-lev-bil-2026-09-16-bil
26,0x2c335066FE58fe9237c3d3Dc7b275C2a034a0563-1759935795465,0x2c335066fe58fe9237c3d3dc7b275c2a034a0563,Monterrey Open: Maria Timofeeva vs Ann Li,Ann Li,375.52,0.6399,0.5,240.3324,187.76,-52.5724,-21.8748,0x1f8d995c49e6794c58dcd187b413a66c625bc5296e95f22844e300da7e4a66b4,10416636817981044607341282227732576843224337864396875891458241795378763413667,wta-timofee-annli-2026-08-26
26,0x2c335066FE58fe9237c3d3Dc7b275C2a034a0563-1759935795465,0x2c335066fe58fe9237c3d3dc7b275c2a034a0563,Dota 2: TEAM VISION vs Team Spirit (BO5) - The International Playoffs,Team Spirit,112.77,0.7531,1.0,84.935,112.77,27.8349,32.7719,0x0ba31a59ae7b92571ff0f2a6f5bf8843fa88d5c9f4d0d962d21917ba0b2bdb42,57622421710893252242586221145464607184247457679278807895234035552685214942526,dota2-vsn2-ts8-2026-08-23
33,omnibus-076daa,0x076daa87c4fe1a85402a9b6b8e0a866224388d4c,Will Portugal win on 2026-10-01?,No,54283.9811,0.5206,0.525,28264.785,28499.09,234.3049,0.8289,0x851181d7131741f90700890797ee7d8a01d4611930bc809f2272425a5f8f350b,78546959674779340117340396156968781977757001842497240027375881342764329442735,unl-den-prt-2026-10-01-prt
33,omnibus-076daa,0x076daa87c4fe1a85402a9b6b8e0a866224388d4c,Will Kosovo win on 2026-10-01?,No,17108.4275,0.5842,0.595,9995.6378,10179.5144,183.8765,1.8395,0x1b07e4163a5880aeb74bdd151787d0c16bb8cea21a09b649478f9d9e9bb16f07,71071913793188733534939006713657877178601305475470546169450646293975660446491,unl-isr-kvx-2026-10-01-kvx
33,omnibus-076daa,0x076daa87c4fe1a85402a9b6b8e0a866224388d4c,Set Handicap: Alejandro Davidovich Fokina (-1.5) vs Matteo Berrettini (+1.5),Matteo Berrettini,4053.0,0.6007,1.0,2434.7273,4053.0,1618.2726,66.4662,0x085add88747d7fdd7f8bed0cdebfe487bec7bc389b07ffca7df90e01ac4e7589,24200629012534642152224496791988664060660695089135824597871530644949077445602,atp-fokina-berrett-2026-09-29-set-handicap-home-1pt5
33,omnibus-076daa,0x076daa87c4fe1a85402a9b6b8e0a866224388d4c,China Open: Eva Lys vs Xinran Sun,Xinran Sun,2557.1992,0.3746,0.96,958.133,2454.9112,1496.7781,156.2181,0xa8b5a3ae5f2e431a096bbbe61d85fc6be77f4f066356f0021f5b11677eb38d61,64224374825389027352146042127263142130815456134484771637577268516328971585393,wta-lys-su-2026-09-29
33,omnibus-076daa,0x076daa87c4fe1a85402a9b6b8e0a866224388d4c,Bari: Lorenzo Giustino vs Matthew William Donald,Matthew William Donald,3211.613,0.4995,0.705,1604.2362,2264.1872,659.9509,41.138,0x4e2170457174741085965453d3c91be9d7e50f50c374d0440f7b9e427d180f4c,95073209689170514131878151553319208687811557486070176140059508828180399667384,atp-giustin-donald-2026-10-01
33,omnibus-076daa,0x076daa87c4fe1a85402a9b6b8e0a866224388d4c,Will Republic of Ireland win on 2026-10-04?,No,4452.8805,0.5064,0.505,2255.0205,2248.7046,-6.3159,-0.28,0x19088cf0f9b7c1011be50c5d9a5309994caedef4de274d4ce7c25fb9224c2fd4,99635063077894499109089805308440087167528337180610335703239468655923644847701,unl-ire-isr-2026-10-04-ire
33,omnibus-076daa,0x076daa87c4fe1a85402a9b6b8e0a866224388d4c,"UFC 332: Johnny Walker vs. Mick Parkin (Heavyweight, Early Prelims)",Johnny Walker,3544.5114,0.5481,0.545,1942.9094,1931.7587,-11.1507,-0.5739,0xdbf163525201da65b182aada203abefc30cfa1755fc5ac74fbe42ffa5ba355ef,100988180552575256349088499172861212207882619514857214219387313488479455770167,ufc-joh-mic18-2026-10-03
33,omnibus-076daa,0x076daa87c4fe1a85402a9b6b8e0a866224388d4c,Cardinals vs. Giants,Cardinals,3430.3773,0.526,0.555,1804.6845,1903.8594,99.1748,5.4954,0x96b3caf87aeaae3cf5fe87e2faaf72c56ab4161d626a1898df469c0b02a9de62,72246934062619254858598608942083418119821898480654244040473201735482142304798,nfl-ari-nyg-2026-10-04
33,omnibus-076daa,0x076daa87c4fe1a85402a9b6b8e0a866224388d4c,China Open: Tallon Griekspoor vs Andrey Rublev,Andrey Rublev,3376.3734,0.7904,0.555,2668.693,1873.8872,-794.8058,-29.7825,0x4eebd88cccc89a552f88ae48002d1ad235a379f9508a698bb49b8d43c83a19a2,97451264791693344899052002027507277437984700717099565200211878960651518779102,atp-grieksp-rublev-2026-09-29
33,omnibus-076daa,0x076daa87c4fe1a85402a9b6b8e0a866224388d4c,O/U 1.5 Rounds,Over,3423.0,0.2714,0.505,929.2093,1728.615,799.4056,86.0307,0x10493d6406822a87a6ff091aeefc53d6981505b78b2f53d8aa7c6125b4164dc3,102293667328463465501518555211671502559742563979003272926206795830180787841088,ufc-zausab-adadio-2026-09-29-totals-1pt5
33,omnibus-076daa,0x076daa87c4fe1a85402a9b6b8e0a866224388d4c,Bari: Laurent Lokoli vs Samuele Pieri,Samuele Pieri,2261.317,0.4099,0.755,927.1377,1707.2943,780.1565,84.1467,0xe99170bc08aac3fcb55d833538f8fbd76c1f7304b5dc59b4b9300211cbec5ef3,37286425550736773045910094479046264711311001238054884941383625406609112643303,atp-lokoli-pieri-2026-10-01
33,omnibus-076daa,0x076daa87c4fe1a85402a9b6b8e0a866224388d4c,Spread: Montserrat (-1.5),Montserrat,2540.2703,0.5484,0.665,1393.2052,1689.2797,296.0744,21.2513,0x89d4d651d573e46738ec562351b169ccdfdaf7b47a697df555d8ff1fd9696ee6,21389316728215414137051403643699255969251374276437233038248642053971450564029,conl-vgb-msr-2026-10-01-spread-away-1pt5
33,omnibus-076daa,0x076daa87c4fe1a85402a9b6b8e0a866224388d4c,Spread: Saint-Martin (-1.5),Saint-Martin,2853.6249,0.5571,0.575,1589.8956,1640.8343,50.9386,3.2038,0x07e7db79245ddd26658a40ac052451318832813544eda2186de1c49f3c1eb06f,11366409972315507702336530564561968420156823758805299098766652985579821315876,conl-vir-maf-2026-10-01-spread-away-1pt5
33,omnibus-076daa,0x076daa87c4fe1a85402a9b6b8e0a866224388d4c,"Dana White's Contender Series: Ilias Bulaid vs. Erick Visconde (Featherweight, Main Card)",Erick Visconde,3303.1333,0.4499,0.475,1486.4067,1568.9883,82.5815,5.5557,0xea1e918e792ea3759a3f5a3d3c486b61383837d4cd8091b06ad029b44c9612af,42988482149573245488191603382741906366382463953651670294974477784274275268658,ufc-ilibul-erivis-2026-09-29
33,omnibus-076daa,0x076daa87c4fe1a85402a9b6b8e0a866224388d4c,Denmark vs. Portugal: O/U 2.5,Over,2680.4912,0.5658,0.585,1516.6959,1568.0873,51.3913,3.3883,0x34e6d6279550f65bfd864e18b43838c0761177e789f6d9cccb694d69c321bb11,107406301284608376185430096289603368427838931278019146298101899534762675715923,unl-den-prt-2026-10-01-total-2pt5
33,omnibus-076daa,0x076daa87c4fe1a85402a9b6b8e0a866224388d4c,Will Denmark win on 2026-10-01?,No,1792.6409,0.7238,0.735,1297.5164,1317.5911,20.0746,1.5471,0xa04730b6d4144d802dd62acbdaa592a353a1d0d3334aa3a4649c6bddec38fdb1,28096957849927199169441017980364178396417958716026442076597398342634036910076,unl-den-prt-2026-10-01-den
33,omnibus-076daa,0x076daa87c4fe1a85402a9b6b8e0a866224388d4c,"UFC 332: Roman Kopylov vs. Ateba Gautier (Middleweight, Main Card)",Ateba Gautier,1912.1381,0.6472,0.675,1237.7075,1290.6932,52.9856,4.2809,0x4b897f960f234b0b6f07ee08313481443ce839b2fa6440ab120a3e32398e1b1f,52563667488257722253844178460924496771983983501858347935033892130384423158852,ufc-rom-ate-2026-10-03
33,omnibus-076daa,0x076daa87c4fe1a85402a9b6b8e0a866224388d4c,China Open: Yunchaokete Bu vs Novak Djokovic,Novak Djokovic,1703.1688,0.7699,0.755,1311.4383,1285.8924,-25.5459,-1.9479,0x5c6b053b29d7b88810ef830daea181cabafc3edb833f33b13aa1d2cc6365e7de,62599171215799060914733466480643361931303749340817042598476918875325918609653,atp-bu-djokovi-2026-10-01
33,omnibus-076daa,0x076daa87c4fe1a85402a9b6b8e0a866224388d4c,Spread: Bengals (-2.5),Bengals,2431.9615,0.5199,0.525,1264.614,1276.7798,12.1657,0.962,0xbed753f27bdfcd49cace14cb56a6ade3924e10a3053a9f83869708516225060b,95346913179734779063959615099540178567127430652584616560315734158728464958940,nfl-jax-cin-2026-10-04-spread-home-2pt5
33,omnibus-076daa,0x076daa87c4fe1a85402a9b6b8e0a866224388d4c,Will Greece win on 2026-10-01?,No,1742.1971,0.7099,0.725,1236.9582,1263.0929,26.1346,2.1128,0x968c0d0f7e7cace2961bacba8c3f6b6d43e86b59dc9b2af4b55a007de610fdee,105809869584242571054787543218369557036203261499288481366291327090180241411275,unl-grc-nld-2026-10-01-grc
33,omnibus-076daa,0x076daa87c4fe1a85402a9b6b8e0a866224388d4c,Bari: Lorenzo Giustino vs Matthew William Donald,Lorenzo Giustino,3806.023,0.5202,0.295,1980.2188,1122.7768,-857.442,-43.3003,0x4e2170457174741085965453d3c91be9d7e50f50c374d0440f7b9e427d180f4c,113824453264624915049613909038496088345257467304288789672751064604813286848709,atp-giustin-donald-2026-10-01
33,omnibus-076daa,0x076daa87c4fe1a85402a9b6b8e0a866224388d4c,Spread: Denmark (-1.5),Portugal,1212.9888,0.8999,0.895,1091.6887,1085.625,-6.0637,-0.5554,0x3edda9548c535d06362a5f2a479244ca033ab4a5845555f1d9219e94d35c6a1d,66213159853990002631197757768292704640429556539063744927926069021039426020762,unl-den-prt-2026-10-01-spread-home-1pt5
33,omnibus-076daa,0x076daa87c4fe1a85402a9b6b8e0a866224388d4c,Will Azerbaijan win on 2026-10-01?,Yes,1216.1113,0.8592,0.885,1044.8943,1076.2585,31.3641,3.0016,0x3623c247f5158671b09d7fbf8d16cf6bc14bc476d04a2506660485be4f8a0e98,1551613822500350465801543308301765712561528886985076256848770836695922435282,unl-aze-lie-2026-10-01-aze
33,omnibus-076daa,0x076daa87c4fe1a85402a9b6b8e0a866224388d4c,Counter-Strike: Butterfly vs Noir Verse (BO3) - CCT Europe Series #10 Group Stage,Butterfly,1719.9384,0.5,0.595,860.0896,1023.3633,163.2736,18.9833,0xbc6e1c3fe944c5967b5c4ae327d9d9dc8f91b1ff6b551d179eb1a2d2e5e266bc,38987759437384850272909575574337126239802943033218010310916320829642104475721,cs2-btf-noirve-2026-10-01
33,omnibus-076daa,0x076daa87c4fe1a85402a9b6b8e0a866224388d4c,Will Bosnia and Herzegovina win on 2026-10-02?,No,1550.1549,0.7099,0.655,1100.6069,1015.3514,-85.2555,-7.7462,0xa56041dd3e183e373d1c2c01c9ebe278efa63f5ee0b7d49270f6d43645be2b63,2022690181874704781762908855589309676490777677374125174422358228684915492007,unl-bih-swe-2026-10-02-bih
33,omnibus-076daa,0x076daa87c4fe1a85402a9b6b8e0a866224388d4c,Will Guinea win on 2026-10-01?,Yes,1587.8975,0.5927,0.625,941.2017,992.4359,51.2341,5.4434,0x7fd9320b053a3fc06acef4c4421a897d8b1ac59e0d0bcb58eb61cc99a5ea486a,45504621607467959068862960124582096239236596209785631633875032375163319343828,afcq-gui-ken-2026-10-01-gui
33,omnibus-076daa,0x076daa87c4fe1a85402a9b6b8e0a866224388d4c,Iceland vs. Bulgaria: O/U 2.5,Over,1871.5214,0.4793,0.5,897.1152,935.7607,38.6454,4.3077,0x555237a09d5e3df72ce52e17d694099a3ed4bb268459e9c9648ec089cbfc8ee0,53600467058939430492310836541711405893151244870526581844520312012815519892406,unl-isl-bul-2026-10-03-total-2pt5
33,omnibus-076daa,0x076daa87c4fe1a85402a9b6b8e0a866224388d4c,M25 Zaragoza: Lorenzo Carboni vs Javier Barranco Cosano,Lorenzo Carboni,932.8352,0.8499,0.9995,792.909,932.3688,139.4597,17.5883,0x85302c67c8d73c5bf01c4656e01bd6fee80bb6a35a76880f8833f031874b2dfc,31723036563454852598759783799181798601342620269755339038983611200546890863001,itf-carbon1-cosano1-2026-10-01
33,omnibus-076daa,0x076daa87c4fe1a85402a9b6b8e0a866224388d4c,M25 Kigali: Benjamin Lock vs Toufik Sahtali,Benjamin Lock,932.1688,0.7687,0.9995,716.5683,931.7027,215.1343,30.0228,0xefecc14e23515deb522ea93bd72ee0604fa9451e44740953fc872a2cc8f91ae8,33469675373778859202501590485010185087157186355026368352805533213247996223354,itf-lock2-sahtal1-2026-10-01
33,omnibus-076daa,0x076daa87c4fe1a85402a9b6b8e0a866224388d4c,Will Ukraine win on 2026-10-02?,No,1789.7106,0.4947,0.495,885.3782,885.9067,0.5284,0.0596,0xc6c7f6150a6e87df0debc2e035c5e0266be363bfde0b433d74b5181a09774d23,56115413733430440269203952987496627992915647637104364869978410801369833099610,unl-ukr-nir-2026-10-02-ukr
33,omnibus-076daa,0x076daa87c4fe1a85402a9b6b8e0a866224388d4c,Wales vs. Norway: Norway O/U 5.5 Corners,Over,1575.0772,0.4835,0.525,761.6557,826.9155,65.2597,8.5681,0x9bed902e66e11dddcd3256c48705e599e1d254af8d64eb27c75668ffbc28ffcc,26175290419188858473135674876888937599315998095801915307865134128742959992307,unl-wal-nor-2026-10-01-corners-team-away-5pt5
33,omnibus-076daa,0x076daa87c4fe1a85402a9b6b8e0a866224388d4c,Azerbaijan vs. Liechtenstein: Liechtenstein O/U 0.5,Under,1010.8596,0.6732,0.785,680.5141,793.5248,113.0106,16.6066,0xd30965bdade6e52a2f86549f25d0f79f6dbc3236055e4cf207f6f5b6384cc9fa,35692339731614328998269090726926472936580584135352344517870227564132049224579,unl-aze-lie-2026-10-01-team-total-away-0pt5
33,omnibus-076daa,0x076daa87c4fe1a85402a9b6b8e0a866224388d4c,Will Italy win on 2026-10-05?,Yes,1284.0658,0.6137,0.615,788.149,789.7005,1.5514,0.1968,0x9837f69b1e4ff58aa7680b6780765657f1d5081da7aac5d81af3501b235e5bc6,11632521243664108438279518871801325950876051103273866318207057955203969555134,unl-ita-tur-2026-10-05-ita
33,omnibus-076daa,0x076daa87c4fe1a85402a9b6b8e0a866224388d4c,Counter-Strike: HOTU vs Team Nemesis (BO3) - CIS LAN Championship Playoffs,HOTU,1619.5878,0.4601,0.485,745.2476,785.5001,40.2524,5.4012,0x62850ca2dcf6dd03b02d1acab6f0a8c3a39768fdb9ad3e5d30c2440fb2c45e20,114259426603787271465813546774709398172224822421127909040618865968458428235387,cs2-hotu-nem-2026-10-01
33,omnibus-076daa,0x076daa87c4fe1a85402a9b6b8e0a866224388d4c,Will Scotland win on 2026-10-03?,Yes,1390.9089,0.5446,0.545,757.6171,758.0453,0.4281,0.0565,0x46dc3f9dc91c4b8e9d7fab2be0216a0052b1f4b265b1265289fd6ee94caa84f0,59033319465164452961278357348726888937485584177295363573942196435199895643645,unl-mac-sco-2026-10-03-sco
33,omnibus-076daa,0x076daa87c4fe1a85402a9b6b8e0a866224388d4c,Spread: Spain (-2.5),Spain,1366.7563,0.5032,0.55,687.8093,751.716,63.9066,9.2913,0xbede1338e66251cda367cb23e0af8176ebd63854badccbf88664bca8be097ad7,17999270988670293142841561436491833753588022747644173728460943225689032863312,unl-esp-cze-2026-10-03-spread-home-2pt5
33,omnibus-076daa,0x076daa87c4fe1a85402a9b6b8e0a866224388d4c,China Open: Harriet Dart vs Yihan Qu,Harriet Dart,726.0098,0.7208,0.9995,523.3292,725.6467,202.3174,38.6596,0x438048a54b6cb38dd8aad6a51973c1ca60bdf9ad85b49f2e46972c8beabd4be0,21604508743550320499554760123946187296837312703396751917554300156414797631658,wta-dart-qu-2026-09-30
33,omnibus-076daa,0x076daa87c4fe1a85402a9b6b8e0a866224388d4c,KBO: Kiwoom Heroes vs. Lotte Giants,Lotte Giants,684.2461,0.6499,0.9945,444.7593,680.4828,235.7234,53.0002,0xdc01afb1c77a18d709739a8324f16574aa75d0390934d7372a6adb55b0c3c47f,66490967875780932512872060525522886748147272287338736788462748112974934548140,kbo-kiw-lot-2026-08-05
33,omnibus-076daa,0x076daa87c4fe1a85402a9b6b8e0a866224388d4c,Spread: Guyana (-1.5),Guyana,1155.8794,0.5692,0.565,657.9468,653.0718,-4.875,-0.7409,0xe7a31858d325b87c842f582015101629405eedeb3b597b83a6791c200cbc0f7a,593931690946750861319004344806784720567401449742999713039337666211070310877,conl-dma-guy1-2026-10-01-spread-away-1pt5
33,omnibus-076daa,0x076daa87c4fe1a85402a9b6b8e0a866224388d4c,China Open: Alexander Bublik vs Jakub Mensik,Alexander Bublik,1446.6336,0.3883,0.395,561.7371,571.4202,9.683,1.7237,0x2e21bee32bc292cb82a4c3809000386b46cf1a474418a2928136d541fa7a6392,40793142872483563143324830350718214963261922724276364279192079246937676308546,atp-bublik-mensik-2026-09-29
33,omnibus-076daa,0x076daa87c4fe1a85402a9b6b8e0a866224388d4c,M25 Kigali: Rodrigo Alujas vs Calvin Hemery,Calvin Hemery,585.6558,0.9272,0.9445,543.0594,553.1519,10.0924,1.8584,0x0eae62088fb2b744b7656680eface7b6a4a2905c4573affcb8b7e2ff2a0f2f50,65631563966117257003399759177421448990044727262754043656883229737514961311193,itf-alujas1-hemery2-2026-10-01
33,omnibus-076daa,0x076daa87c4fe1a85402a9b6b8e0a866224388d4c,"UFC 332: Marvin Vettori vs. Ismail Naurdiev (Middleweight, Early Prelims)",Ismail Naurdiev,979.2587,0.5497,0.555,538.3886,543.4885,5.0998,0.9472,0xed3f93d7c4f9f7acc3dac96ee01d6b789911ec8fb90d76baf5940cc0f53f1540,80252731797079685315194475317259618788040396482494160985171604232298617461165,ufc-mar15-ism-2026-10-03
33,omnibus-076daa,0x076daa87c4fe1a85402a9b6b8e0a866224388d4c,Will Suriname win on 2026-10-02?,Yes,1195.119,0.4198,0.44,501.7994,525.8523,24.0528,4.7933,0x1448ac86ad50d281a082ce306d4be69365199b8cd7a72840e448e4353493aa8f,93939662018306343095518262690399483905357494319905220563565799059610327446424,conl-sur-gua-2026-10-02-sur
33,omnibus-076daa,0x076daa87c4fe1a85402a9b6b8e0a866224388d4c,Mouilleron-Le-Captif: Henry Bernet vs Dominic Stephan Stricker,Dominic Stephan Stricker,1923.0134,0.6025,0.27,1158.7509,519.2136,-639.5373,-55.1919,0x1890618beb5b1b4ba1e5509b2d0852786362e4a7f215ff9cdfcfab185051598a,31816292053779904369762267483806198817590877838206047701476768300691806639483,atp-bernet-stricke-2026-10-01
33,omnibus-076daa,0x076daa87c4fe1a85402a9b6b8e0a866224388d4c,Will Netherlands win on 2026-10-01?,No,965.7225,0.5308,0.535,512.6576,516.6615,4.0038,0.7809,0x937e5a418fa793c2508ca1429e8964f04dd627b842566de30f83dac5075f2fc5,44841156290552732075166288581204000707333321759547270052099724693625303529709,unl-grc-nld-2026-10-01-nld
33,omnibus-076daa,0x076daa87c4fe1a85402a9b6b8e0a866224388d4c,"UFC 332: Marcus McGhee vs. Bernardo Sopaj (Bantamweight, Prelims)",Bernardo Sopaj,982.3863,0.4392,0.505,431.5098,496.1051,64.5952,14.9695,0x90d67d4cd15dce1dc1eb4846b66999fe8388f835ff54293abf9b497b4f8cd6f7,35916958621651424176523595174490693167794967799691020789797796559894917268325,ufc-mar42-ber1-2026-10-03
33,omnibus-076daa,0x076daa87c4fe1a85402a9b6b8e0a866224388d4c,DEL: Adler Mannheim vs. Iserlohn Roosters,Adler Mannheim,609.4686,0.8099,0.805,493.669,490.6222,-3.0468,-0.6171,0x1b7bf1cef43e1c289679676a2ce39254670903f17881abde57d866cd8ee71b43,103978338907047358936935476118342179617239636141045737420716211408594565793628,dehl-adl-ise-2026-10-01
33,omnibus-076daa,0x076daa87c4fe1a85402a9b6b8e0a866224388d4c,Switzerland vs. Slovenia: O/U 2.5,Under,978.5,0.4847,0.495,474.3394,484.3575,10.018,2.1119,0x4b908ae1dbb14dbc961587921bc4f155da209b7a7212eafe69db4b31322a9fdc,95708422222387642391440542641377527228580241112209704047225329234053441096898,unl-che-slv-2026-10-03-total-2pt5
33,omnibus-076daa,0x076daa87c4fe1a85402a9b6b8e0a866224388d4c,Will Germany win on 2026-10-01?,No,2589.9158,0.2131,0.185,552.0156,479.1344,-72.8812,-13.2027,0xd3eb64c1c6c36521d32d4db0fd0f33b3ce9581414916bb68d648618f120a17e9,70758883042557648070864385657376084535869582053599565551011033029882989327560,unl-ger-ser-2026-10-01-ger
33,omnibus-076daa,0x076daa87c4fe1a85402a9b6b8e0a866224388d4c,China Open: Tallon Griekspoor vs Andrey Rublev,Tallon Griekspoor,1044.5141,0.4702,0.445,491.1488,464.8088,-26.34,-5.3629,0x4eebd88cccc89a552f88ae48002d1ad235a379f9508a698bb49b8d43c83a19a2,74171589685363863742723080115929715360146078361373184689230747203079053758588,atp-grieksp-rublev-2026-09-29
33,omnibus-076daa,0x076daa87c4fe1a85402a9b6b8e0a866224388d4c,Will San Marino win on 2026-10-06?,No,463.9562,0.9781,0.9835,453.8122,456.3009,2.4886,0.5483,0x21d42082cee5f965649b043cc87ac356f447a93e07bfbbc0d1f0c09a2902ab7c,49865564813758173860181430251818220888787488251442721360166636558446200650339,unl-alb-smr-2026-10-06-smr
33,omnibus-076daa,0x076daa87c4fe1a85402a9b6b8e0a866224388d4c,Will Guadeloupe win on 2026-10-02?,No,738.6701,0.5668,0.595,418.689,439.5087,20.8196,4.9725,0xae7f6d3cf0abda64feb0a983e7fb877fb8336507524c6aadd391ce531d9d8535,51551780733599689041381567971746598566075448107656332439310855242825226677348,conl-lca-gdl-2026-10-02-gdl
33,omnibus-076daa,0x076daa87c4fe1a85402a9b6b8e0a866224388d4c,W75 Quinta do Lago: Elena Malygina vs Katie Swan,Katie Swan,436.7817,0.74,0.9995,323.2194,436.5633,113.3438,35.0671,0x8ed0332ad16b11d159679b9aa7067f40d86172423f2cd72063b349bec029ccde,13747268823430549297671968870407401821825491923370014482464873542544196384310,itf-malygi1-swan1-2026-10-01
33,omnibus-076daa,0x076daa87c4fe1a85402a9b6b8e0a866224388d4c,"UFC 332: Johnny Walker vs. Mick Parkin (Heavyweight, Early Prelims)",Mick Parkin,955.1818,0.4399,0.455,420.2296,434.6077,14.378,3.4214,0xdbf163525201da65b182aada203abefc30cfa1755fc5ac74fbe42ffa5ba355ef,83662363029765156268290968310968975789140264830475014728195605069147393682055,ufc-joh-mic18-2026-10-03
33,omnibus-076daa,0x076daa87c4fe1a85402a9b6b8e0a866224388d4c,"M15 Fayetteville, AR: Theo Papamalamis vs Tito Chavez",Theo Papamalamis,564.2914,0.7286,0.74,411.179,417.5756,6.3965,1.5556,0x06c058e74087653d5d4b7fec2491911305d7687965d0c9c2398716fb5fb26550,63925068766986894960861456223897250287209427756238789729514270313771533858811,itf-papama1-chavez1-2026-10-01
33,omnibus-076daa,0x076daa87c4fe1a85402a9b6b8e0a866224388d4c,Counter-Strike: B8 vs Luminosity (BO3) - Stake Ranked Episode 4 Playoffs,B8,1238.334,0.5633,0.33,697.6175,408.6502,-288.9673,-41.422,0xdd9f58a518ef8c4867b817594245caffa177886840f2d2b55cc72e648541838a,2287233469446857164468496332003580286830467153427518315322481360100534578514,cs2-b8-lg6-2026-10-01
33,omnibus-076daa,0x076daa87c4fe1a85402a9b6b8e0a866224388d4c,Dota 2: GamerLegion vs Yakult Brothers (BO3) - BLAST Slam Group D,Yakult Brothers,1005.5713,0.4083,0.395,410.6187,397.2006,-13.4181,-3.2677,0xd2cb208fcf72a67120e6471165afd796676ceca6646ee34f436693b17e1d365d,59223391695135953363005043298304769703054020908069930336028054582737724230463,dota2-gl-yb1-2026-10-01
33,omnibus-076daa,0x076daa87c4fe1a85402a9b6b8e0a866224388d4c,Japan Open Tennis Championships: Alejandro Davidovich Fokina vs Matteo Berrettini,Matteo Berrettini,410.0232,0.4299,0.934,176.3095,382.9617,206.6521,117.2097,0x0f648bb2d7cc7b2e352034badac0426ebf9431273319c288165b90bf7f8408ba,64365068040398058160791036986338416008905649601734152503852862347134683074643,atp-fokina-berrett-2026-09-29
33,omnibus-076daa,0x076daa87c4fe1a85402a9b6b8e0a866224388d4c,"UFC 332: Marvin Vettori vs. Ismail Naurdiev (Middleweight, Early Prelims)",Marvin Vettori,833.3381,0.4399,0.445,366.6671,370.8354,4.1682,1.1367,0xed3f93d7c4f9f7acc3dac96ee01d6b789911ec8fb90d76baf5940cc0f53f1540,87435343335447617540126395202232242872961112307724837695533656655522188114077,ufc-mar15-ism-2026-10-03
33,omnibus-076daa,0x076daa87c4fe1a85402a9b6b8e0a866224388d4c,CS Independiente Rivadavia vs. Gimnasia y Esgrima de La Plata: O/U 1.5,Under,1190.9928,0.2762,0.31,328.9761,369.2077,40.2315,12.2293,0x07665cf7d3b30388b2ab69ab5bdab6420b8e9924cb14b92527b4596fd54156bc,93042956026360893382449154809141180414863454533219622385606670923601277789441,arg-riv1-gim-2026-10-02-total-1pt5
33,omnibus-076daa,0x076daa87c4fe1a85402a9b6b8e0a866224388d4c,China Open: Learner Tien vs Hubert Hurkacz,Learner Tien,689.1708,0.572,0.515,394.2083,354.9229,-39.2854,-9.9656,0x2ae7702fee68275f49d3a0daec399bc625e125d8798b9fe1d16249e940f1e7a6,52820446692118262441927660702865954334641437719601141865508282235877235126020,atp-tien-hurkacz-2026-09-29
33,omnibus-076daa,0x076daa87c4fe1a85402a9b6b8e0a866224388d4c,LoL: Bushido Wildcats vs Frites Esports Club (BO3) - EMEA Masters Swiss Stage,Bushido Wildcats,633.7692,0.5199,0.515,329.5593,326.3911,-3.1682,-0.9613,0x61a715708aa3dbf6e4356350703897519599239df7bac3b4b94d7a13d399c53b,18770512322329195014542129664082886047234488764803064579718717299161655300348,lol-bw-fec-2026-10-01
33,omnibus-076daa,0x076daa87c4fe1a85402a9b6b8e0a866224388d4c,Seattle Sounders FC vs. Sporting Kansas City: 1st Half O/U 5.5 Total Corners,Under,526.2661,0.6229,0.615,327.8467,323.6537,-4.193,-1.2789,0x458bb07100fd2431f872cfa6e3460e9fb5480d0e4a563a093675a2f909689ede,80864878577513314056770872305272848780135142424569294316691533662201598799840,mls-sea-skc-2026-10-01-corners-first-half-total-5pt5
33,omnibus-076daa,0x076daa87c4fe1a85402a9b6b8e0a866224388d4c,Will Belarus win on 2026-10-03?,Yes,365.4678,0.8862,0.885,323.8897,323.439,-0.4507,-0.1391,0x39b7704a2efd5962330cf7d879ae61cedac492bad784a4eadbbeabdc298a57d9,93397190724939491323304468180943795676785708492322103654481479910803660955437,unl-bela-smr-2026-10-03-bela
33,omnibus-076daa,0x076daa87c4fe1a85402a9b6b8e0a866224388d4c,Will England win on 2026-10-03?,No,667.1023,0.5137,0.475,342.7289,316.8735,-25.8554,-7.5439,0x0c30e102bf7187e6cc80ab56c0e0701673cbd5ddcb6c460efd4e6dc957cd45f9,12713680738758389502120550736658795120765370323376454841583560990441669511227,unl-hrv-eng-2026-10-03-eng
33,omnibus-076daa,0x076daa87c4fe1a85402a9b6b8e0a866224388d4c,Will SD Eibar win on 2026-10-03?,Yes,787.1944,0.3599,0.395,283.3892,310.9418,27.5525,9.7224,0x5d8b73a3b30c715194ae9e39693af190aaf7ceb208e25ad65e18b45e4386d155,108958104052146280892144578943281096644368687711727880546135082119112578364322,es2-alb-eib-2026-10-03-eib
33,omnibus-076daa,0x076daa87c4fe1a85402a9b6b8e0a866224388d4c,Will Ukraine win on 2026-10-02?,Yes,615.3725,0.5099,0.505,313.8393,310.7631,-3.0762,-0.9801,0xc6c7f6150a6e87df0debc2e035c5e0266be363bfde0b433d74b5181a09774d23,31012371074683754281827934078448271762478175684061014844598149107287687647231,unl-ukr-nir-2026-10-02-ukr
33,omnibus-076daa,0x076daa87c4fe1a85402a9b6b8e0a866224388d4c,Will France win on 2026-10-02?,Yes,441.558,0.7511,0.695,331.6568,306.8828,-24.774,-7.4697,0x2b9e6a942a16f2ca43ddec6033c0c4afd6fb11cf06eb840f422282371eb066dd,65941091065939106472835109280359379224650838855424511168579788941359855208899,unl-fra-ita-2026-10-02-fra
33,omnibus-076daa,0x076daa87c4fe1a85402a9b6b8e0a866224388d4c,W15 Trelew: Luciana Moyano vs Sofia Meabe,Luciana Moyano,418.7205,0.7139,0.73,298.939,305.6659,6.7268,2.2502,0x4e9802c214a4e8aaa0146931334eb727363673f042509968ed84b51124d5e8ea,73983329723265544806249646957501218803487472369651626019906865835886852453280,itf-moyano1-meabe1-2026-10-01
33,omnibus-076daa,0x076daa87c4fe1a85402a9b6b8e0a866224388d4c,"UFC 332: Alden Coria vs. Imanol Rodriguez (Flyweight, Prelims)",Imanol Rodriguez,529.0855,0.5899,0.575,312.1092,304.2242,-7.885,-2.5263,0x33fb4edb75d2d60adf3d203f3e2a8ac1b47161969c0f999129283a50876fc135,23112834422630622265367985525940548321659527389617330615115372082812656395722,ufc-ald-ima1-2026-10-03
33,omnibus-076daa,0x076daa87c4fe1a85402a9b6b8e0a866224388d4c,M15 Baku: James Connel vs Nicolas Jadoun,James Connel,301.1333,0.4499,0.9995,135.5097,300.9827,165.4729,122.1114,0x9bf531d436494b866c18f29dbabee1be54d9138e4358d7fafd0592308d2a149f,53250446521868092143196024351768246264623535280623758760776272612385476704361,itf-connel1-jadoun1-2026-10-01
33,omnibus-076daa,0x076daa87c4fe1a85402a9b6b8e0a866224388d4c,Counter-Strike: BIG vs fnatic (BO3) - Stake Ranked Episode 4 Playoffs,fnatic,776.0571,0.3499,0.375,271.6192,291.0214,19.4021,7.1431,0xefc44258029233cc128765cafb7e29df63064ef2b63fdf49a8a7e2ee2461b7da,20538468596373017264977571671213726378110590646079996338721343717135560574121,cs2-big5-fnc-2026-10-01
33,omnibus-076daa,0x076daa87c4fe1a85402a9b6b8e0a866224388d4c,Will Austria win on 2026-10-01?,No,523.5636,0.5499,0.555,287.9594,290.5778,2.6183,0.9092,0x3b0934a4c72df7994640e7ca970c6ba3461ba9a10f0f66e35a6f73cd6da6cba8,21940123595325312326112666242959448144388650568754612483767846699554839289297,unl-ire-aut-2026-10-01-aut
33,omnibus-076daa,0x076daa87c4fe1a85402a9b6b8e0a866224388d4c,Greece vs. Netherlands: O/U 8.5 Total Corners,Over,529.9811,0.5299,0.545,280.8894,288.8397,7.9502,2.8303,0x96bce261fad996303904ef6f28b8c662a3412bdd6af93ad0f3797b5a41d26afb,110115585026969857632191634799164062157926625027262400399458656672218338548799,unl-grc-nld-2026-10-01-corners-total-8pt5
33,omnibus-076daa,0x076daa87c4fe1a85402a9b6b8e0a866224388d4c,Columbus: Bryce Nakashima vs Keegan Smith,Keegan Smith,482.6613,0.577,0.575,278.5386,277.5302,-1.0084,-0.362,0x0a1d938d23fa36f252f3b3ba7f3e97e8677c3e436edf1b1ce98f30ec706d966c,64189678931321090340415921265870970660791903946899994027375297526130532493477,atp-nakash-smit-2026-10-01
33,omnibus-076daa,0x076daa87c4fe1a85402a9b6b8e0a866224388d4c,Game Handicap: BAR (-1.5) vs Senshi Esports Club (+1.5),Senshi Esports Club,585.2278,0.4325,0.435,253.1393,254.574,1.4346,0.5667,0x0b00ee5349e72170a4584429de0922d6a9a435b7b19a9416bb073d04b9fec57a,71623413868716432701662210552374070716227236085622945254892429026656443595878,lol-sec-bar-2026-10-01-game-handicap-home-1pt5
33,omnibus-076daa,0x076daa87c4fe1a85402a9b6b8e0a866224388d4c,Will Maldives win on 2026-10-01?,No,260.4093,0.9769,0.977,254.4198,254.4199,0.0,0.0,0x820beb3434b1a916ea0367a16d3dd827820ebd8be14ff5166072ed64b7d6507a,64632294224861915435576801782288063726036267734520380035076106467553449514122,fif-mdv-lib-2026-10-01-mdv
33,omnibus-076daa,0x076daa87c4fe1a85402a9b6b8e0a866224388d4c,Will England win on 2026-10-03?,Yes,482.4901,0.5097,0.525,245.9695,253.3073,7.3377,2.9831,0x0c30e102bf7187e6cc80ab56c0e0701673cbd5ddcb6c460efd4e6dc957cd45f9,28216570787929077754091402387541496199332411246907975568777153471525339772703,unl-hrv-eng-2026-10-03-eng
33,omnibus-076daa,0x076daa87c4fe1a85402a9b6b8e0a866224388d4c,W75 Quinta do Lago: Lea Nilsson vs Susan Bandecchi,Susan Bandecchi,250.7205,0.6799,0.9995,170.4897,250.5952,80.1054,46.9854,0xcd3e73c8f06fe34b3437014450ea54ff3eeec6f66e1e3476d3525c232cd4e744,65298284445551631799137544472637356887810540858295590810503754950027499509156,itf-nilsso1-bandec1-2026-10-01
33,omnibus-076daa,0x076daa87c4fe1a85402a9b6b8e0a866224388d4c,Patriots vs. Bills: O/U 47.5,Under,521.4468,0.4699,0.465,245.0794,242.4727,-2.6067,-1.0636,0x079bd287e6186eaddd0491f1ffc52e303f8cf1ff4130b4341587cb9e9af4861a,83146852100416044763259313575341420676981777382717274696297025721777145971433,nfl-ne-buf-2026-10-04-total-47pt5
33,omnibus-076daa,0x076daa87c4fe1a85402a9b6b8e0a866224388d4c,Denmark vs. Portugal: O/U 9.5 Total Corners,Over,471.6595,0.4699,0.5,221.6795,235.8297,14.1501,6.3831,0xe8ad25e107ba11a1937e3d9daea661cca6e5bef68f1f95a06a68e09fc4b009d7,65797904017618044160243775718593516290010991882628960586146408265034290949517,unl-den-prt-2026-10-01-corners-total-9pt5
33,omnibus-076daa,0x076daa87c4fe1a85402a9b6b8e0a866224388d4c,Counter-Strike: FaZe vs Nemiga (BO3) - Stake Ranked Episode 4 Playoffs,FaZe,373.6483,0.6347,0.605,237.1793,226.0572,-11.1221,-4.6893,0xba9628a459d21f7ca2b4921880c87c5b224710bb6c8a7e7e7b9845f8c88ca011,35553038682885136481952231679961093662048137269215670845483363909338984696858,cs2-faze-nemi1-2026-10-01
33,omnibus-076daa,0x076daa87c4fe1a85402a9b6b8e0a866224388d4c,Belarus vs. San Marino: Belarus O/U 3.5,Under,362.5,0.62,0.615,224.75,222.9375,-1.8125,-0.8064,0x43dde95664c4097721bac8b46bd639653aa5bbba9616da5a591121db92793502,26300879162976533622042118979868452682971076616363864173552424818052464023491,unl-bela-smr-2026-10-03-team-total-home-3pt5
33,omnibus-076daa,0x076daa87c4fe1a85402a9b6b8e0a866224388d4c,CA Tucumán vs. CA Barracas Central: O/U 3.5,Under,253.3488,0.8599,0.855,217.8797,216.6132,-1.2665,-0.5812,0xad929c89a1f65a944cafca329a048c6eaecb1019d8f6fe613607f52db3484ca6,36035442383713333110173718016467559456974607495416002645914168166685738195176,arg-cat-bar-2026-10-03-total-3pt5
33,omnibus-076daa,0x076daa87c4fe1a85402a9b6b8e0a866224388d4c,Spread: Uzbekistan (-1.5),Uzbekistan,605.25,0.3599,0.355,217.8893,214.8637,-3.0256,-1.3885,0x5b2d2b7eb05953ab701e13da0f6aa92064afa8d699385c741b800a0b84d6445d,102133278692739476108639307398950781790948533747396013893604315846593987557708,fif-uzb-syr-2026-10-01-spread-home-1pt5
33,omnibus-076daa,0x076daa87c4fe1a85402a9b6b8e0a866224388d4c,Azerbaijan vs. Liechtenstein: Azerbaijan O/U 2.5,Over,438.25,0.5129,0.49,224.7899,214.7425,-10.0474,-4.4696,0xe95fa12f6c850409fbe47a1278404a73ac27a42b15647bd9bbdbea400b660e61,44074566050682894227315936903565301719079403871175562518232123507282862299551,unl-aze-lie-2026-10-01-team-total-home-2pt5
33,omnibus-076daa,0x076daa87c4fe1a85402a9b6b8e0a866224388d4c,SHL: Frölunda HC vs. Brynäs,Brynäs,481.3387,0.4511,0.445,217.14,214.1957,-2.9443,-1.3559,0xf4874f5842c343a78829e743ea308a311ef7c37b2b5589c7df6418b48f72dce9,78795129017493226423262073915834301186378958589404145265327308798261967915501,shl-fro-bry-2026-10-01
33,omnibus-076daa,0x076daa87c4fe1a85402a9b6b8e0a866224388d4c,Will CD Universidad de Concepción win on 2026-09-13?,Yes,455.326,0.4599,0.46,209.4495,209.45,0.0004,0.0001,0xf3ce8dcd1366198e3ca62d5d64c49c29511a35c6e6bd57c93e2900e3fde929f4,84571526149311748081279154580693395666510625012661056260554073866103865297101,chi1-cu1-cdh-2026-09-13-cu1
33,omnibus-076daa,0x076daa87c4fe1a85402a9b6b8e0a866224388d4c,Will FC CFR 1907 Cluj win on 2026-08-10?,No,326.4596,0.5019,0.635,163.8813,207.3018,43.4204,26.495,0x2ae35b8df13f004421605a0b954b1cff2ee17097807e074ff8b9eccc82d43273,49869910396200890334653203457575851913182576744354422688511820431177642707000,rou1-fcc-fuc-2026-08-10-fcc
33,omnibus-076daa,0x076daa87c4fe1a85402a9b6b8e0a866224388d4c,Japan Open Tennis Championships: Adolfo Vallejo vs Rafael Jodar,Adolfo Vallejo,193.9259,0.6477,0.9995,125.6197,193.8289,68.2091,54.298,0x1b933b0bcaead2eccb4a93d49a350ca06ee80b44cb71f32d7374eec542449d44,108553296642379646337244237709319228026828843258900877411121078572066741163887,atp-vallejo-jodar-2026-09-30
33,omnibus-076daa,0x076daa87c4fe1a85402a9b6b8e0a866224388d4c,Will France win on 2026-10-02?,No,610.6129,0.3099,0.305,189.2893,186.2369,-3.0524,-1.6125,0x2b9e6a942a16f2ca43ddec6033c0c4afd6fb11cf06eb840f422282371eb066dd,49544405543333031354294253157724216741756235619113562702176166686871464338310,unl-fra-ita-2026-10-02-fra
33,omnibus-076daa,0x076daa87c4fe1a85402a9b6b8e0a866224388d4c,Spread: CD Castellón (-2.5),CD Castellón,561.2,0.3499,0.33,196.4194,185.196,-11.2234,-5.7139,0x9f6935b099347b94239642ab3568d31a09c47272fba346c06830211a08f89790,57139310762891266976339863926931134468208365768692223911123750152778002614762,es2-cas-ceu-2026-10-04-spread-home-2pt5
33,omnibus-076daa,0x076daa87c4fe1a85402a9b6b8e0a866224388d4c,Denmark vs. Portugal: Denmark O/U 4.5 Corners,Under,331.8332,0.5549,0.545,184.1492,180.8491,-3.3001,-1.792,0x2634ed5cea1a41995e4936b3c44235f81d81503e9cd3ca8d2f7d3f3f232bc6d5,42743533963511272602688878840505288874367072336661830023290636885355669496044,unl-den-prt-2026-10-01-corners-team-home-4pt5
33,omnibus-076daa,0x076daa87c4fe1a85402a9b6b8e0a866224388d4c,Texas Southern vs. Florida Atlantic: O/U 61.5,Under,344.4532,0.5427,0.525,186.9586,180.8379,-6.1207,-3.2738,0xf8812cf6bbe82d5b1a586c44f396f70d58e767e78081c2e2c8cfe17b74870a01,62061727034685840473649076097728258264345483309359906903269082609469961712484,cfb-txs-flatl-2026-10-03-total-61pt5
33,omnibus-076daa,0x076daa87c4fe1a85402a9b6b8e0a866224388d4c,M25 Slobozia: Filip Jeff Planinsek vs Borys Zgola,Filip Jeff Planinsek,264.1111,0.8954,0.66,236.4997,174.3133,-62.1864,-26.2944,0x007b941c6fec917aa8b7e8b68a6f8ef1d8a7bf3811226e12ca8a9e89e3bb975a,12992136242475093654102544089136139435667550270788899360977406699817356440446,itf-planin1-zgola1-2026-10-01
33,omnibus-076daa,0x076daa87c4fe1a85402a9b6b8e0a866224388d4c,Dota 2: GamerLegion vs Yakult Brothers (BO3) - BLAST Slam Group D,GamerLegion,287.1052,0.5699,0.605,163.6497,173.6986,10.0488,6.1404,0xd2cb208fcf72a67120e6471165afd796676ceca6646ee34f436693b17e1d365d,12564494151629086988793016130735380841428099644238337830985265774375140296844,dota2-gl-yb1-2026-10-01
33,omnibus-076daa,0x076daa87c4fe1a85402a9b6b8e0a866224388d4c,"UFC 332: Marcus McGhee vs. Bernardo Sopaj (Bantamweight, Prelims)",Marcus McGhee,344.8039,0.5099,0.495,175.8496,170.6779,-5.1717,-2.9409,0x90d67d4cd15dce1dc1eb4846b66999fe8388f835ff54293abf9b497b4f8cd6f7,68742575016392992819608695431415835057093671406450949606645715670181282888651,ufc-mar42-ber1-2026-10-03
33,omnibus-076daa,0x076daa87c4fe1a85402a9b6b8e0a866224388d4c,Will Sweden win on 2026-10-02?,No,276.625,0.5538,0.605,153.2198,167.3581,14.1382,9.2273,0xc539883bcbb1f199e2970e5fa6611fc2fe7a21d1e35458429d1deb84bf830ec6,87821766028609410613769024545132540520244233598636556754137507916307285965736,unl-bih-swe-2026-10-02-swe
33,omnibus-076daa,0x076daa87c4fe1a85402a9b6b8e0a866224388d4c,Nicaragua vs. Costa Rica: Costa Rica O/U 1.5,Over,273.3684,0.5698,0.6,155.7699,164.021,8.251,5.2969,0xd1cfde54307c1bf8ed64491d2c8b0627ea42c923b503bd4ac343275be7ab5214,110422008227798207665659298493373154143558258260756447964571036751071726426199,conl-nca-cri-2026-10-01-team-total-away-1pt5
33,omnibus-076daa,0x076daa87c4fe1a85402a9b6b8e0a866224388d4c,Unicaja vs. La Laguna Tenerife,Unicaja,224.5531,0.7985,0.72,179.3097,161.6782,-17.6315,-9.8329,0x6c7dfc76eaac1167e1b368e4f61afb199a4c247cfd59bf08352a351a959553a1,70224042330343973287868812561229981236389465399509191233225483770147641456866,bkligend-uni-la-2026-10-03
33,omnibus-076daa,0x076daa87c4fe1a85402a9b6b8e0a866224388d4c,"W100 Templeton, CA: Caroline Dolehide vs Kate Fakih",Caroline Dolehide,185.9308,0.8683,0.845,161.4596,157.1116,-4.348,-2.6929,0x808fb44c60e3d2d7d0bec91f15b06f46213b296e582ed75772511d847074088d,32889507076067468654975647175611546148475203633196652850851906947687331668134,itf-dolehi1-fakih1-2026-10-02
33,omnibus-076daa,0x076daa87c4fe1a85402a9b6b8e0a866224388d4c,Columbus: Bryce Nakashima vs Keegan Smith,Bryce Nakashima,359.6301,0.4264,0.425,153.3696,152.8428,-0.5268,-0.3434,0x0a1d938d23fa36f252f3b3ba7f3e97e8677c3e436edf1b1ce98f30ec706d966c,106563443602132782751960631451631193652273883369256051501201047201755300218077,atp-nakash-smit-2026-10-01
33,omnibus-076daa,0x076daa87c4fe1a85402a9b6b8e0a866224388d4c,Curaçao vs. Trinidad and Tobago: O/U 2.5,Over,273.5948,0.5073,0.555,138.816,151.8451,13.029,9.3858,0x18c6ae7b7e6b29a431585a900c0dc9f49f75c06c5b0b1bcd9c3b18833a41db5a,95522528648605380811078983416335826909547606559639587154635611252573491223788,conl-kor-tri-2026-10-01-total-2pt5
33,omnibus-076daa,0x076daa87c4fe1a85402a9b6b8e0a866224388d4c,Will Norway win on 2026-10-01?,Yes,224.9107,0.5599,0.675,125.9497,151.8147,25.8649,20.5358,0x4777910ec678af46a0f50e3d1bb75d17e639c176dfd2880109ef1b3a9ee70c23,41046354085753268874258043449392127979274901716666479363917014314854654431103,unl-wal-nor-2026-10-01-nor
33,omnibus-076daa,0x076daa87c4fe1a85402a9b6b8e0a866224388d4c,Jets vs. Bears: O/U 43.5,Over,305.196,0.5099,0.495,155.6497,151.072,-4.5777,-2.941,0x3098f87b363c8c2f002a93049ccbcd2578c8db582c1bd669e04b4a4a849ebc87,16753613102612797251138965101498992797648924093390718883665187019243202392630,nfl-nyj-chi-2026-10-04-total-43pt5
33,omnibus-076daa,0x076daa87c4fe1a85402a9b6b8e0a866224388d4c,Map Handicap: NS (-1.5) vs XLG Gaming (+1.5),Nongshim RedForce,247.3859,0.5699,0.595,141.0097,147.1946,6.1848,4.386,0xb6469a3d62f8a802d97ae33cb46a9b10a14d86ebd36aa85c3cb7a7bc5ee594c7,74107636758883481590901818910784139629654303874669199071420564764065916957013,val-xlg-ns1-2026-10-01-map-handicap-home-1pt5
33,omnibus-076daa,0x076daa87c4fe1a85402a9b6b8e0a866224388d4c,Set Handicap: Learner Tien (-1.5) vs Hubert Hurkacz (+1.5),Hubert Hurkacz,195.6149,0.6206,0.75,121.3997,146.7112,25.3114,20.8496,0xd543a501a4ea55c7d588d13dc92cd06f07958742d8875c3514419b9f61d0e246,87141365892463687360032315363824053082223848075730122941021763869466213988142,atp-tien-hurkacz-2026-09-29-set-handicap-home-1pt5
33,omnibus-076daa,0x076daa87c4fe1a85402a9b6b8e0a866224388d4c,Will Scotland win on 2026-10-03?,No,321.2222,0.4499,0.455,144.5496,146.1561,1.6064,1.1113,0x46dc3f9dc91c4b8e9d7fab2be0216a0052b1f4b265b1265289fd6ee94caa84f0,61817201083637303350319156941600294930716521274494253017621744158416780867586,unl-mac-sco-2026-10-03-sco
33,omnibus-076daa,0x076daa87c4fe1a85402a9b6b8e0a866224388d4c,Jingshan: Yuta Shimizu vs Bernard Tomic,Yuta Shimizu,212.3171,0.4941,0.67,104.9197,142.2524,37.3326,35.582,0x104da8504024d06a2c9a73d1b3587a685304d659dc91cae6126e4c1a42ea30f0,91982935136510384393667753464923153886492548922868576966199199892131259117596,atp-shimizu-tomic-2026-09-30
33,omnibus-076daa,0x076daa87c4fe1a85402a9b6b8e0a866224388d4c,SHL: Skellefteå vs. Malmö,Malmö,550.1285,0.2572,0.255,141.5092,140.2827,-1.2265,-0.8667,0x6c78e06fd043ba471a25d6c3df47ff375fd76e1198a16054fa1bd5796e88fefe,93038311572404900535957598418343944078992322035295984330933109667799180841061,shl-ske-mal-2026-10-01
33,omnibus-076daa,0x076daa87c4fe1a85402a9b6b8e0a866224388d4c,Norway leading at halftime?,No,271.0,0.54,0.505,146.34,136.855,-9.485,-6.4814,0x65faf9a71b7e5398a8c0bb59bb5c0f32bb55f2dbbebeb500ad234da99ae36386,98729585059260837330038163426150136953076463624236999590398404622547306067986,unl-wal-nor-2026-10-01-halftime-result-away
33,omnibus-076daa,0x076daa87c4fe1a85402a9b6b8e0a866224388d4c,M25 Zaragoza: Alejandro Moro Canas vs Bruno Pujol Navarro,Alejandro Moro Canas,136.6021,0.9281,0.9995,126.7897,136.5338,9.744,7.6851,0x1222edbce374533a5f689db1a8ed4aac3d6f92beff3610eddde698122ca56ffc,4893413851227352094552486795035773465940857960854144168359739078220210201181,itf-canas1-navarr3-2026-10-01
33,omnibus-076daa,0x076daa87c4fe1a85402a9b6b8e0a866224388d4c,VfB Stuttgart vs. Greuther Furth: VfB Stuttgart O/U 2.5,Over,245.6071,0.5446,0.555,133.7795,136.3119,2.5323,1.8928,0xfe212031c8e30dcec9c9758dd4cab676ed680f16a55498ee8e4b7b45f489c565,22213658551810344536595000043029005379255665339447033362204911797881912708503,clf-vfb-sgf-2026-10-01-team-total-home-2pt5
33,omnibus-076daa,0x076daa87c4fe1a85402a9b6b8e0a866224388d4c,"M15 Ann Arbor, MI: Max Dahlin vs Alexander Bernard",Max Dahlin,158.4938,0.8099,0.835,128.3798,132.3423,3.9624,3.0864,0xe78c2ca666e137ce6bd727f11c1e84f25a297151a75671cb87319c7d094622d4,71320998772785195219339217440970599519652908516328312449477407622428778558946,itf-dahlin1-bernar3-2026-10-01
33,omnibus-076daa,0x076daa87c4fe1a85402a9b6b8e0a866224388d4c,PFC Slavia Sofia vs. PFC Levski Sofia: Both Teams to Score,Yes,139.0,0.4433,0.95,61.6299,132.05,70.42,114.2625,0x093a20bc77660e9bc29de0fcbd504ba0df3fbab80f375b4bf399e92bc7d70985,83730590333762346355093750408686028356404116912069968520864460625896260481944,bul-sla-lev-2026-08-15-btts
33,omnibus-076daa,0x076daa87c4fe1a85402a9b6b8e0a866224388d4c,Greece vs. Netherlands: O/U 2.5,Over,221.875,0.5599,0.585,124.2497,129.7968,5.547,4.4643,0x3bfe603e326ec765222767de184b7e4209e4deae25651621b853cfce055d3fa4,52882502550237272356124544574675148930989616183539963834629691051050449757113,unl-grc-nld-2026-10-01-total-2pt5
33,omnibus-076daa,0x076daa87c4fe1a85402a9b6b8e0a866224388d4c,Dota 2: MOUZ vs OG - Game 1 Winner,MOUZ,423.3125,0.32,0.305,135.46,129.1103,-6.3497,-4.6875,0x9ba652aa90f92fe18e991957d346445f3a7815ccde9eddc7cecb1ae7e2572aaf,95196908463606386396626670871087670869827856980594664454386296541741631872944,dota2-mouz-og-2026-10-01-game1
33,omnibus-076daa,0x076daa87c4fe1a85402a9b6b8e0a866224388d4c,Will Kazakhstan win on 2026-10-02?,Yes,241.0594,0.5824,0.525,140.4098,126.5562,-13.8536,-9.8665,0x63c684afea0c3b8add878c7b22b97e394899b761b5e9c88cfc2315b52d03d589,12972192351548347922927711827650672181408143040225454746312910645368603707427,unl-kaz-mol-2026-10-02-kaz
33,omnibus-076daa,0x076daa87c4fe1a85402a9b6b8e0a866224388d4c,Ferro Carril Oeste vs. Deportivo Madryn: Draw at halftime?,Yes,249.0892,0.5485,0.505,136.6298,125.79,-10.8398,-7.9336,0x9630a114b200459988c9a1e12cec185a5679fe010e25d25b5fbf99bfa1da1ac2,14817758135617863205557473824325947238438517498896857586536133179732214027690,argpn-fco-dma-2026-10-03-halftime-result-draw
33,omnibus-076daa,0x076daa87c4fe1a85402a9b6b8e0a866224388d4c,Germany vs. Serbia: Both Teams to Score,Yes,240.4615,0.5199,0.515,125.0397,123.8376,-1.2021,-0.9613,0x70dc7c1dbfc58ef779df5fa37ee4000be9726a5d69d36c1d0226ec76cddc6e04,101455242672718651374737221443540134362304776616387245727345752967137914930326,unl-ger-ser-2026-10-01-btts
33,omnibus-076daa,0x076daa87c4fe1a85402a9b6b8e0a866224388d4c,Bari: Pierluigi Basile vs Martin Krumich,Martin Krumich,204.1499,0.5999,0.605,122.4898,123.5107,1.0208,0.8333,0x23759673ac8c30a9ad665a175fc962279cfe811973d543e2d368931b87a3b74d,86420470010470251078337782181929124828683218362292589629144914135132327054270,atp-basile-krumich-2026-10-01
33,omnibus-076daa,0x076daa87c4fe1a85402a9b6b8e0a866224388d4c,W35 Baza: Laura Hietaranta vs Amandine Hesse,Amandine Hesse,123.5,0.6929,0.9995,85.5798,123.4382,37.8583,44.2374,0x4443eceed16d0d9cc0248a7c7a0424f0ea8063489365dc21458d51578fa38b05,110167158316559973500631993490818830268464143846195441865751255263554313877639,itf-hietar1-hesse1-2026-10-01
33,omnibus-076daa,0x076daa87c4fe1a85402a9b6b8e0a866224388d4c,Argentina vs. Burkina Faso: Both Teams to Score,Yes,307.0906,0.4163,0.4,127.8498,122.8362,-5.0136,-3.9214,0x666fbfbb2f68a72cc82c72ff9d19880885e3e55288b9096d48ab955a9c66ce58,90951788641079327909020076177090631487101996667659955082011615094137784839863,fif-arg-bur-2026-10-03-btts
33,omnibus-076daa,0x076daa87c4fe1a85402a9b6b8e0a866224388d4c,Porto 2: Daniel Rincon vs Laslo Djere,Daniel Rincon,132.7111,0.4499,0.925,59.7198,122.7577,63.0378,105.5558,0xa99c61e8060f20c6c90cfaaaae77389f0dfd076c1f95325bfc1f32fd6f790a86,78196635031415884513680613456380286466818525553329881756201779264228859858258,atp-rincon-djere-2026-09-30
33,omnibus-076daa,0x076daa87c4fe1a85402a9b6b8e0a866224388d4c,Will Malta win on 2026-10-04?,Yes,196.2082,0.5697,0.625,111.7885,122.6301,10.8415,9.6982,0xb662a3b139c10f88e514c81e2b21edd5682e55ccecb2f91d1a358b10ee3931b5,79699711674655971928893061399198976068165688874242146897144674409359653408535,unl-mal-and-2026-10-04-mal
33,omnibus-076daa,0x076daa87c4fe1a85402a9b6b8e0a866224388d4c,Will Malta win on 2026-10-01?,No,517.5833,0.2399,0.235,124.2194,121.632,-2.5874,-2.0829,0x0aa4ba309c77986079eb37a363ef69a727462c2c0a342debe0837c8b44f9c3ca,28518445705463612257903926109346007344798272505300514031163135367870190558561,unl-mal-gib-2026-10-01-mal
33,omnibus-076daa,0x076daa87c4fe1a85402a9b6b8e0a866224388d4c,Adana: Antonia Ruzic vs Teodora Kostovic,Antonia Ruzic,213.3728,0.5648,0.555,120.5196,118.4219,-2.0977,-1.7405,0x6f8bc02cefb8593fd7fb6a6ff2a0849f496408f9da6561b0ffa5b4f0d3b024d2,13727004295325200374514926846280705748021378236110538621461254753564033232696,wta-ruzic-kostovi-2026-10-02
33,omnibus-076daa,0x076daa87c4fe1a85402a9b6b8e0a866224388d4c,Rio Ave FC vs. CF Estrela da Amadora: O/U 8.5 Total Corners,Over,231.0,0.5387,0.5,124.4399,115.5,-8.9399,-7.1841,0xd83edb8b862548cdf7ed27dbb131d2b0aa4b1c1c6b37e808a915d42a1d4caf6a,12235205944529350174777083873950874928776850032322116293829503109629695875211,por-rio-ama-2026-09-14-corners-total-8pt5
33,omnibus-076daa,0x076daa87c4fe1a85402a9b6b8e0a866224388d4c,Game Handicap: BIG (-1.5) vs NightBirds (+1.5),NightBirds,208.8421,0.5699,0.55,119.0397,114.8631,-4.1766,-3.5085,0x45b30a19fab234da60470d82d7864713d6aa752dcc56ff32261dd3b4769b0334,30257010925019242542067363627625437856172431786320008595753777677131986766023,lol-big1-nbs-2026-10-01-game-handicap-away-1pt5
33,omnibus-076daa,0x076daa87c4fe1a85402a9b6b8e0a866224388d4c,Will Lebanon win on 2026-10-01?,No,1706.9811,0.0529,0.067,90.469,114.3677,23.8986,26.4163,0xf8440d94a6e3b54419496f8fd90555e1b6b9ae031df80e2eaf6625dda3200d89,42869806462794325567911805324002703922379119605068772317698440511856676743606,fif-mdv-lib-2026-10-01-lib
33,omnibus-076daa,0x076daa87c4fe1a85402a9b6b8e0a866224388d4c,Counter-Strike: B8 vs Luminosity - Map 2 Winner,Luminosity,253.9069,0.4299,0.45,109.1797,114.2581,5.0783,4.6513,0x2d993f9e241427ca5238e67d3894af92b858dcb604bfe8ee70b5644af7a63d4e,50670577204202247797149649322307431401089722839445349968127152994312913641725,cs2-b8-lg6-2026-10-01-game2
33,omnibus-076daa,0x076daa87c4fe1a85402a9b6b8e0a866224388d4c,Will Vancouver Whitecaps FC win on 2026-07-16?,Yes,272.6923,0.3899,0.41,106.3497,111.8038,5.454,5.1283,0xd73b81755d573d5abb591ab049ef6a5c535833296e8b1d3573558b6d12d686fe,30026910010903613852930198700590809139774628086528046541216582681733726427412,mls-chi-vwh-2026-07-16-vwh
33,omnibus-076daa,0x076daa87c4fe1a85402a9b6b8e0a866224388d4c,Denmark vs. Portugal: Portugal O/U 4.5 Corners,Over,204.0377,0.5299,0.545,108.1397,111.2005,3.0607,2.8303,0xc7e5c4f36c6eefbcc1e3ec5ef085d32712f2eab67c47e3a94d26f90ae2604850,13828106875118416730336252085123668960567717675852908625632595343666330174494,unl-den-prt-2026-10-01-corners-team-away-4pt5
33,omnibus-076daa,0x076daa87c4fe1a85402a9b6b8e0a866224388d4c,Will Curaçao win on 2026-10-01?,Yes,174.5084,0.5702,0.625,99.5197,109.0677,9.5479,9.5939,0x40d786841a6af1082b69841f8f4021a693049a82339eca885f26676065176439,33692381676101951696840942569499757757130972399938313070545827702411731229479,conl-kor-tri-2026-10-01-kor
33,omnibus-076daa,0x076daa87c4fe1a85402a9b6b8e0a866224388d4c,Will Azerbaijan vs. Liechtenstein end in a draw?,No,118.7061,0.8544,0.915,101.4298,108.6161,7.1862,7.0848,0x0912e812a80ef8feac92e7556e0ad7595e6447a90951b76ee033f75950132867,60480069738341242447574222462792740519581914184314702891203099404828073319587,unl-aze-lie-2026-10-01-draw
33,omnibus-076daa,0x076daa87c4fe1a85402a9b6b8e0a866224388d4c,Senators vs. Maple Leafs,Maple Leafs,196.8571,0.5599,0.535,110.2398,105.3185,-4.9213,-4.4641,0x76556dfaa75311f0fcb57970bdf10228b2e248913a89be0ecc9cf088f1784221,35388309068788901257579849643927222572669460883055057081629274227107739892931,nhl-ott-tor-2026-10-03
33,omnibus-076daa,0x076daa87c4fe1a85402a9b6b8e0a866224388d4c,Will Guinea win on 2026-10-01?,No,276.7619,0.4199,0.375,116.2397,103.7857,-12.454,-10.714,0x7fd9320b053a3fc06acef4c4421a897d8b1ac59e0d0bcb58eb61cc99a5ea486a,67716745806297992227108025674184997281781129101087138310474994183158447782350,afcq-gui-ken-2026-10-01-gui
33,omnibus-076daa,0x076daa87c4fe1a85402a9b6b8e0a866224388d4c,Counter-Strike: ABT Esports vs Falcons Force (BO1) - FOX Legacy Cup Group A,ABT Esports,102.6258,0.2338,0.9995,23.9998,102.5745,78.5746,327.3956,0x28286ca82b66febf77960a40036de26ea0ab00ca52b90d8c6662a842d6707944,1732473205080103895035240799250981844871307979065261198034007386499927646358,cs2-abt-fal-2026-10-01
33,omnibus-076daa,0x076daa87c4fe1a85402a9b6b8e0a866224388d4c,Will Buffalo Bills win the 2027 NFL AFC Championship?,Yes,451.6081,0.2183,0.225,98.6097,101.6118,3.002,3.0443,0x1448087be8edc764ad64ee2fa548936c272b191db62f46a60c1f4869ba9492fc,106487768339124011507155158820834250823920569360924683743558112609319841981391,will-buffalo-bills-win-the-2027-nfl-afc-championship-542
33,omnibus-076daa,0x076daa87c4fe1a85402a9b6b8e0a866224388d4c,Spread: Melbourne United (-7.5),Tasmania JackJumpers,101.5925,0.5399,0.9995,54.8598,101.5417,46.6818,85.0927,0x98a25851de2e79b1004632d9597cf8c9cbaad628ca33cee412a47cefbec6b505,98067368493307902307412353141758814087781837650632043671056948637268682301347,bknbl-tas-mel-2026-10-01-spread-away-7pt5
41,Kch-Temp,0x924379a79c64b77ad5816ad362122a5f6228658e,Steelers vs. Browns: O/U 38.5,Under,59726.54,0.5099,0.515,30460.4756,30759.1681,298.6924,0.9805,0x81ed885065c1e4e07c54de6d65c501b7ad1070ed26788b825c89306b3b9c9b72,31083245803568259280739341621101601236678683556052283864982896210597235536078,nfl-pit-cle-2026-10-02-total-38pt5
41,Kch-Temp,0x924379a79c64b77ad5816ad362122a5f6228658e,Japan Open Tennis Championships: Alejandro Davidovich Fokina vs Matteo Berrettini,Alejandro Davidovich Fokina,11965.0247,0.5799,0.0665,6939.6145,795.6741,-6143.9404,-88.5343,0x0f648bb2d7cc7b2e352034badac0426ebf9431273319c288165b90bf7f8408ba,14655830048586305806996257553030269567291393222009328980597394517665378447422,atp-fokina-berrett-2026-09-29
42,S-Works,0xee00ba338c59557141789b127927a55f5cc5cea1,Will JD Vance win the 2028 US Presidential Election?,No,2300007.4874,0.5,0.7925,1150003.7437,1822755.9338,672752.19,58.4999,0x7ad403c3508f8e3912940fd1a913f227591145ca0614074208e0b962d5fcc422,94476829201604408463453426454480212459887267917122244941405244686637914508323,will-jd-vance-win-the-2028-us-presidential-election
42,S-Works,0xee00ba338c59557141789b127927a55f5cc5cea1,Will JD Vance win the 2028 US Presidential Election?,Yes,2299999.0,0.5,0.2075,1149999.5,477249.7925,-672749.7075,-58.5,0x7ad403c3508f8e3912940fd1a913f227591145ca0614074208e0b962d5fcc422,16040015440196279900485035793550429453516625694844857319147506590755961451627,will-jd-vance-win-the-2028-us-presidential-election
46,jtwyslljy,0x9cb990f1862568a63d8601efeebe0304225c32f2,Japan Open Tennis Championships: Alejandro Davidovich Fokina vs Matteo Berrettini,Matteo Berrettini,999.5237,0.2272,0.9335,227.1628,933.0554,705.8925,310.7429,0x0f648bb2d7cc7b2e352034badac0426ebf9431273319c288165b90bf7f8408ba,64365068040398058160791036986338416008905649601734152503852862347134683074643,atp-fokina-berrett-2026-09-29
47,CandleHammerDrums,0x7c1ee865a785de4c00ee90ed86a38489fb8bbab3,Japan Open Tennis Championships: Adolfo Vallejo vs Rafael Jodar,Adolfo Vallejo,8725.258,0.8088,0.9995,7057.2155,8720.8953,1663.6797,23.5741,0x1b933b0bcaead2eccb4a93d49a350ca06ee80b44cb71f32d7374eec542449d44,108553296642379646337244237709319228026828843258900877411121078572066741163887,atp-vallejo-jodar-2026-09-30
47,CandleHammerDrums,0x7c1ee865a785de4c00ee90ed86a38489fb8bbab3,China Open: Lanlana Tararudee vs Camila Osorio,Camila Osorio,7020.506,0.5778,0.665,4056.4905,4668.6365,612.1459,15.0905,0xf17a2fff26a8cf860bfc282303f19dd38fca0b72b3a40e2c812784f17829aade,26310563464567392112795925736176330028313659221872321178540951207953220254654,wta-tararud-osorio-2026-09-29
47,CandleHammerDrums,0x7c1ee865a785de4c00ee90ed86a38489fb8bbab3,Adana: Lois Boisson vs Anna Blinkova,Lois Boisson,2250.0,0.78,0.9995,1755.0,2248.875,493.875,28.141,0x4ed442775033e05dc3ce0b4e3b46f88b44ad8b5607bcb1c35910ecde87df815e,102112717955066993172567477639716668998888804634581613504966835399529067531721,wta-boisson-blinkov-2026-10-01
47,CandleHammerDrums,0x7c1ee865a785de4c00ee90ed86a38489fb8bbab3,Porto 2: Toby Samuel vs Jerome Kym,Jerome Kym,1786.7846,0.6855,0.9995,1224.9373,1785.8912,560.9538,45.7944,0xe3f7db2beed19bdf89409d5a762aa8fe608f0b98c9d967a168fcdea6abdc5fd1,31667304248344584976750544384029880594204699540658089753471659644475749175715,atp-samuel-kym-2026-09-30
47,CandleHammerDrums,0x7c1ee865a785de4c00ee90ed86a38489fb8bbab3,Jingshan: Yuta Shimizu vs Bernard Tomic,Yuta Shimizu,2250.3396,0.3409,0.67,767.3249,1507.7275,740.4025,96.4913,0x104da8504024d06a2c9a73d1b3587a685304d659dc91cae6126e4c1a42ea30f0,91982935136510384393667753464923153886492548922868576966199199892131259117596,atp-shimizu-tomic-2026-09-30
47,CandleHammerDrums,0x7c1ee865a785de4c00ee90ed86a38489fb8bbab3,China Open: Learner Tien vs Hubert Hurkacz,Learner Tien,2632.06,0.434,0.515,1142.3281,1355.5109,213.1827,18.6621,0x2ae7702fee68275f49d3a0daec399bc625e125d8798b9fe1d16249e940f1e7a6,52820446692118262441927660702865954334641437719601141865508282235877235126020,atp-tien-hurkacz-2026-09-29
47,CandleHammerDrums,0x7c1ee865a785de4c00ee90ed86a38489fb8bbab3,China Open: Lanlana Tararudee vs Camila Osorio,Lanlana Tararudee,3937.6999,0.2856,0.335,1124.8315,1319.1294,194.2978,17.2735,0xf17a2fff26a8cf860bfc282303f19dd38fca0b72b3a40e2c812784f17829aade,40285198887360862085985303145460256719152838025144430947429347635280165575875,wta-tararud-osorio-2026-09-29
47,CandleHammerDrums,0x7c1ee865a785de4c00ee90ed86a38489fb8bbab3,China Open: Learner Tien vs Hubert Hurkacz,Hubert Hurkacz,2631.5842,0.6172,0.485,1624.2559,1276.3183,-347.9376,-21.4213,0x2ae7702fee68275f49d3a0daec399bc625e125d8798b9fe1d16249e940f1e7a6,96745061272831644407495458252931317334899900596826219062965675717462868518102,atp-tien-hurkacz-2026-09-29
47,CandleHammerDrums,0x7c1ee865a785de4c00ee90ed86a38489fb8bbab3,Japan Open Tennis Championships: Alejandro Davidovich Fokina vs Matteo Berrettini,Matteo Berrettini,1206.7,0.2476,0.9335,298.873,1126.4544,827.5813,276.9006,0x0f648bb2d7cc7b2e352034badac0426ebf9431273319c288165b90bf7f8408ba,64365068040398058160791036986338416008905649601734152503852862347134683074643,atp-fokina-berrett-2026-09-29
47,CandleHammerDrums,0x7c1ee865a785de4c00ee90ed86a38489fb8bbab3,Jingshan: Yuta Shimizu vs Bernard Tomic,Bernard Tomic,2906.8518,0.3624,0.33,1053.5622,959.2611,-94.3011,-8.9506,0x104da8504024d06a2c9a73d1b3587a685304d659dc91cae6126e4c1a42ea30f0,48858864027115877029218405644049595496819527439964398458621678787285208494399,atp-shimizu-tomic-2026-09-30
47,CandleHammerDrums,0x7c1ee865a785de4c00ee90ed86a38489fb8bbab3,Bari: Laurent Lokoli vs Samuele Pieri,Samuele Pieri,1251.1739,0.7074,0.755,885.1792,944.6362,59.4569,6.7169,0xe99170bc08aac3fcb55d833538f8fbd76c1f7304b5dc59b4b9300211cbec5ef3,37286425550736773045910094479046264711311001238054884941383625406609112643303,atp-lokoli-pieri-2026-10-01
47,CandleHammerDrums,0x7c1ee865a785de4c00ee90ed86a38489fb8bbab3,China Open: Eva Lys vs Xinran Sun,Xinran Sun,755.0,0.638,0.96,481.6995,724.8,243.1004,50.4672,0xa8b5a3ae5f2e431a096bbbe61d85fc6be77f4f066356f0021f5b11677eb38d61,64224374825389027352146042127263142130815456134484771637577268516328971585393,wta-lys-su-2026-09-29
47,CandleHammerDrums,0x7c1ee865a785de4c00ee90ed86a38489fb8bbab3,Bari: Laurent Lokoli vs Samuele Pieri,Laurent Lokoli,1702.4696,0.3708,0.245,631.2808,417.105,-214.1758,-33.9271,0xe99170bc08aac3fcb55d833538f8fbd76c1f7304b5dc59b4b9300211cbec5ef3,91765596956059736225378077405674787213886983133914955168288155955715133478345,atp-lokoli-pieri-2026-10-01
47,CandleHammerDrums,0x7c1ee865a785de4c00ee90ed86a38489fb8bbab3,China Open: Tallon Griekspoor vs Andrey Rublev,Andrey Rublev,750.0,0.88,0.555,660.0,416.25,-243.75,-36.9318,0x4eebd88cccc89a552f88ae48002d1ad235a379f9508a698bb49b8d43c83a19a2,97451264791693344899052002027507277437984700717099565200211878960651518779102,atp-grieksp-rublev-2026-09-29
47,CandleHammerDrums,0x7c1ee865a785de4c00ee90ed86a38489fb8bbab3,Jingshan: Alex Bolt vs Evan Zhu,Alex Bolt,445.1673,0.6074,0.665,270.4004,296.0363,25.6358,9.4806,0xb21933431837d8cba64c38340a6478301910433cd6b0afb1e5711cd1e4d1fc73,9975910158046705341966234163189257343093806083768955481272636368314096225187,atp-bolt-zh-2026-09-30
47,CandleHammerDrums,0x7c1ee865a785de4c00ee90ed86a38489fb8bbab3,W35 Baza: Laura Hietaranta vs Amandine Hesse,Amandine Hesse,292.4117,0.8668,0.9995,253.4815,292.2655,38.7839,15.3004,0x4443eceed16d0d9cc0248a7c7a0424f0ea8063489365dc21458d51578fa38b05,110167158316559973500631993490818830268464143846195441865751255263554313877639,itf-hietar1-hesse1-2026-10-01
47,CandleHammerDrums,0x7c1ee865a785de4c00ee90ed86a38489fb8bbab3,M15 Sibenik: Jakub Nicod vs Samuele Seghetti,Jakub Nicod,300.0,0.6649,0.505,199.4997,151.5,-47.9997,-24.06,0x9a30b5bf5240b5c57c3a27a5c97efae7b45393b80c4f2a26ff0c510613802111,114641214292936358018430337598818821840566665643366491691325939543466752527551,itf-nicod1-seghet1-2026-10-01
47,CandleHammerDrums,0x7c1ee865a785de4c00ee90ed86a38489fb8bbab3,W35 Reims: Lian Tran vs Diana Martynov,Diana Martynov,120.0,0.55,0.9995,66.0,119.94,53.94,81.7272,0x7fd5011238a3e63fdc56c1cf87a49804097eb46ded4442f33e587444e4119a7b,76046892820545286862714764054561117930104729713244209100736835862707985224786,itf-tran2-martyn1-2026-10-01
47,CandleHammerDrums,0x7c1ee865a785de4c00ee90ed86a38489fb8bbab3,China Open: Eva Lys vs Xinran Sun,Eva Lys,2951.4633,0.2265,0.04,668.5418,118.0585,-550.4833,-82.3408,0xa8b5a3ae5f2e431a096bbbe61d85fc6be77f4f066356f0021f5b11677eb38d61,75066724430659103085655857855584650542118338535500250010088761342160340280798,wta-lys-su-2026-09-29
